"Id","Path","Slice Name","Alias(s)","Label","Min","Max","Must Support?","Is Modifier?","Is Summary?","Type(s)","Short","Definition","Comments","Requirements","Default Value","Meaning When Missing","Fixed Value","Pattern","Example","Minimum Value","Maximum Value","Maximum Length","Binding Strength","Binding Description","Binding Value Set","Code","Slicing Discriminator","Slicing Description","Slicing Ordered","Slicing Rules","Base Path","Base Min","Base Max","Condition(s)","Constraint(s)","Mapping: Workflow Pattern","Mapping: SNOMED CT Concept Domain Binding","Mapping: HL7 v2 Mapping","Mapping: RIM Mapping","Mapping: FiveWs Pattern Mapping","Mapping: SNOMED CT Attribute Binding"
"Observation","Observation","","Vital Signs
MeasurementResultsTests","",0,*,"","","","null {[]} {[]}
","Measurements and simple assertions","Measurements and simple assertions made about a patient, device or other subject.","Used for simple observations such as device measurements, laboratory atomic results, vital signs, height, weight, smoking status, comments, etc.  Other resources are used to provide context for observations such as laboratory reports, etc.","","","","","","","","",,,,,"",,,,"Observation",0,*,"","dom-2:If the resource is contained in another resource, it SHALL NOT contain nested Resources {contained.contained.empty()}
dom-3:If the resource is contained in another resource, it SHALL be referred to from elsewhere in the resource or SHALL refer to the containing resource {contained.where((('#'+id in (%resource.descendants().reference | %resource.descendants().as(canonical) | %resource.descendants().as(uri) | %resource.descendants().as(url))) or descendants().where(reference = '#').exists() or descendants().where(as(canonical) = '#').exists() or descendants().where(as(canonical) = '#').exists()).not()).trace('unmatched', id).empty()}dom-4:If a resource is contained in another resource, it SHALL NOT have a meta.versionId or a meta.lastUpdated {contained.meta.versionId.empty() and contained.meta.lastUpdated.empty()}dom-5:If a resource is contained in another resource, it SHALL NOT have a security label {contained.meta.security.empty()}dom-6:A resource should have narrative for robust management {text.`div`.exists()}obs-6:dataAbsentReason SHALL only be present if Observation.value[x] is not present {dataAbsentReason.empty() or value.empty()}obs-7:If Observation.code is the same as an Observation.component.code then the value element associated with the code SHALL NOT be present {value.empty() or component.code.where(coding.intersect(%resource.code.coding).exists()).empty()}","Event","< 363787002 |Observable entity|","OBX","Entity. Role, or Act","Observation[classCode=OBS, moodCode=EVN]"
"Observation.id","Observation.id","","","",0,1,"","","Y","id {[]} {[]}
","Logical id of this artifact","The logical id of the resource, as used in the URL for the resource. Once assigned, this value never changes.","The only time that a resource does not have an id is when it is being submitted to the server using a create operation.","","","","","","","","",,,,,"",,,,"Resource.id",0,1,"",""
"Observation.meta","Observation.meta","","","",0,1,"","","Y","Meta {[]} {[]}
","Metadata about the resource","The metadata about the resource. This is content that is maintained by the infrastructure. Changes to the content might not always be associated with version changes to the resource.","","","","","","","","","",,,,,"",,,,"Resource.meta",0,1,"","ele-1:All FHIR elements must have a @value or children {hasValue() or (children().count() > id.count())}
"
"Observation.implicitRules","Observation.implicitRules","","","",0,1,"","Y","Y","uri {[]} {[]}
","A set of rules under which this content was created","A reference to a set of rules that were followed when the resource was constructed, and which must be understood when processing the content. Often, this is a reference to an implementation guide that defines the special rules along with other profiles etc.","Asserting this rule set restricts the content to be only understood by a limited set of trading partners. This inherently limits the usefulness of the data in the long term. However, the existing health eco-system is highly fractured, and not yet ready to define, collect, and exchange data in a generally computable sense. Wherever possible, implementers and/or specification writers should avoid using this element. Often, when used, the URL is a reference to an implementation guide that defines these special rules as part of it's narrative along with other profiles, value sets, etc.","","","","","","","","",,,,,"",,,,"Resource.implicitRules",0,1,"","ele-1:All FHIR elements must have a @value or children {hasValue() or (children().count() > id.count())}
"
"Observation.language","Observation.language","","","",0,1,"","","","code {[]} {[]}
","Language of the resource content","The base language in which the resource is written.","Language is provided to support indexing and accessibility (typically, services such as text to speech use the language tag). The html language tag in the narrative applies  to the narrative. The language tag on the resource may be used to specify the language of other presentations generated from the data in the resource. Not all the content has to be in the base language. The Resource.language should not be assumed to apply to the narrative automatically. If a language is specified, it should it also be specified on the div element in the html (see rules in HTML5 for information about the relationship between xml:lang and the html lang attribute).","","","","","","","","",,"preferred","A human language.","http://hl7.org/fhir/ValueSet/languages|4.0.1","",,,,"Resource.language",0,1,"","ele-1:All FHIR elements must have a @value or children {hasValue() or (children().count() > id.count())}
"
"Observation.text","Observation.text","","narrative
htmlxhtmldisplay","",0,1,"","","","Narrative {[]} {[]}
","Text summary of the resource, for human interpretation","A human-readable narrative that contains a summary of the resource and can be used to represent the content of the resource to a human. The narrative need not encode all the structured data, but is required to contain sufficient detail to make it ""clinically safe"" for a human to just read the narrative. Resource definitions may define what content should be represented in the narrative to ensure clinical safety.","Contained resources do not have narrative. Resources that are not contained SHOULD have a narrative. In some cases, a resource may only have text with little or no additional discrete data (as long as all minOccurs=1 elements are satisfied).  This may be necessary for data from legacy systems where information is captured as a ""text blob"" or where text is additionally entered raw or narrated and encoded information is added later.","","","","","","","","",,,,,"",,,,"DomainResource.text",0,1,"","ele-1:All FHIR elements must have a @value or children {hasValue() or (children().count() > id.count())}
","Act.text?"
"Observation.contained","Observation.contained","","inline resources
anonymous resourcescontained resources","",0,*,"","","","Resource {[]} {[]}
","Contained, inline Resources","These resources do not have an independent existence apart from the resource that contains them - they cannot be identified independently, and nor can they have their own independent transaction scope.","This should never be done when the content can be identified properly, as once identification is lost, it is extremely difficult (and context dependent) to restore it again. Contained resources may have profiles and tags In their meta elements, but SHALL NOT have security labels.","","","","","","","","",,,,,"",,,,"DomainResource.contained",0,*,"","","N/A"
"Observation.extension","Observation.extension","","extensions
user content","",0,*,"","","","Extension {[]} {[]}
","Additional content defined by implementations","May be used to represent additional information that is not part of the basic definition of the resource. To make the use of extensions safe and manageable, there is a strict set of governance  applied to the definition and use of extensions. Though any implementer can define an extension, there is a set of requirements that SHALL be met as part of the definition of the extension.","There can be no stigma associated with the use of extensions by any application, project, or standard - regardless of the institution or jurisdiction that uses or defines the extensions.  The use of extensions is what allows the FHIR specification to retain a core level of simplicity for everyone.","","","","","","","","",,,,,"",,,,"DomainResource.extension",0,*,"","ele-1:All FHIR elements must have a @value or children {hasValue() or (children().count() > id.count())}
ext-1:Must have either extensions or value[x], not both {extension.exists() != value.exists()}","N/A"
"Observation.modifierExtension","Observation.modifierExtension","","extensions
user content","",0,*,"","Y","","Extension {[]} {[]}
","Extensions that cannot be ignored","May be used to represent additional information that is not part of the basic definition of the resource and that modifies the understanding of the element that contains it and/or the understanding of the containing element's descendants. Usually modifier elements provide negation or qualification. To make the use of extensions safe and manageable, there is a strict set of governance applied to the definition and use of extensions. Though any implementer is allowed to define an extension, there is a set of requirements that SHALL be met as part of the definition of the extension. Applications processing a resource are required to check for modifier extensions.

Modifier extensions SHALL NOT change the meaning of any elements on Resource or DomainResource (including cannot change the meaning of modifierExtension itself).","There can be no stigma associated with the use of extensions by any application, project, or standard - regardless of the institution or jurisdiction that uses or defines the extensions.  The use of extensions is what allows the FHIR specification to retain a core level of simplicity for everyone.","Modifier extensions allow for extensions that *cannot* be safely ignored to be clearly distinguished from the vast majority of extensions which can be safely ignored.  This promotes interoperability by eliminating the need for implementers to prohibit the presence of extensions. For further information, see the [definition of modifier extensions](http://hl7.org/fhir/R4/extensibility.html#modifierExtension).","","","","","","","",,,,,"",,,,"DomainResource.modifierExtension",0,*,"","ele-1:All FHIR elements must have a @value or children {hasValue() or (children().count() > id.count())}
ext-1:Must have either extensions or value[x], not both {extension.exists() != value.exists()}","N/A"
"Observation.identifier","Observation.identifier","","","",0,1,"","","Y","Identifier {[]} {[]}
","Business Identifier for observation","Berisi satu atau lebih daftar data mengenai ID internal faskes untuk observasi. Ini adalah ID resmi yang diterbitkan oleh faskes untuk menandai hasil observasi pasien, yang setiap datanya direpresentasikan dengan tipe data Identifier.","","Allows observations to be distinguished and referenced.","","","","","","","",,,,,"",,,,"Observation.identifier",0,*,"","ele-1:All FHIR elements must have a @value or children {hasValue() or (children().count() > id.count())}
","Event.identifier","OBX.21  For OBX segments from systems without OBX-21 support a combination of ORC/OBR and OBX must be negotiated between trading partners to uniquely identify the OBX segment. Depending on how V2 has been implemented each of these may be an option: 1) OBR-3 + OBX-3 + OBX-4 or 2) OBR-3 + OBR-4 + OBX-3 + OBX-4 or 2) some other way to uniquely ID the OBR/ORC + OBX-3 + OBX-4.","id","FiveWs.identifier"
"Observation.basedOn","Observation.basedOn","","Fulfills
","",0,1,"","","Y","Reference {[]} {[CanonicalType[http://hl7.org/fhir/StructureDefinition/CarePlan|4.0.1], CanonicalType[http://hl7.org/fhir/StructureDefinition/DeviceRequest|4.0.1], CanonicalType[http://hl7.org/fhir/StructureDefinition/ImmunizationRecommendation|4.0.1], CanonicalType[http://hl7.org/fhir/StructureDefinition/MedicationRequest|4.0.1], CanonicalType[http://hl7.org/fhir/StructureDefinition/NutritionOrder|4.0.1], CanonicalType[http://hl7.org/fhir/StructureDefinition/ServiceRequest|4.0.1]]}
","Fulfills plan, proposal or order","Berisi data suatu rencana, proposal atau permintaan yang dipenuhi oleh observasi dengan tipe data Reference, yang direferensikan ke data yang tersimpan di resource CarePlan | DeviceRequest | ImmunizationRecommendation | MedicationRequest | NutritionOrder | ServiceRequest.","","Allows tracing of authorization for the event and tracking whether proposals/recommendations were acted upon.","","","","","","","",,,,,"",,,,"Observation.basedOn",0,*,"","ele-1:All FHIR elements must have a @value or children {hasValue() or (children().count() > id.count())}
","Event.basedOn","ORC",".inboundRelationship[typeCode=COMP].source[moodCode=EVN]"
"Observation.partOf","Observation.partOf","","Container
","",0,1,"","","Y","Reference {[]} {[CanonicalType[http://hl7.org/fhir/StructureDefinition/MedicationAdministration|4.0.1], CanonicalType[http://hl7.org/fhir/StructureDefinition/MedicationDispense|4.0.1], CanonicalType[http://hl7.org/fhir/StructureDefinition/MedicationStatement|4.0.1], CanonicalType[http://hl7.org/fhir/StructureDefinition/Procedure|4.0.1], CanonicalType[http://hl7.org/fhir/StructureDefinition/Immunization|4.0.1], CanonicalType[http://hl7.org/fhir/StructureDefinition/ImagingStudy|4.0.1]]}
","Part of referenced event","Berisi data observasi bagian dari proses yang lebih besar dengan tipe data Reference, yang direferensikan ke data yang tersimpan di resource MedicationAdministration | MedicationDispense | MedicationStatement | Procedure | Immunization | ImagingStudy.","To link an Observation to an Encounter use `encounter`.  See the  [Notes](http://hl7.org/fhir/R4/observation.html#obsgrouping) below for guidance on referencing another Observation.","","","","","","","","",,,,,"",,,,"Observation.partOf",0,*,"","ele-1:All FHIR elements must have a @value or children {hasValue() or (children().count() > id.count())}
","Event.partOf","Varies by domain",".outboundRelationship[typeCode=FLFS].target"
"Observation.status","Observation.status","","","",1,1,"","Y","Y","code {[]} {[]}
","registered | preliminary | final | amended +","Berisi data mengenai status dari hasil observasi dengan tipe data code yang nilainya mengacu pada data terminologi ObservationStatus.","This element is labeled as a modifier because the status contains codes that mark the resource as not currently valid.","Need to track the status of individual results. Some results are finalized before the whole report is finalized.","","","","","","","",,"required","Codes providing the status of an observation.","http://hl7.org/fhir/ValueSet/observation-status|4.0.1","",,,,"Observation.status",1,1,"","ele-1:All FHIR elements must have a @value or children {hasValue() or (children().count() > id.count())}
","Event.status","< 445584004 |Report by finality status|","OBX-11","status  Amended & Final are differentiated by whether it is the subject of a ControlAct event with a type of ""revise""","FiveWs.status"
"Observation.category","Observation.category","","","",0,1,"","","","CodeableConcept {[]} {[]}
","Classification of  type of observation","Berisi kode yang mengklasifikasikan jenis observasi yang dilakukan dengan tipe data CodeableConcept.","In addition to the required category valueset, this element allows various categorization schemes based on the owner’s definition of the category and effectively multiple categories can be used at once.  The level of granularity is defined by the category concepts in the value set.","Used for filtering what observations are retrieved and displayed.","","","","","","","",,"preferred","Codes for high level observation categories.","http://hl7.org/fhir/ValueSet/observation-category|4.0.1","",,,,"Observation.category",0,*,"","ele-1:All FHIR elements must have a @value or children {hasValue() or (children().count() > id.count())}
",".outboundRelationship[typeCode=""COMP].target[classCode=""LIST"", moodCode=""EVN""].code","FiveWs.class"
"Observation.code","Observation.code","","Name
","",1,1,"","","Y","CodeableConcept {[]} {[]}
","Type of observation (code / type)","Berisi kode observasi dengan tipe data CodeableConcept.","*All* code-value and, if present, component.code-component.value pairs need to be taken into account to correctly understand the meaning of the observation.","Knowing what kind of observation is being made is essential to understanding the observation.","","","","","","","",,"example","Codes identifying names of simple observations.","http://hl7.org/fhir/ValueSet/observation-codes|4.0.1","",,,,"Observation.code",1,1,"","ele-1:All FHIR elements must have a @value or children {hasValue() or (children().count() > id.count())}
","Event.code","< 363787002 |Observable entity| OR < 386053000 |Evaluation procedure|","OBX-3","code","FiveWs.what[x]","116680003 |Is a|"
"Observation.subject","Observation.subject","","","",1,1,"","","Y","Reference {[]} {[CanonicalType[http://hl7.org/fhir/StructureDefinition/Patient|4.0.1], CanonicalType[http://hl7.org/fhir/StructureDefinition/Group|4.0.1], CanonicalType[http://hl7.org/fhir/StructureDefinition/Device|4.0.1], CanonicalType[http://hl7.org/fhir/StructureDefinition/Location|4.0.1]]}
","Who and/or what the observation is about","Berisi data pasien yang memiliki hasil observasi dengan tipe data Reference, yang direferensikan ke data yang tersimpan di resource Patient | Group | Device | Location.","One would expect this element to be a cardinality of 1..1. The only circumstance in which the subject can be missing is when the observation is made by a device that does not know the patient. In this case, the observation SHALL be matched to a patient through some context/channel matching technique, and at this point, the observation should be updated.","Observations have no value if you don't know who or what they're about.","","","","","","","",,,,,"",,,,"Observation.subject",0,1,"","ele-1:All FHIR elements must have a @value or children {hasValue() or (children().count() > id.count())}
","Event.subject","PID-3","participation[typeCode=RTGT]","FiveWs.subject[x]","FiveWs.subject"
"Observation.focus","Observation.focus","","","",0,1,"","","Y","Reference {[]} {[CanonicalType[http://hl7.org/fhir/StructureDefinition/Resource|4.0.1]]}
","What the observation is about, when it is not about the subject of record","Berisi data mengenai fokus sebenarnya dari suatu observasi bila bukan terkait catatan observasi seorang pasien dengan tipe data Reference yang direferensikan ke resource yang terkait sesuai dengan kasus yang ada.","Typically, an observation is made about the subject - a patient, or group of patients, location, or device - and the distinction between the subject and what is directly measured for an observation is specified in the observation code itself ( e.g., ""Blood Glucose"") and does not need to be represented separately using this element.  Use `specimen` if a reference to a specimen is required.  If a code is required instead of a resource use either  `bodysite` for bodysites or the standard extension [focusCode](http://hl7.org/fhir/R4/extension-observation-focuscode.html).","","","","","","","","",,,,,"",,,,"Observation.focus",0,*,"","ele-1:All FHIR elements must have a @value or children {hasValue() or (children().count() > id.count())}
","OBX-3","participation[typeCode=SBJ]","FiveWs.subject[x]","FiveWs.subject"
"Observation.encounter","Observation.encounter","","Context
","",1,1,"","","Y","Reference {[]} {[CanonicalType[http://hl7.org/fhir/StructureDefinition/Encounter|4.0.1]]}
","Healthcare event during which this observation is made","Berisi data kunjungan di mana hasil observasi didapatkan dengan tipe data Reference, yang direferensikan ke data yang tersimpan di resource Encounter di mana observasi ini dibuat.","This will typically be the encounter the event occurred within, but some events may be initiated prior to or after the official completion of an encounter but still be tied to the context of the encounter (e.g. pre-admission laboratory tests).","For some observations it may be important to know the link between an observation and a particular encounter.","","","","","","","",,,,,"",,,,"Observation.encounter",0,1,"","ele-1:All FHIR elements must have a @value or children {hasValue() or (children().count() > id.count())}
","Event.context","PV1","inboundRelationship[typeCode=COMP].source[classCode=ENC, moodCode=EVN]","FiveWs.context"
"Observation.effective[x]","Observation.effective[x]","","Occurrence
","",0,1,"","","Y","dateTime {[]} {[]}
Period {[]} {[]}Timing {[]} {[]}instant {[]} {[]}","Clinically relevant time/time-period for observation","Berisi data mengenai waktu/periode atau waktu yang relevan secara klinis untuk observasi.","At least a date should be present unless this observation is a historical report.  For recording imprecise or ""fuzzy"" times (For example, a blood glucose measurement taken ""after breakfast"") use the [Timing](http://hl7.org/fhir/R4/datatypes.html#timing) datatype which allow the measurement to be tied to regular life events.","Knowing when an observation was deemed true is important to its relevance as well as determining trends.","","","","","","","",,,,,"","type:$this}
","",,"closed","Observation.effective[x]",0,1,"","ele-1:All FHIR elements must have a @value or children {hasValue() or (children().count() > id.count())}
","Event.occurrence[x]","OBX-14, and/or OBX-19 after v2.4  (depends on who observation made)","effectiveTime","FiveWs.done[x]"
"Observation.effective[x]:effectiveDateTime","Observation.effective[x]","effectiveDateTime","Occurrence
","",0,1,"","","Y","dateTime {[]} {[]}
","Clinically relevant time/time-period for observation","Berisi data mengenai kapan observasi dilakukan dengan tipe data dateTime, dengan format yang diperbolehkan YYYY, YYYY-MM, YYYY-MM-DD atau YYYY-MM-DDThh:mm:ss+zz:zz.","At least a date should be present unless this observation is a historical report.  For recording imprecise or ""fuzzy"" times (For example, a blood glucose measurement taken ""after breakfast"") use the [Timing](http://hl7.org/fhir/R4/datatypes.html#timing) datatype which allow the measurement to be tied to regular life events.","Knowing when an observation was deemed true is important to its relevance as well as determining trends.","","","","","","","",,,,,"",,,,"Observation.effective[x]",0,1,"","ele-1:All FHIR elements must have a @value or children {hasValue() or (children().count() > id.count())}
","Event.occurrence[x]","OBX-14, and/or OBX-19 after v2.4  (depends on who observation made)","effectiveTime","FiveWs.done[x]"
"Observation.effective[x]:effectivePeriod","Observation.effective[x]","effectivePeriod","Occurrence
","",0,1,"","","Y","Period {[]} {[]}
","Clinically relevant time/time-period for observation","Berisi data waktu dari observasi dimulai sampai selesai (arrived to finished) dengan tipe data Period.","At least a date should be present unless this observation is a historical report.  For recording imprecise or ""fuzzy"" times (For example, a blood glucose measurement taken ""after breakfast"") use the [Timing](http://hl7.org/fhir/R4/datatypes.html#timing) datatype which allow the measurement to be tied to regular life events.","Knowing when an observation was deemed true is important to its relevance as well as determining trends.","","","","","","","",,,,,"",,,,"Observation.effective[x]",0,1,"","ele-1:All FHIR elements must have a @value or children {hasValue() or (children().count() > id.count())}
","Event.occurrence[x]","OBX-14, and/or OBX-19 after v2.4  (depends on who observation made)","effectiveTime","FiveWs.done[x]"
"Observation.effective[x]:effectiveTiming","Observation.effective[x]","effectiveTiming","Occurrence
","",0,1,"","","Y","Timing {[]} {[]}
","Clinically relevant time/time-period for observation","Berisi data kapan observasi dilakukan dengan tipe data Timing.","At least a date should be present unless this observation is a historical report.  For recording imprecise or ""fuzzy"" times (For example, a blood glucose measurement taken ""after breakfast"") use the [Timing](http://hl7.org/fhir/R4/datatypes.html#timing) datatype which allow the measurement to be tied to regular life events.","Knowing when an observation was deemed true is important to its relevance as well as determining trends.","","","","","","","",,,,,"",,,,"Observation.effective[x]",0,1,"","ele-1:All FHIR elements must have a @value or children {hasValue() or (children().count() > id.count())}
","Event.occurrence[x]","OBX-14, and/or OBX-19 after v2.4  (depends on who observation made)","effectiveTime","FiveWs.done[x]"
"Observation.effective[x]:effectiveInstant","Observation.effective[x]","effectiveInstant","Occurrence
","",0,1,"","","Y","instant {[]} {[]}
","Clinically relevant time/time-period for observation","Berisi data tanggal dan waktu observasi tersedia, biasanya setelah hasilnya ditinjau/direview dan diverifikasi dengan tipe data instant.","At least a date should be present unless this observation is a historical report.  For recording imprecise or ""fuzzy"" times (For example, a blood glucose measurement taken ""after breakfast"") use the [Timing](http://hl7.org/fhir/R4/datatypes.html#timing) datatype which allow the measurement to be tied to regular life events.","Knowing when an observation was deemed true is important to its relevance as well as determining trends.","","","","","","","",,,,,"",,,,"Observation.effective[x]",0,1,"","ele-1:All FHIR elements must have a @value or children {hasValue() or (children().count() > id.count())}
","Event.occurrence[x]","OBX-14, and/or OBX-19 after v2.4  (depends on who observation made)","effectiveTime","FiveWs.done[x]"
"Observation.issued","Observation.issued","","","",0,1,"","","Y","instant {[]} {[]}
","Date/Time this version was made available","Berisi data tanggal dan waktu versi observasi ini tersedia, biasanya setelah hasilnya ditinjau/direview dan diverifikasi dengan tipe data instant, dalam format YYYY-MM-DDThh:mm:ss.sss+zz:zz.","For Observations that don’t require review and verification, it may be the same as the [`lastUpdated` ](http://hl7.org/fhir/R4/resource-definitions.html#Meta.lastUpdated) time of the resource itself.  For Observations that do require review and verification for certain updates, it might not be the same as the `lastUpdated` time of the resource itself due to a non-clinically significant update that doesn’t require the new version to be reviewed and verified again.","","","","","","","","",,,,,"",,,,"Observation.issued",0,1,"","ele-1:All FHIR elements must have a @value or children {hasValue() or (children().count() > id.count())}
","OBR.22 (or MSH.7), or perhaps OBX-19 (depends on who observation made)","participation[typeCode=AUT].time","FiveWs.recorded"
"Observation.performer","Observation.performer","","","",0,1,"","","Y","Reference {[]} {[CanonicalType[http://hl7.org/fhir/StructureDefinition/Practitioner|4.0.1], CanonicalType[http://hl7.org/fhir/StructureDefinition/PractitionerRole|4.0.1], CanonicalType[http://hl7.org/fhir/StructureDefinition/Organization|4.0.1], CanonicalType[http://hl7.org/fhir/StructureDefinition/CareTeam|4.0.1], CanonicalType[http://hl7.org/fhir/StructureDefinition/Patient|4.0.1], CanonicalType[http://hl7.org/fhir/StructureDefinition/RelatedPerson|4.0.1]]}
","Who is responsible for the observation","Berisi data siapa yang bertanggung jawab untuk menyatakan nilai observasi sebagai 'benar' dengan tipe data Reference, yang direferensikan ke data yang tersimpan di resource Practitioner | PractitionerRole | Organization | CareTeam | Patient | RelatedPerson.","","May give a degree of confidence in the observation and also indicates where follow-up questions should be directed.","","","","","","","",,,,,"",,,,"Observation.performer",0,*,"","ele-1:All FHIR elements must have a @value or children {hasValue() or (children().count() > id.count())}
","Event.performer.actor","OBX.15 / (Practitioner)  OBX-16,  PRT-5:PRT-4='RO' /  (Device)  OBX-18 , PRT-10:PRT-4='EQUIP' / (Organization)  OBX-23,  PRT-8:PRT-4='PO'","participation[typeCode=PRF]","FiveWs.actor"
"Observation.value[x]","Observation.value[x]","","","",0,1,"","","Y","Quantity {[]} {[]}
CodeableConcept {[]} {[]}string {[]} {[]}boolean {[]} {[]}integer {[]} {[]}Range {[]} {[]}Ratio {[]} {[]}SampledData {[]} {[]}time {[]} {[]}dateTime {[]} {[]}Period {[]} {[]}","Actual result","Berisi data mengenai informasi hasil aktual dari pengamatan.","An observation may have; 1)  a single value here, 2)  both a value and a set of related or component values,  or 3)  only a set of related or component values. If a value is present, the datatype for this element should be determined by Observation.code.  A CodeableConcept with just a text would be used instead of a string if the field was usually coded, or if the type associated with the Observation.code defines a coded value.  For additional guidance, see the [Notes section](http://hl7.org/fhir/R4/observation.html#notes) below.","An observation exists to have a value, though it might not if it is in error, or if it represents a group of observations.","","","","","","","",,,,,"","type:$this}
","",,"closed","Observation.value[x]",0,1,"obs-7
","ele-1:All FHIR elements must have a @value or children {hasValue() or (children().count() > id.count())}
","< 441742003 |Evaluation finding|","OBX.2, OBX.5, OBX.6","value","363714003 |Interprets|"
"Observation.value[x]:valueQuantity","Observation.value[x]","valueQuantity","","",0,1,"","","Y","Quantity {[]} {[]}
","Actual result","Berisi data hasil observasi berupa numerik dengan satuan dengan tipe data Quantity.","An observation may have; 1)  a single value here, 2)  both a value and a set of related or component values,  or 3)  only a set of related or component values. If a value is present, the datatype for this element should be determined by Observation.code.  A CodeableConcept with just a text would be used instead of a string if the field was usually coded, or if the type associated with the Observation.code defines a coded value.  For additional guidance, see the [Notes section](http://hl7.org/fhir/R4/observation.html#notes) below.","An observation exists to have a value, though it might not if it is in error, or if it represents a group of observations.","","","","","","","",,,,,"",,,,"Observation.value[x]",0,1,"obs-7
","ele-1:All FHIR elements must have a @value or children {hasValue() or (children().count() > id.count())}
","< 441742003 |Evaluation finding|","OBX.2, OBX.5, OBX.6","value","363714003 |Interprets|"
"Observation.value[x]:valueCodeableConcept","Observation.value[x]","valueCodeableConcept","","",0,1,"","","Y","CodeableConcept {[]} {[]}
","Actual result","Berisi data hasil observasi berupa kode dengan tipe data CodeableConcept.","An observation may have; 1)  a single value here, 2)  both a value and a set of related or component values,  or 3)  only a set of related or component values. If a value is present, the datatype for this element should be determined by Observation.code.  A CodeableConcept with just a text would be used instead of a string if the field was usually coded, or if the type associated with the Observation.code defines a coded value.  For additional guidance, see the [Notes section](http://hl7.org/fhir/R4/observation.html#notes) below.","An observation exists to have a value, though it might not if it is in error, or if it represents a group of observations.","","","","","","","",,,,,"",,,,"Observation.value[x]",0,1,"obs-7
","ele-1:All FHIR elements must have a @value or children {hasValue() or (children().count() > id.count())}
","< 441742003 |Evaluation finding|","OBX.2, OBX.5, OBX.6","value","363714003 |Interprets|"
"Observation.value[x]:valueString","Observation.value[x]","valueString","","",0,1,"","","Y","string {[]} {[]}
","Actual result","Berisi data hasil observasi berupa string/text dengan tipe data string.","An observation may have; 1)  a single value here, 2)  both a value and a set of related or component values,  or 3)  only a set of related or component values. If a value is present, the datatype for this element should be determined by Observation.code.  A CodeableConcept with just a text would be used instead of a string if the field was usually coded, or if the type associated with the Observation.code defines a coded value.  For additional guidance, see the [Notes section](http://hl7.org/fhir/R4/observation.html#notes) below.","An observation exists to have a value, though it might not if it is in error, or if it represents a group of observations.","","","","","","","",,,,,"",,,,"Observation.value[x]",0,1,"obs-7
","ele-1:All FHIR elements must have a @value or children {hasValue() or (children().count() > id.count())}
","< 441742003 |Evaluation finding|","OBX.2, OBX.5, OBX.6","value","363714003 |Interprets|"
"Observation.value[x]:valueBoolean","Observation.value[x]","valueBoolean","","",0,1,"","","Y","boolean {[]} {[]}
","Actual result","Berisi data hasil observasi Ya/Tidak (true/false) dengan tipe data boolean.","An observation may have; 1)  a single value here, 2)  both a value and a set of related or component values,  or 3)  only a set of related or component values. If a value is present, the datatype for this element should be determined by Observation.code.  A CodeableConcept with just a text would be used instead of a string if the field was usually coded, or if the type associated with the Observation.code defines a coded value.  For additional guidance, see the [Notes section](http://hl7.org/fhir/R4/observation.html#notes) below.","An observation exists to have a value, though it might not if it is in error, or if it represents a group of observations.","","","","","","","",,,,,"",,,,"Observation.value[x]",0,1,"obs-7
","ele-1:All FHIR elements must have a @value or children {hasValue() or (children().count() > id.count())}
","< 441742003 |Evaluation finding|","OBX.2, OBX.5, OBX.6","value","363714003 |Interprets|"
"Observation.value[x]:valueInteger","Observation.value[x]","valueInteger","","",0,1,"","","Y","integer {[]} {[]}
","Actual result","Berisi data hasil observasi berupa numerik tanpa memerlukan satuan dengan tipe data integer.","An observation may have; 1)  a single value here, 2)  both a value and a set of related or component values,  or 3)  only a set of related or component values. If a value is present, the datatype for this element should be determined by Observation.code.  A CodeableConcept with just a text would be used instead of a string if the field was usually coded, or if the type associated with the Observation.code defines a coded value.  For additional guidance, see the [Notes section](http://hl7.org/fhir/R4/observation.html#notes) below.","An observation exists to have a value, though it might not if it is in error, or if it represents a group of observations.","","","","","","","",,,,,"",,,,"Observation.value[x]",0,1,"obs-7
","ele-1:All FHIR elements must have a @value or children {hasValue() or (children().count() > id.count())}
","< 441742003 |Evaluation finding|","OBX.2, OBX.5, OBX.6","value","363714003 |Interprets|"
"Observation.value[x]:valueRange","Observation.value[x]","valueRange","","",0,1,"","","Y","Range {[]} {[]}
","Actual result","Berisi data hasil observasi berupa range dengan tipe data Range.","An observation may have; 1)  a single value here, 2)  both a value and a set of related or component values,  or 3)  only a set of related or component values. If a value is present, the datatype for this element should be determined by Observation.code.  A CodeableConcept with just a text would be used instead of a string if the field was usually coded, or if the type associated with the Observation.code defines a coded value.  For additional guidance, see the [Notes section](http://hl7.org/fhir/R4/observation.html#notes) below.","An observation exists to have a value, though it might not if it is in error, or if it represents a group of observations.","","","","","","","",,,,,"",,,,"Observation.value[x]",0,1,"obs-7
","ele-1:All FHIR elements must have a @value or children {hasValue() or (children().count() > id.count())}
","< 441742003 |Evaluation finding|","OBX.2, OBX.5, OBX.6","value","363714003 |Interprets|"
"Observation.value[x]:valueRatio","Observation.value[x]","valueRatio","","",0,1,"","","Y","Ratio {[]} {[]}
","Actual result","Berisi data hasil observasi berupa rasio dengan tipe data Ratio.","An observation may have; 1)  a single value here, 2)  both a value and a set of related or component values,  or 3)  only a set of related or component values. If a value is present, the datatype for this element should be determined by Observation.code.  A CodeableConcept with just a text would be used instead of a string if the field was usually coded, or if the type associated with the Observation.code defines a coded value.  For additional guidance, see the [Notes section](http://hl7.org/fhir/R4/observation.html#notes) below.","An observation exists to have a value, though it might not if it is in error, or if it represents a group of observations.","","","","","","","",,,,,"",,,,"Observation.value[x]",0,1,"obs-7
","ele-1:All FHIR elements must have a @value or children {hasValue() or (children().count() > id.count())}
","< 441742003 |Evaluation finding|","OBX.2, OBX.5, OBX.6","value","363714003 |Interprets|"
"Observation.value[x]:valueSampledData","Observation.value[x]","valueSampledData","","",0,1,"","","Y","SampledData {[]} {[]}
","Actual result","Berisi data yang berasal dari serangkaian pengukuran yang dilakukan oleh alat, yang mungkin memiliki batas atas dan bawah dengan tipe data SampledData.","An observation may have; 1)  a single value here, 2)  both a value and a set of related or component values,  or 3)  only a set of related or component values. If a value is present, the datatype for this element should be determined by Observation.code.  A CodeableConcept with just a text would be used instead of a string if the field was usually coded, or if the type associated with the Observation.code defines a coded value.  For additional guidance, see the [Notes section](http://hl7.org/fhir/R4/observation.html#notes) below.","An observation exists to have a value, though it might not if it is in error, or if it represents a group of observations.","","","","","","","",,,,,"",,,,"Observation.value[x]",0,1,"obs-7
","ele-1:All FHIR elements must have a @value or children {hasValue() or (children().count() > id.count())}
","< 441742003 |Evaluation finding|","OBX.2, OBX.5, OBX.6","value","363714003 |Interprets|"
"Observation.value[x]:valueTime","Observation.value[x]","valueTime","","",0,1,"","","Y","time {[]} {[]}
","Actual result","Berisi data hasil observasi dalam satuan waktu yaitu hh:mm:ss dengan tipe data time.","An observation may have; 1)  a single value here, 2)  both a value and a set of related or component values,  or 3)  only a set of related or component values. If a value is present, the datatype for this element should be determined by Observation.code.  A CodeableConcept with just a text would be used instead of a string if the field was usually coded, or if the type associated with the Observation.code defines a coded value.  For additional guidance, see the [Notes section](http://hl7.org/fhir/R4/observation.html#notes) below.","An observation exists to have a value, though it might not if it is in error, or if it represents a group of observations.","","","","","","","",,,,,"",,,,"Observation.value[x]",0,1,"obs-7
","ele-1:All FHIR elements must have a @value or children {hasValue() or (children().count() > id.count())}
","< 441742003 |Evaluation finding|","OBX.2, OBX.5, OBX.6","value","363714003 |Interprets|"
"Observation.value[x]:valueDateTime","Observation.value[x]","valueDateTime","","",0,1,"","","Y","dateTime {[]} {[]}
","Actual result","Berisi data hasil observasi dalam bentuk tanggal, tanggal-waktu, atau tanggal parsial dengan tipe data dateTime, dengan format yang diperbolehkan YYYY, YYYY-MM, YYYY-MM-DD atau YYYY-MM-DDThh:mm:ss+zz:zz.","An observation may have; 1)  a single value here, 2)  both a value and a set of related or component values,  or 3)  only a set of related or component values. If a value is present, the datatype for this element should be determined by Observation.code.  A CodeableConcept with just a text would be used instead of a string if the field was usually coded, or if the type associated with the Observation.code defines a coded value.  For additional guidance, see the [Notes section](http://hl7.org/fhir/R4/observation.html#notes) below.","An observation exists to have a value, though it might not if it is in error, or if it represents a group of observations.","","","","","","","",,,,,"",,,,"Observation.value[x]",0,1,"obs-7
","ele-1:All FHIR elements must have a @value or children {hasValue() or (children().count() > id.count())}
","< 441742003 |Evaluation finding|","OBX.2, OBX.5, OBX.6","value","363714003 |Interprets|"
"Observation.value[x]:valuePeriod","Observation.value[x]","valuePeriod","","",0,1,"","","Y","Period {[]} {[]}
","Actual result","Berisi data hasil observasi berupa tanggal/waktu mulai dan berakhir dengan tipe data Period.","An observation may have; 1)  a single value here, 2)  both a value and a set of related or component values,  or 3)  only a set of related or component values. If a value is present, the datatype for this element should be determined by Observation.code.  A CodeableConcept with just a text would be used instead of a string if the field was usually coded, or if the type associated with the Observation.code defines a coded value.  For additional guidance, see the [Notes section](http://hl7.org/fhir/R4/observation.html#notes) below.","An observation exists to have a value, though it might not if it is in error, or if it represents a group of observations.","","","","","","","",,,,,"",,,,"Observation.value[x]",0,1,"obs-7
","ele-1:All FHIR elements must have a @value or children {hasValue() or (children().count() > id.count())}
","< 441742003 |Evaluation finding|","OBX.2, OBX.5, OBX.6","value","363714003 |Interprets|"
"Observation.dataAbsentReason","Observation.dataAbsentReason","","","",0,1,"","","","CodeableConcept {[]} {[]}
","Why the result is missing","Berisi data alasan hasil tidak tersedia dengan tipe data CodeableConcept.","Null or exceptional values can be represented two ways in FHIR Observations.  One way is to simply include them in the value set and represent the exceptions in the value.  For example, measurement values for a serology test could be  ""detected"", ""not detected"", ""inconclusive"", or  ""specimen unsatisfactory"".   

The alternate way is to use the value element for actual observations and use the explicit dataAbsentReason element to record exceptional values.  For example, the dataAbsentReason code ""error"" could be used when the measurement was not completed. Note that an observation may only be reported if there are values to report. For example differential cell counts values may be reported only when > 0.  Because of these options, use-case agreements are required to interpret general observations for null or exceptional values.","For many results it is necessary to handle exceptional values in measurements.","","","","","","","",,"extensible","Codes specifying why the result (`Observation.value[x]`) is missing.","http://hl7.org/fhir/ValueSet/data-absent-reason|4.0.1","",,,,"Observation.dataAbsentReason",0,1,"obs-6
","ele-1:All FHIR elements must have a @value or children {hasValue() or (children().count() > id.count())}
","N/A","value.nullFlavor"
"Observation.interpretation","Observation.interpretation","","Abnormal Flag
","",0,1,"","","","CodeableConcept {[]} {[]}
","High, low, normal, etc.","Berisi data hasil kesimpulan dari observasi yang dilakukan dengan tipe data CodeableConcept.","Historically used for laboratory results (known as 'abnormal flag' ),  its use extends to other use cases where coded interpretations  are relevant.  Often reported as one or more simple compact codes this element is often placed adjacent to the result value in reports and flow sheets to signal the meaning/normalcy status of the result.","For some results, particularly numeric results, an interpretation is necessary to fully understand the significance of a result.","","","","","","","",,"extensible","Codes identifying interpretations of observations.","http://hl7.org/fhir/ValueSet/observation-interpretation|4.0.1","",,,,"Observation.interpretation",0,*,"","ele-1:All FHIR elements must have a @value or children {hasValue() or (children().count() > id.count())}
","< 260245000 |Findings values|","OBX-8","interpretationCode","363713009 |Has interpretation|"
"Observation.note","Observation.note","","","",0,1,"","","","Annotation {[]} {[]}
","Comments about the observation","Berisi data komentar tentang hasil observasi yang dapat mencakup pernyataan umum tentang observasi, atau pernyataan tentang nilai hasil yang signifikan, tidak terduga, atau tidak dapat diandalkan dengan tipe data Annotation.","May include general statements about the observation, or statements about significant, unexpected or unreliable results values, or information about its source when relevant to its interpretation.","Need to be able to provide free text additional information.","","","","","","","",,,,,"",,,,"Observation.note",0,*,"","ele-1:All FHIR elements must have a @value or children {hasValue() or (children().count() > id.count())}
","NTE.3 (partner NTE to OBX, or sometimes another (child?) OBX)","subjectOf.observationEvent[code=""annotation""].value"
"Observation.bodySite","Observation.bodySite","","","",0,1,"","","","CodeableConcept {[]} {[]}
","Observed body part","Berisi data yang berkaitan dengan bagian tubuh yang diobservasi dengan tipe CodeableConcept.","Only used if not implicit in code found in Observation.code.  In many systems, this may be represented as a related observation instead of an inline component.   

If the use case requires BodySite to be handled as a separate resource (e.g. to identify and track separately) then use the standard extension[ bodySite](http://hl7.org/fhir/R4/extension-bodysite.html).","","","","","","","","",,"example","Codes describing anatomical locations. May include laterality.","http://hl7.org/fhir/ValueSet/body-site|4.0.1","",,,,"Observation.bodySite",0,1,"","ele-1:All FHIR elements must have a @value or children {hasValue() or (children().count() > id.count())}
","< 123037004 |Body structure|","OBX-20","targetSiteCode","718497002 |Inherent location|"
"Observation.method","Observation.method","","","",0,1,"","","","CodeableConcept {[]} {[]}
","How it was done","Berisi data mekanisme atau metode yang dilakukan untuk melakukan observasi dengan tipe CodeableConcept.","Only used if not implicit in code for Observation.code.","In some cases, method can impact results and is thus used for determining whether results can be compared or determining significance of results.","","","","","","","",,"example","Methods for simple observations.","http://hl7.org/fhir/ValueSet/observation-methods|4.0.1","",,,,"Observation.method",0,1,"","ele-1:All FHIR elements must have a @value or children {hasValue() or (children().count() > id.count())}
","OBX-17","methodCode"
"Observation.specimen","Observation.specimen","","","",0,1,"","","","Reference {[]} {[CanonicalType[http://hl7.org/fhir/StructureDefinition/Specimen|4.0.1]]}
","Specimen used for this observation","Berisi data spesimen yang digunakan ketika observasi dilakukan dengan tipe data Reference, yang direferensikan ke data yang tersimpan di resource Specimen.","Should only be used if not implicit in code found in `Observation.code`.  Observations are not made on specimens themselves; they are made on a subject, but in many cases by the means of a specimen. Note that although specimens are often involved, they are not always tracked and reported explicitly. Also note that observation resources may be used in contexts that track the specimen explicitly (e.g. Diagnostic Report).","","","","","","","","",,,,,"",,,,"Observation.specimen",0,1,"","ele-1:All FHIR elements must have a @value or children {hasValue() or (children().count() > id.count())}
","< 123038009 |Specimen|","SPM segment","participation[typeCode=SPC].specimen","704319004 |Inherent in|"
"Observation.device","Observation.device","","","",0,1,"","","","Reference {[]} {[CanonicalType[http://hl7.org/fhir/StructureDefinition/Device|4.0.1], CanonicalType[http://hl7.org/fhir/StructureDefinition/DeviceMetric|4.0.1]]}
","(Measurement) Device","Berisi data mengenai alat yang digunakan untuk menghasilkan data observasi, dengan tipe data Reference, data alat menggunakan referensi ke data yang tersimpan di resource Device atau DeviceMetric.","Note that this is not meant to represent a device involved in the transmission of the result, e.g., a gateway.  Such devices may be documented using the Provenance resource where relevant.","","","","","","","","",,,,,"",,,,"Observation.device",0,1,"","ele-1:All FHIR elements must have a @value or children {hasValue() or (children().count() > id.count())}
","< 49062001 |Device|","OBX-17 / PRT -10","participation[typeCode=DEV]","424226004 |Using device|"
"Observation.referenceRange","Observation.referenceRange","","","",0,1,"","","","BackboneElement {[]} {[]}
","Provides guide for interpretation","Berisi data panduan tentang cara menginterpretasikan nilai dengan membandingkannya dengan rentang nilai normal atau yang direkomendasikan dengan tipe data BackboneElement.","Most observations only have one generic reference range. Systems MAY choose to restrict to only supplying the relevant reference range based on knowledge about the patient (e.g., specific to the patient's age, gender, weight and other factors), but this might not be possible or appropriate. Whenever more than one reference range is supplied, the differences between them SHOULD be provided in the reference range and/or age properties.","Knowing what values are considered ""normal"" can help evaluate the significance of a particular result. Need to be able to provide multiple reference ranges for different contexts.","","","","","","","",,,,,"",,,,"Observation.referenceRange",0,*,"","ele-1:All FHIR elements must have a @value or children {hasValue() or (children().count() > id.count())}
obs-3:Must have at least a low or a high or text {low.exists() or high.exists() or text.exists()}","OBX.7","outboundRelationship[typeCode=REFV]/target[classCode=OBS, moodCode=EVN]"
"Observation.referenceRange.id","Observation.referenceRange.id","","","",0,1,"","","","string {[]} {[]}
","Unique id for inter-element referencing","Unique id for the element within a resource (for internal references). This may be any string value that does not contain spaces.","","","","","","","","","",,,,,"",,,,"Element.id",0,1,"","","n/a"
"Observation.referenceRange.extension","Observation.referenceRange.extension","","extensions
user content","",0,*,"","","","Extension {[]} {[]}
","Additional content defined by implementations","May be used to represent additional information that is not part of the basic definition of the element. To make the use of extensions safe and manageable, there is a strict set of governance  applied to the definition and use of extensions. Though any implementer can define an extension, there is a set of requirements that SHALL be met as part of the definition of the extension.","There can be no stigma associated with the use of extensions by any application, project, or standard - regardless of the institution or jurisdiction that uses or defines the extensions.  The use of extensions is what allows the FHIR specification to retain a core level of simplicity for everyone.","","","","","","","","",,,,,"",,,,"Element.extension",0,*,"","ele-1:All FHIR elements must have a @value or children {hasValue() or (children().count() > id.count())}
ext-1:Must have either extensions or value[x], not both {extension.exists() != value.exists()}","n/a"
"Observation.referenceRange.modifierExtension","Observation.referenceRange.modifierExtension","","extensions
user contentmodifiers","",0,*,"","Y","Y","Extension {[]} {[]}
","Extensions that cannot be ignored even if unrecognized","May be used to represent additional information that is not part of the basic definition of the element and that modifies the understanding of the element in which it is contained and/or the understanding of the containing element's descendants. Usually modifier elements provide negation or qualification. To make the use of extensions safe and manageable, there is a strict set of governance applied to the definition and use of extensions. Though any implementer can define an extension, there is a set of requirements that SHALL be met as part of the definition of the extension. Applications processing a resource are required to check for modifier extensions.

Modifier extensions SHALL NOT change the meaning of any elements on Resource or DomainResource (including cannot change the meaning of modifierExtension itself).","There can be no stigma associated with the use of extensions by any application, project, or standard - regardless of the institution or jurisdiction that uses or defines the extensions.  The use of extensions is what allows the FHIR specification to retain a core level of simplicity for everyone.","Modifier extensions allow for extensions that *cannot* be safely ignored to be clearly distinguished from the vast majority of extensions which can be safely ignored.  This promotes interoperability by eliminating the need for implementers to prohibit the presence of extensions. For further information, see the [definition of modifier extensions](http://hl7.org/fhir/R4/extensibility.html#modifierExtension).","","","","","","","",,,,,"",,,,"BackboneElement.modifierExtension",0,*,"","ele-1:All FHIR elements must have a @value or children {hasValue() or (children().count() > id.count())}
ext-1:Must have either extensions or value[x], not both {extension.exists() != value.exists()}","N/A"
"Observation.referenceRange.low","Observation.referenceRange.low","","","",0,1,"","","","Quantity {[CanonicalType[http://hl7.org/fhir/StructureDefinition/SimpleQuantity|4.0.1]]} {[]}
","Low Range, if relevant","Berisi data nilai batas bawah rentang referensi dengan tipe data SimpleQuantity.","","","","","","","","","",,,,,"",,,,"Observation.referenceRange.low",0,1,"obs-3
","ele-1:All FHIR elements must have a @value or children {hasValue() or (children().count() > id.count())}
","OBX-7","value:IVL_PQ.low"
"Observation.referenceRange.high","Observation.referenceRange.high","","","",0,1,"","","","Quantity {[CanonicalType[http://hl7.org/fhir/StructureDefinition/SimpleQuantity|4.0.1]]} {[]}
","High Range, if relevant","Berisi data nilai batas atas rentang referensi dengan tipe data SimpleQuantity.","","","","","","","","","",,,,,"",,,,"Observation.referenceRange.high",0,1,"obs-3
","ele-1:All FHIR elements must have a @value or children {hasValue() or (children().count() > id.count())}
","OBX-7","value:IVL_PQ.high"
"Observation.referenceRange.type","Observation.referenceRange.type","","","",0,1,"","","","CodeableConcept {[]} {[]}
","Reference range qualifier","Berisi data yang berkaitan dengan rentang referensi kualifikasi yang digunakan untuk observasi dengan tipe data CodeableConcept.","This SHOULD be populated if there is more than one range.  If this element is not present then the normal range is assumed.","Need to be able to say what kind of reference range this is - normal, recommended, therapeutic, etc.,  - for proper interpretation.","","","","","","","",,"preferred","Code for the meaning of a reference range.","http://hl7.org/fhir/ValueSet/referencerange-meaning|4.0.1","",,,,"Observation.referenceRange.type",0,1,"","ele-1:All FHIR elements must have a @value or children {hasValue() or (children().count() > id.count())}
","< 260245000 |Findings values| OR  < 365860008 |General clinical state finding| OR < 250171008 |Clinical history or observation findings| OR  < 415229000 |Racial group| OR < 365400002 |Finding of puberty stage| OR< 443938003 |Procedure carried out on subject|","OBX-10","interpretationCode"
"Observation.referenceRange.appliesTo","Observation.referenceRange.appliesTo","","","",0,1,"","","","CodeableConcept {[]} {[]}
","Reference range population","Berisi data mengenai kode untuk menunjukkan populasi target yang berlaku untuk rentang referensi ini, dengan tipe data CodeableConcept.","This SHOULD be populated if there is more than one range.  If this element is not present then the normal population is assumed.","Need to be able to identify the target population for proper interpretation.","","","","","","","",,"example","Codes identifying the population the reference range applies to.","http://hl7.org/fhir/ValueSet/referencerange-appliesto|4.0.1","",,,,"Observation.referenceRange.appliesTo",0,*,"","ele-1:All FHIR elements must have a @value or children {hasValue() or (children().count() > id.count())}
","< 260245000 |Findings values| OR  < 365860008 |General clinical state finding| OR < 250171008 |Clinical history or observation findings| OR  < 415229000 |Racial group| OR < 365400002 |Finding of puberty stage| OR< 443938003 |Procedure carried out on subject|","OBX-10","interpretationCode"
"Observation.referenceRange.age","Observation.referenceRange.age","","","",0,1,"","","","Range {[]} {[]}
","Applicable age range, if relevant","Berisi satu atau lebih data mengenai usia saat rentang referensi ini berlaku dengan tipe data Range.","","Some analytes vary greatly over age.","","","","","","","",,,,,"",,,,"Observation.referenceRange.age",0,1,"","ele-1:All FHIR elements must have a @value or children {hasValue() or (children().count() > id.count())}
","outboundRelationship[typeCode=PRCN].targetObservationCriterion[code=""age""].value"
"Observation.referenceRange.text","Observation.referenceRange.text","","","",0,1,"","","","string {[]} {[]}
","Text based reference range in an observation","Berisi data rentang referensi berbasis teks dalam pengamatan yang dapat digunakan ketika rentang kuantitatif tidak sesuai untuk pengamatan, dengan tipe data string.","","","","","","","","","",,,,,"",,,,"Observation.referenceRange.text",0,1,"","ele-1:All FHIR elements must have a @value or children {hasValue() or (children().count() > id.count())}
","OBX-7","value:ST"
"Observation.hasMember","Observation.hasMember","","","",0,1,"","","Y","Reference {[]} {[CanonicalType[http://hl7.org/fhir/StructureDefinition/Observation|4.0.1], CanonicalType[http://hl7.org/fhir/StructureDefinition/QuestionnaireResponse|4.0.1], CanonicalType[http://hl7.org/fhir/StructureDefinition/MolecularSequence|4.0.1]]}
","Related resource that belongs to the Observation group","Berisi data resource terkait yang dimiliki oleh kelompok observasi dengan tipe data Reference, yang direferensikan ke data yang tersimpan di resource Observation | QuestionnaireResponse | MolecularSequence.","When using this element, an observation will typically have either a value or a set of related resources, although both may be present in some cases.  For a discussion on the ways Observations can assembled in groups together, see [Notes](http://hl7.org/fhir/R4/observation.html#obsgrouping) below.  Note that a system may calculate results from [QuestionnaireResponse](http://hl7.org/fhir/R4/questionnaireresponse.html)  into a final score and represent the score as an Observation.","","","","","","","","",,,,,"",,,,"Observation.hasMember",0,*,"","ele-1:All FHIR elements must have a @value or children {hasValue() or (children().count() > id.count())}
","Relationships established by OBX-4 usage","outBoundRelationship"
"Observation.derivedFrom","Observation.derivedFrom","","","",0,1,"","","Y","Reference {[]} {[CanonicalType[http://hl7.org/fhir/StructureDefinition/DocumentReference|4.0.1], CanonicalType[http://hl7.org/fhir/StructureDefinition/ImagingStudy|4.0.1], CanonicalType[http://hl7.org/fhir/StructureDefinition/Media|4.0.1], CanonicalType[http://hl7.org/fhir/StructureDefinition/QuestionnaireResponse|4.0.1], CanonicalType[http://hl7.org/fhir/StructureDefinition/Observation|4.0.1], CanonicalType[http://hl7.org/fhir/StructureDefinition/MolecularSequence|4.0.1]]}
","Related measurements the observation is made from","Berisi data target resource yang mewakili pengukuran di mana hasil observasi didapatkan dengan tipe data Reference, yang direferensikan ke data yang tersimpan di resource DocumentReference | ImagingStudy | Media | QuestionnaireResponse | Observation | MolecularSequence.","All the reference choices that are listed in this element can represent clinical observations and other measurements that may be the source for a derived value.  The most common reference will be another Observation.  For a discussion on the ways Observations can assembled in groups together, see [Notes](http://hl7.org/fhir/R4/observation.html#obsgrouping) below.","","","","","","","","",,,,,"",,,,"Observation.derivedFrom",0,*,"","ele-1:All FHIR elements must have a @value or children {hasValue() or (children().count() > id.count())}
","Relationships established by OBX-4 usage",".targetObservation"
"Observation.component","Observation.component","","","",0,1,"","","Y","BackboneElement {[]} {[]}
","Component results","Berisi data mengenai beberapa pengamatan komponen. Pengamatan komponen ini dinyatakan sebagai pasangan nilai kode terpisah yang berbagi atribut yang sama dengan tipe data BackboneElement.","For a discussion on the ways Observations can be assembled in groups together see [Notes](http://hl7.org/fhir/R4/observation.html#notes) below.","Component observations share the same attributes in the Observation resource as the primary observation and are always treated a part of a single observation (they are not separable).   However, the reference range for the primary observation value is not inherited by the component values and is required when appropriate for each component observation.","","","","","","","",,,,,"",,,,"Observation.component",0,*,"","ele-1:All FHIR elements must have a @value or children {hasValue() or (children().count() > id.count())}
","containment by OBX-4?","outBoundRelationship[typeCode=COMP]"
"Observation.component.id","Observation.component.id","","","",0,1,"","","","string {[]} {[]}
","Unique id for inter-element referencing","Unique id for the element within a resource (for internal references). This may be any string value that does not contain spaces.","","","","","","","","","",,,,,"",,,,"Element.id",0,1,"","","n/a"
"Observation.component.extension","Observation.component.extension","","extensions
user content","",0,*,"","","","Extension {[]} {[]}
","Additional content defined by implementations","May be used to represent additional information that is not part of the basic definition of the element. To make the use of extensions safe and manageable, there is a strict set of governance  applied to the definition and use of extensions. Though any implementer can define an extension, there is a set of requirements that SHALL be met as part of the definition of the extension.","There can be no stigma associated with the use of extensions by any application, project, or standard - regardless of the institution or jurisdiction that uses or defines the extensions.  The use of extensions is what allows the FHIR specification to retain a core level of simplicity for everyone.","","","","","","","","",,,,,"",,,,"Element.extension",0,*,"","ele-1:All FHIR elements must have a @value or children {hasValue() or (children().count() > id.count())}
ext-1:Must have either extensions or value[x], not both {extension.exists() != value.exists()}","n/a"
"Observation.component.modifierExtension","Observation.component.modifierExtension","","extensions
user contentmodifiers","",0,*,"","Y","Y","Extension {[]} {[]}
","Extensions that cannot be ignored even if unrecognized","May be used to represent additional information that is not part of the basic definition of the element and that modifies the understanding of the element in which it is contained and/or the understanding of the containing element's descendants. Usually modifier elements provide negation or qualification. To make the use of extensions safe and manageable, there is a strict set of governance applied to the definition and use of extensions. Though any implementer can define an extension, there is a set of requirements that SHALL be met as part of the definition of the extension. Applications processing a resource are required to check for modifier extensions.

Modifier extensions SHALL NOT change the meaning of any elements on Resource or DomainResource (including cannot change the meaning of modifierExtension itself).","There can be no stigma associated with the use of extensions by any application, project, or standard - regardless of the institution or jurisdiction that uses or defines the extensions.  The use of extensions is what allows the FHIR specification to retain a core level of simplicity for everyone.","Modifier extensions allow for extensions that *cannot* be safely ignored to be clearly distinguished from the vast majority of extensions which can be safely ignored.  This promotes interoperability by eliminating the need for implementers to prohibit the presence of extensions. For further information, see the [definition of modifier extensions](http://hl7.org/fhir/R4/extensibility.html#modifierExtension).","","","","","","","",,,,,"",,,,"BackboneElement.modifierExtension",0,*,"","ele-1:All FHIR elements must have a @value or children {hasValue() or (children().count() > id.count())}
ext-1:Must have either extensions or value[x], not both {extension.exists() != value.exists()}","N/A"
"Observation.component.code","Observation.component.code","","","",1,1,"","","Y","CodeableConcept {[]} {[]}
","Type of component observation (code / type)","Berisi satu atau lebih jenis observasi komponen (kode/jenis) dengan tipe data CodeableConcept.","*All* code-value and  component.code-component.value pairs need to be taken into account to correctly understand the meaning of the observation.","Knowing what kind of observation is being made is essential to understanding the observation.","","","","","","","",,"example","Codes identifying names of simple observations.","http://hl7.org/fhir/ValueSet/observation-codes|4.0.1","",,,,"Observation.component.code",1,1,"","ele-1:All FHIR elements must have a @value or children {hasValue() or (children().count() > id.count())}
","< 363787002 |Observable entity| OR < 386053000 |Evaluation procedure|","OBX-3","code","FiveWs.what[x]"
"Observation.component.value[x]","Observation.component.value[x]","","","",0,1,"","","Y","Quantity {[]} {[]}
CodeableConcept {[]} {[]}string {[]} {[]}boolean {[]} {[]}integer {[]} {[]}Range {[]} {[]}Ratio {[]} {[]}SampledData {[]} {[]}time {[]} {[]}dateTime {[]} {[]}Period {[]} {[]}","Actual component result","Berisi data mengenai informasi hasil komponen aktual dari pengamatan.","Used when observation has a set of component observations. An observation may have both a value (e.g. an  Apgar score)  and component observations (the observations from which the Apgar score was derived). If a value is present, the datatype for this element should be determined by Observation.code. A CodeableConcept with just a text would be used instead of a string if the field was usually coded, or if the type associated with the Observation.code defines a coded value.  For additional guidance, see the [Notes section](http://hl7.org/fhir/R4/observation.html#notes) below.","An observation exists to have a value, though it might not if it is in error, or if it represents a group of observations.","","","","","","","",,,,,"","type:$this}
","",,"closed","Observation.component.value[x]",0,1,"","ele-1:All FHIR elements must have a @value or children {hasValue() or (children().count() > id.count())}
","363714003 |Interprets| < 441742003 |Evaluation finding|","OBX.2, OBX.5, OBX.6","value","363714003 |Interprets|"
"Observation.component.value[x]:valueQuantity","Observation.component.value[x]","valueQuantity","","",0,1,"","","Y","Quantity {[]} {[]}
","Actual component result","Berisi data mengenai informasi hasil komponen aktual dari pengamatan dengan tipe data Quantity.","Used when observation has a set of component observations. An observation may have both a value (e.g. an  Apgar score)  and component observations (the observations from which the Apgar score was derived). If a value is present, the datatype for this element should be determined by Observation.code. A CodeableConcept with just a text would be used instead of a string if the field was usually coded, or if the type associated with the Observation.code defines a coded value.  For additional guidance, see the [Notes section](http://hl7.org/fhir/R4/observation.html#notes) below.","An observation exists to have a value, though it might not if it is in error, or if it represents a group of observations.","","","","","","","",,,,,"",,,,"Observation.component.value[x]",0,1,"","ele-1:All FHIR elements must have a @value or children {hasValue() or (children().count() > id.count())}
","363714003 |Interprets| < 441742003 |Evaluation finding|","OBX.2, OBX.5, OBX.6","value","363714003 |Interprets|"
"Observation.component.value[x]:valueCodeableConcept","Observation.component.value[x]","valueCodeableConcept","","",0,1,"","","Y","CodeableConcept {[]} {[]}
","Actual component result","Berisi data mengenai informasi hasil komponen aktual dari pengamatan dengan tipe data CodeableConcept.","Used when observation has a set of component observations. An observation may have both a value (e.g. an  Apgar score)  and component observations (the observations from which the Apgar score was derived). If a value is present, the datatype for this element should be determined by Observation.code. A CodeableConcept with just a text would be used instead of a string if the field was usually coded, or if the type associated with the Observation.code defines a coded value.  For additional guidance, see the [Notes section](http://hl7.org/fhir/R4/observation.html#notes) below.","An observation exists to have a value, though it might not if it is in error, or if it represents a group of observations.","","","","","","","",,,,,"",,,,"Observation.component.value[x]",0,1,"","ele-1:All FHIR elements must have a @value or children {hasValue() or (children().count() > id.count())}
","363714003 |Interprets| < 441742003 |Evaluation finding|","OBX.2, OBX.5, OBX.6","value","363714003 |Interprets|"
"Observation.component.value[x]:valueString","Observation.component.value[x]","valueString","","",0,1,"","","Y","string {[]} {[]}
","Actual component result","Berisi data mengenai informasi hasil komponen aktual dari pengamatan dengan tipe data string.","Used when observation has a set of component observations. An observation may have both a value (e.g. an  Apgar score)  and component observations (the observations from which the Apgar score was derived). If a value is present, the datatype for this element should be determined by Observation.code. A CodeableConcept with just a text would be used instead of a string if the field was usually coded, or if the type associated with the Observation.code defines a coded value.  For additional guidance, see the [Notes section](http://hl7.org/fhir/R4/observation.html#notes) below.","An observation exists to have a value, though it might not if it is in error, or if it represents a group of observations.","","","","","","","",,,,,"",,,,"Observation.component.value[x]",0,1,"","ele-1:All FHIR elements must have a @value or children {hasValue() or (children().count() > id.count())}
","363714003 |Interprets| < 441742003 |Evaluation finding|","OBX.2, OBX.5, OBX.6","value","363714003 |Interprets|"
"Observation.component.value[x]:valueBoolean","Observation.component.value[x]","valueBoolean","","",0,1,"","","Y","boolean {[]} {[]}
","Actual component result","Berisi data mengenai informasi hasil komponen aktual dari pengamatan dengan tipe boolean.","Used when observation has a set of component observations. An observation may have both a value (e.g. an  Apgar score)  and component observations (the observations from which the Apgar score was derived). If a value is present, the datatype for this element should be determined by Observation.code. A CodeableConcept with just a text would be used instead of a string if the field was usually coded, or if the type associated with the Observation.code defines a coded value.  For additional guidance, see the [Notes section](http://hl7.org/fhir/R4/observation.html#notes) below.","An observation exists to have a value, though it might not if it is in error, or if it represents a group of observations.","","","","","","","",,,,,"",,,,"Observation.component.value[x]",0,1,"","ele-1:All FHIR elements must have a @value or children {hasValue() or (children().count() > id.count())}
","363714003 |Interprets| < 441742003 |Evaluation finding|","OBX.2, OBX.5, OBX.6","value","363714003 |Interprets|"
"Observation.component.value[x]:valueInteger","Observation.component.value[x]","valueInteger","","",0,1,"","","Y","integer {[]} {[]}
","Actual component result","Berisi data mengenai informasi hasil komponen aktual dari pengamatan dengan tipe data integer.","Used when observation has a set of component observations. An observation may have both a value (e.g. an  Apgar score)  and component observations (the observations from which the Apgar score was derived). If a value is present, the datatype for this element should be determined by Observation.code. A CodeableConcept with just a text would be used instead of a string if the field was usually coded, or if the type associated with the Observation.code defines a coded value.  For additional guidance, see the [Notes section](http://hl7.org/fhir/R4/observation.html#notes) below.","An observation exists to have a value, though it might not if it is in error, or if it represents a group of observations.","","","","","","","",,,,,"",,,,"Observation.component.value[x]",0,1,"","ele-1:All FHIR elements must have a @value or children {hasValue() or (children().count() > id.count())}
","363714003 |Interprets| < 441742003 |Evaluation finding|","OBX.2, OBX.5, OBX.6","value","363714003 |Interprets|"
"Observation.component.value[x]:valueRange","Observation.component.value[x]","valueRange","","",0,1,"","","Y","Range {[]} {[]}
","Actual component result","Berisi data mengenai informasi hasil komponen aktual dari pengamatan dengan tipe data Range.","Used when observation has a set of component observations. An observation may have both a value (e.g. an  Apgar score)  and component observations (the observations from which the Apgar score was derived). If a value is present, the datatype for this element should be determined by Observation.code. A CodeableConcept with just a text would be used instead of a string if the field was usually coded, or if the type associated with the Observation.code defines a coded value.  For additional guidance, see the [Notes section](http://hl7.org/fhir/R4/observation.html#notes) below.","An observation exists to have a value, though it might not if it is in error, or if it represents a group of observations.","","","","","","","",,,,,"",,,,"Observation.component.value[x]",0,1,"","ele-1:All FHIR elements must have a @value or children {hasValue() or (children().count() > id.count())}
","363714003 |Interprets| < 441742003 |Evaluation finding|","OBX.2, OBX.5, OBX.6","value","363714003 |Interprets|"
"Observation.component.value[x]:valueRatio","Observation.component.value[x]","valueRatio","","",0,1,"","","Y","Ratio {[]} {[]}
","Actual component result","Berisi data mengenai informasi hasil komponen aktual dari pengamatan dengan tipe data Ratio.","Used when observation has a set of component observations. An observation may have both a value (e.g. an  Apgar score)  and component observations (the observations from which the Apgar score was derived). If a value is present, the datatype for this element should be determined by Observation.code. A CodeableConcept with just a text would be used instead of a string if the field was usually coded, or if the type associated with the Observation.code defines a coded value.  For additional guidance, see the [Notes section](http://hl7.org/fhir/R4/observation.html#notes) below.","An observation exists to have a value, though it might not if it is in error, or if it represents a group of observations.","","","","","","","",,,,,"",,,,"Observation.component.value[x]",0,1,"","ele-1:All FHIR elements must have a @value or children {hasValue() or (children().count() > id.count())}
","363714003 |Interprets| < 441742003 |Evaluation finding|","OBX.2, OBX.5, OBX.6","value","363714003 |Interprets|"
"Observation.component.value[x]:valueSampledData","Observation.component.value[x]","valueSampledData","","",0,1,"","","Y","SampledData {[]} {[]}
","Actual component result","Berisi data mengenai informasi hasil komponen aktual dari pengamatan dengan tipe data SampledData.","Used when observation has a set of component observations. An observation may have both a value (e.g. an  Apgar score)  and component observations (the observations from which the Apgar score was derived). If a value is present, the datatype for this element should be determined by Observation.code. A CodeableConcept with just a text would be used instead of a string if the field was usually coded, or if the type associated with the Observation.code defines a coded value.  For additional guidance, see the [Notes section](http://hl7.org/fhir/R4/observation.html#notes) below.","An observation exists to have a value, though it might not if it is in error, or if it represents a group of observations.","","","","","","","",,,,,"",,,,"Observation.component.value[x]",0,1,"","ele-1:All FHIR elements must have a @value or children {hasValue() or (children().count() > id.count())}
","363714003 |Interprets| < 441742003 |Evaluation finding|","OBX.2, OBX.5, OBX.6","value","363714003 |Interprets|"
"Observation.component.value[x]:valueTime","Observation.component.value[x]","valueTime","","",0,1,"","","Y","time {[]} {[]}
","Actual component result","Berisi data mengenai informasi hasil komponen aktual dari pengamatan dengan tipe data time.","Used when observation has a set of component observations. An observation may have both a value (e.g. an  Apgar score)  and component observations (the observations from which the Apgar score was derived). If a value is present, the datatype for this element should be determined by Observation.code. A CodeableConcept with just a text would be used instead of a string if the field was usually coded, or if the type associated with the Observation.code defines a coded value.  For additional guidance, see the [Notes section](http://hl7.org/fhir/R4/observation.html#notes) below.","An observation exists to have a value, though it might not if it is in error, or if it represents a group of observations.","","","","","","","",,,,,"",,,,"Observation.component.value[x]",0,1,"","ele-1:All FHIR elements must have a @value or children {hasValue() or (children().count() > id.count())}
","363714003 |Interprets| < 441742003 |Evaluation finding|","OBX.2, OBX.5, OBX.6","value","363714003 |Interprets|"
"Observation.component.value[x]:valueDateTime","Observation.component.value[x]","valueDateTime","","",0,1,"","","Y","dateTime {[]} {[]}
","Actual component result","Berisi data mengenai informasi hasil komponen aktual dari pengamatan dengan tipe data dateTime, dengan format yang diperbolehkan YYYY, YYYY-MM, YYYY-MM-DD atau YYYY-MM-DDThh:mm:ss+zz:zz.","Used when observation has a set of component observations. An observation may have both a value (e.g. an  Apgar score)  and component observations (the observations from which the Apgar score was derived). If a value is present, the datatype for this element should be determined by Observation.code. A CodeableConcept with just a text would be used instead of a string if the field was usually coded, or if the type associated with the Observation.code defines a coded value.  For additional guidance, see the [Notes section](http://hl7.org/fhir/R4/observation.html#notes) below.","An observation exists to have a value, though it might not if it is in error, or if it represents a group of observations.","","","","","","","",,,,,"",,,,"Observation.component.value[x]",0,1,"","ele-1:All FHIR elements must have a @value or children {hasValue() or (children().count() > id.count())}
","363714003 |Interprets| < 441742003 |Evaluation finding|","OBX.2, OBX.5, OBX.6","value","363714003 |Interprets|"
"Observation.component.value[x]:valuePeriod","Observation.component.value[x]","valuePeriod","","",0,1,"","","Y","Period {[]} {[]}
","Actual component result","Berisi data mengenai informasi hasil komponen aktual dari pengamatan dengan tipe data Period.","Used when observation has a set of component observations. An observation may have both a value (e.g. an  Apgar score)  and component observations (the observations from which the Apgar score was derived). If a value is present, the datatype for this element should be determined by Observation.code. A CodeableConcept with just a text would be used instead of a string if the field was usually coded, or if the type associated with the Observation.code defines a coded value.  For additional guidance, see the [Notes section](http://hl7.org/fhir/R4/observation.html#notes) below.","An observation exists to have a value, though it might not if it is in error, or if it represents a group of observations.","","","","","","","",,,,,"",,,,"Observation.component.value[x]",0,1,"","ele-1:All FHIR elements must have a @value or children {hasValue() or (children().count() > id.count())}
","363714003 |Interprets| < 441742003 |Evaluation finding|","OBX.2, OBX.5, OBX.6","value","363714003 |Interprets|"
"Observation.component.dataAbsentReason","Observation.component.dataAbsentReason","","","",0,1,"","","","CodeableConcept {[]} {[]}
","Why the component result is missing","Berisi data mengenai alasan mengapa nilai yang diharapkan dalam elemen Observation.component.value[x] hilang dengan tipe data CodeableConcept.","""Null"" or exceptional values can be represented two ways in FHIR Observations.  One way is to simply include them in the value set and represent the exceptions in the value.  For example, measurement values for a serology test could be  ""detected"", ""not detected"", ""inconclusive"", or  ""test not done"". 

The alternate way is to use the value element for actual observations and use the explicit dataAbsentReason element to record exceptional values.  For example, the dataAbsentReason code ""error"" could be used when the measurement was not completed.  Because of these options, use-case agreements are required to interpret general observations for exceptional values.","For many results it is necessary to handle exceptional values in measurements.","","","","","","","",,"extensible","Codes specifying why the result (`Observation.value[x]`) is missing.","http://hl7.org/fhir/ValueSet/data-absent-reason|4.0.1","",,,,"Observation.component.dataAbsentReason",0,1,"obs-6
","ele-1:All FHIR elements must have a @value or children {hasValue() or (children().count() > id.count())}
","N/A","value.nullFlavor"
"Observation.component.interpretation","Observation.component.interpretation","","Abnormal Flag
","",0,1,"","","","CodeableConcept {[]} {[]}
","High, low, normal, etc.","Berisi satu atau lebih data penilaian kategoris dari nilai observasi dengan tipe data CodeableConcept.","Historically used for laboratory results (known as 'abnormal flag' ),  its use extends to other use cases where coded interpretations  are relevant.  Often reported as one or more simple compact codes this element is often placed adjacent to the result value in reports and flow sheets to signal the meaning/normalcy status of the result.","For some results, particularly numeric results, an interpretation is necessary to fully understand the significance of a result.","","","","","","","",,"extensible","Codes identifying interpretations of observations.","http://hl7.org/fhir/ValueSet/observation-interpretation|4.0.1","",,,,"Observation.component.interpretation",0,*,"","ele-1:All FHIR elements must have a @value or children {hasValue() or (children().count() > id.count())}
","< 260245000 |Findings values|","OBX-8","interpretationCode","363713009 |Has interpretation|"
"Observation.component.referenceRange","Observation.component.referenceRange","","","",0,1,"","","","BackboneElement {[]} {[]}
","Provides guide for interpretation of component result","Berisi data panduan tentang cara menginterpretasikan nilai dengan membandingkan rentang normal atau yang direkomendasikan dengan tipe data BackboneElement.","Most observations only have one generic reference range. Systems MAY choose to restrict to only supplying the relevant reference range based on knowledge about the patient (e.g., specific to the patient's age, gender, weight and other factors), but this might not be possible or appropriate. Whenever more than one reference range is supplied, the differences between them SHOULD be provided in the reference range and/or age properties.","Knowing what values are considered ""normal"" can help evaluate the significance of a particular result. Need to be able to provide multiple reference ranges for different contexts.","","","","","","","",,,,,"",,,,"Observation.component.referenceRange",0,*,"","ele-1:All FHIR elements must have a @value or children {hasValue() or (children().count() > id.count())}
","OBX.7","outboundRelationship[typeCode=REFV]/target[classCode=OBS, moodCode=EVN]"
"Observation.component.referenceRange.id","Observation.component.referenceRange.id","","","",0,1,"","","","string {[]} {[]}
","Unique id for inter-element referencing","Unique id for the element within a resource (for internal references). This may be any string value that does not contain spaces.","","","","","","","","","",,,,,"",,,,"Element.id",0,1,"","","n/a"
"Observation.component.referenceRange.extension","Observation.component.referenceRange.extension","","extensions
user content","",0,*,"","","","Extension {[]} {[]}
","Additional content defined by implementations","May be used to represent additional information that is not part of the basic definition of the element. To make the use of extensions safe and manageable, there is a strict set of governance  applied to the definition and use of extensions. Though any implementer can define an extension, there is a set of requirements that SHALL be met as part of the definition of the extension.","There can be no stigma associated with the use of extensions by any application, project, or standard - regardless of the institution or jurisdiction that uses or defines the extensions.  The use of extensions is what allows the FHIR specification to retain a core level of simplicity for everyone.","","","","","","","","",,,,,"",,,,"Element.extension",0,*,"","ele-1:All FHIR elements must have a @value or children {hasValue() or (children().count() > id.count())}
ext-1:Must have either extensions or value[x], not both {extension.exists() != value.exists()}","n/a"
"Observation.component.referenceRange.modifierExtension","Observation.component.referenceRange.modifierExtension","","extensions
user contentmodifiers","",0,*,"","Y","Y","Extension {[]} {[]}
","Extensions that cannot be ignored even if unrecognized","May be used to represent additional information that is not part of the basic definition of the element and that modifies the understanding of the element in which it is contained and/or the understanding of the containing element's descendants. Usually modifier elements provide negation or qualification. To make the use of extensions safe and manageable, there is a strict set of governance applied to the definition and use of extensions. Though any implementer can define an extension, there is a set of requirements that SHALL be met as part of the definition of the extension. Applications processing a resource are required to check for modifier extensions.

Modifier extensions SHALL NOT change the meaning of any elements on Resource or DomainResource (including cannot change the meaning of modifierExtension itself).","There can be no stigma associated with the use of extensions by any application, project, or standard - regardless of the institution or jurisdiction that uses or defines the extensions.  The use of extensions is what allows the FHIR specification to retain a core level of simplicity for everyone.","Modifier extensions allow for extensions that *cannot* be safely ignored to be clearly distinguished from the vast majority of extensions which can be safely ignored.  This promotes interoperability by eliminating the need for implementers to prohibit the presence of extensions. For further information, see the [definition of modifier extensions](http://hl7.org/fhir/R4/extensibility.html#modifierExtension).","","","","","","","",,,,,"",,,,"BackboneElement.modifierExtension",0,*,"","ele-1:All FHIR elements must have a @value or children {hasValue() or (children().count() > id.count())}
ext-1:Must have either extensions or value[x], not both {extension.exists() != value.exists()}","N/A"
"Observation.component.referenceRange.low","Observation.component.referenceRange.low","","","",0,1,"","","","Quantity {[CanonicalType[http://hl7.org/fhir/StructureDefinition/SimpleQuantity|4.0.1]]} {[]}
","Low Range, if relevant","Berisi data mengenai nilai batas bawah rentang referensi.","","","","","","","","","",,,,,"",,,,"Observation.referenceRange.low",0,1,"obs-3
","ele-1:All FHIR elements must have a @value or children {hasValue() or (children().count() > id.count())}
","OBX-7","value:IVL_PQ.low"
"Observation.component.referenceRange.high","Observation.component.referenceRange.high","","","",0,1,"","","","Quantity {[CanonicalType[http://hl7.org/fhir/StructureDefinition/SimpleQuantity|4.0.1]]} {[]}
","High Range, if relevant","Berisi data mengenai nilai batas atas rentang referensi.","","","","","","","","","",,,,,"",,,,"Observation.referenceRange.high",0,1,"obs-3
","ele-1:All FHIR elements must have a @value or children {hasValue() or (children().count() > id.count())}
","OBX-7","value:IVL_PQ.high"
"Observation.component.referenceRange.type","Observation.component.referenceRange.type","","","",0,1,"","","","CodeableConcept {[]} {[]}
","Reference range qualifier","Berisi satu atau lebih data mengenai kode untuk menunjukkan bagian mana dari populasi referensi yang ditargetkan berlaku dengan tipe data CodeableConcept.","This SHOULD be populated if there is more than one range.  If this element is not present then the normal range is assumed.","Need to be able to say what kind of reference range this is - normal, recommended, therapeutic, etc.,  - for proper interpretation.","","","","","","","",,"preferred","Code for the meaning of a reference range.","http://hl7.org/fhir/ValueSet/referencerange-meaning|4.0.1","",,,,"Observation.referenceRange.type",0,1,"","ele-1:All FHIR elements must have a @value or children {hasValue() or (children().count() > id.count())}
","< 260245000 |Findings values| OR  < 365860008 |General clinical state finding| OR < 250171008 |Clinical history or observation findings| OR  < 415229000 |Racial group| OR < 365400002 |Finding of puberty stage| OR< 443938003 |Procedure carried out on subject|","OBX-10","interpretationCode"
"Observation.component.referenceRange.appliesTo","Observation.component.referenceRange.appliesTo","","","",0,1,"","","","CodeableConcept {[]} {[]}
","Reference range population","Berisi satu atau lebih data mengenai kode untuk menunjukkan populasi target yang berlaku untuk rentang referensi ini dengan tipe data CodeableConcept.","This SHOULD be populated if there is more than one range.  If this element is not present then the normal population is assumed.","Need to be able to identify the target population for proper interpretation.","","","","","","","",,"example","Codes identifying the population the reference range applies to.","http://hl7.org/fhir/ValueSet/referencerange-appliesto|4.0.1","",,,,"Observation.referenceRange.appliesTo",0,*,"","ele-1:All FHIR elements must have a @value or children {hasValue() or (children().count() > id.count())}
","< 260245000 |Findings values| OR  < 365860008 |General clinical state finding| OR < 250171008 |Clinical history or observation findings| OR  < 415229000 |Racial group| OR < 365400002 |Finding of puberty stage| OR< 443938003 |Procedure carried out on subject|","OBX-10","interpretationCode"
"Observation.component.referenceRange.age","Observation.component.referenceRange.age","","","",0,1,"","","","Range {[]} {[]}
","Applicable age range, if relevant","Berisi data mengenai usia saat rentang referensi ini berlaku dengan tipe data Range.","","Some analytes vary greatly over age.","","","","","","","",,,,,"",,,,"Observation.referenceRange.age",0,1,"","ele-1:All FHIR elements must have a @value or children {hasValue() or (children().count() > id.count())}
","outboundRelationship[typeCode=PRCN].targetObservationCriterion[code=""age""].value"
"Observation.component.referenceRange.text","Observation.component.referenceRange.text","","","",0,1,"","","","string {[]} {[]}
","Text based reference range in an observation","Berisi data mengenai rentang referensi berbasis teks dalam pengamatan yang dapat digunakan ketika rentang kuantitatif tidak sesuai untuk pengamatan dengan tipe data string.","","","","","","","","","",,,,,"",,,,"Observation.referenceRange.text",0,1,"","ele-1:All FHIR elements must have a @value or children {hasValue() or (children().count() > id.count())}
","OBX-7","value:ST"
