"Id","Path","Slice Name","Alias(s)","Label","Min","Max","Must Support?","Is Modifier?","Is Summary?","Type(s)","Short","Definition","Comments","Requirements","Default Value","Meaning When Missing","Fixed Value","Pattern","Example","Minimum Value","Maximum Value","Maximum Length","Binding Strength","Binding Description","Binding Value Set","Code","Slicing Discriminator","Slicing Description","Slicing Ordered","Slicing Rules","Base Path","Base Min","Base Max","Condition(s)","Constraint(s)","Mapping: Mapping to NCPDP SCRIPT 10.6","Mapping: RIM Mapping","Mapping: FiveWs Pattern Mapping","Mapping: HL7 v2 Mapping"
"Medication","Medication","","","",0,*,"","","","null {[]} {[]}
","Definition of a Medication","This resource is primarily used for the identification and definition of a medication for the purposes of prescribing, dispensing, and administering a medication as well as for making statements about medication use.","","","","","","","","","",,,,,"",,,,"Medication",0,*,"","dom-2:If the resource is contained in another resource, it SHALL NOT contain nested Resources {contained.contained.empty()}
dom-3:If the resource is contained in another resource, it SHALL be referred to from elsewhere in the resource or SHALL refer to the containing resource {contained.where((('#'+id in (%resource.descendants().reference | %resource.descendants().as(canonical) | %resource.descendants().as(uri) | %resource.descendants().as(url))) or descendants().where(reference = '#').exists() or descendants().where(as(canonical) = '#').exists() or descendants().where(as(canonical) = '#').exists()).not()).trace('unmatched', id).empty()}dom-4:If a resource is contained in another resource, it SHALL NOT have a meta.versionId or a meta.lastUpdated {contained.meta.versionId.empty() and contained.meta.lastUpdated.empty()}dom-5:If a resource is contained in another resource, it SHALL NOT have a security label {contained.meta.security.empty()}dom-6:A resource should have narrative for robust management {text.`div`.exists()}","NewRx/MedicationPrescribed-or-RxFill/MedicationDispensed-or-RxHistoryResponse/MedicationDispensed-or-RxHistoryResponse/MedicationPrescribed","Entity. Role, or Act","ManufacturedProduct[classCode=ADMM]"
"Medication.id","Medication.id","","","",0,1,"","","Y","id {[]} {[]}
","Logical id of this artifact","The logical id of the resource, as used in the URL for the resource. Once assigned, this value never changes.","The only time that a resource does not have an id is when it is being submitted to the server using a create operation.","","","","","","","","",,,,,"",,,,"Resource.id",0,1,"",""
"Medication.meta","Medication.meta","","","",0,1,"","","Y","Meta {[]} {[]}
","Metadata about the resource","The metadata about the resource. This is content that is maintained by the infrastructure. Changes to the content might not always be associated with version changes to the resource.","","","","","","","","","",,,,,"",,,,"Resource.meta",0,1,"","ele-1:All FHIR elements must have a @value or children {hasValue() or (children().count() > id.count())}
"
"Medication.implicitRules","Medication.implicitRules","","","",0,1,"","Y","Y","uri {[]} {[]}
","A set of rules under which this content was created","A reference to a set of rules that were followed when the resource was constructed, and which must be understood when processing the content. Often, this is a reference to an implementation guide that defines the special rules along with other profiles etc.","Asserting this rule set restricts the content to be only understood by a limited set of trading partners. This inherently limits the usefulness of the data in the long term. However, the existing health eco-system is highly fractured, and not yet ready to define, collect, and exchange data in a generally computable sense. Wherever possible, implementers and/or specification writers should avoid using this element. Often, when used, the URL is a reference to an implementation guide that defines these special rules as part of it's narrative along with other profiles, value sets, etc.","","","","","","","","",,,,,"",,,,"Resource.implicitRules",0,1,"","ele-1:All FHIR elements must have a @value or children {hasValue() or (children().count() > id.count())}
"
"Medication.language","Medication.language","","","",0,1,"","","","code {[]} {[]}
","Language of the resource content","The base language in which the resource is written.","Language is provided to support indexing and accessibility (typically, services such as text to speech use the language tag). The html language tag in the narrative applies  to the narrative. The language tag on the resource may be used to specify the language of other presentations generated from the data in the resource. Not all the content has to be in the base language. The Resource.language should not be assumed to apply to the narrative automatically. If a language is specified, it should it also be specified on the div element in the html (see rules in HTML5 for information about the relationship between xml:lang and the html lang attribute).","","","","","","","","",,"preferred","A human language.","http://hl7.org/fhir/ValueSet/languages|4.0.1","",,,,"Resource.language",0,1,"","ele-1:All FHIR elements must have a @value or children {hasValue() or (children().count() > id.count())}
"
"Medication.text","Medication.text","","narrative
htmlxhtmldisplay","",0,1,"","","","Narrative {[]} {[]}
","Text summary of the resource, for human interpretation","A human-readable narrative that contains a summary of the resource and can be used to represent the content of the resource to a human. The narrative need not encode all the structured data, but is required to contain sufficient detail to make it ""clinically safe"" for a human to just read the narrative. Resource definitions may define what content should be represented in the narrative to ensure clinical safety.","Contained resources do not have narrative. Resources that are not contained SHOULD have a narrative. In some cases, a resource may only have text with little or no additional discrete data (as long as all minOccurs=1 elements are satisfied).  This may be necessary for data from legacy systems where information is captured as a ""text blob"" or where text is additionally entered raw or narrated and encoded information is added later.","","","","","","","","",,,,,"",,,,"DomainResource.text",0,1,"","ele-1:All FHIR elements must have a @value or children {hasValue() or (children().count() > id.count())}
","Act.text?"
"Medication.contained","Medication.contained","","inline resources
anonymous resourcescontained resources","",0,*,"","","","Resource {[]} {[]}
","Contained, inline Resources","These resources do not have an independent existence apart from the resource that contains them - they cannot be identified independently, and nor can they have their own independent transaction scope.","This should never be done when the content can be identified properly, as once identification is lost, it is extremely difficult (and context dependent) to restore it again. Contained resources may have profiles and tags In their meta elements, but SHALL NOT have security labels.","","","","","","","","",,,,,"",,,,"DomainResource.contained",0,*,"","","N/A"
"Medication.extension","Medication.extension","","","",1,*,"","","","Extension {[]} {[]}
","Extension","An Extension","","","","","","","","","",,,,,"","value:url}
","",,"open","DomainResource.extension",0,*,"","ele-1:All FHIR elements must have a @value or children {hasValue() or (children().count() > id.count())}
ext-1:Must have either extensions or value[x], not both {extension.exists() != value.exists()}"
"Medication.extension:medicationType","Medication.extension","medicationType","","",1,1,"","","","Extension {[CanonicalType[https://fhir.kemkes.go.id/r4/StructureDefinition/MedicationType]]} {[]}
","Medication Type","Berisi satu atau lebih data bertipe Extension yang digunakan menyimpan informasi apakah obat yang diresepkan atau dikeluarkan merupakan obat non-racikan, obat racikan dengan instruksi berikan dalam dosis demikian/ d.t.d, atau obat racikan non-d.t.d, yang nilai dan strukturnya mengacu pada extension tambahan dengan nama MedicationType.","","","","","","","","","",,,,,"",,,,"DomainResource.extension",0,*,"ele-1
","ele-1:All FHIR elements must have a @value or children {hasValue() or (children().count() > id.count())}
ext-1:Must have either extensions or value[x], not both {extension.exists() != value.exists()}"
"Medication.modifierExtension","Medication.modifierExtension","","extensions
user content","",0,*,"","Y","","Extension {[]} {[]}
","Extensions that cannot be ignored","May be used to represent additional information that is not part of the basic definition of the resource and that modifies the understanding of the element that contains it and/or the understanding of the containing element's descendants. Usually modifier elements provide negation or qualification. To make the use of extensions safe and manageable, there is a strict set of governance applied to the definition and use of extensions. Though any implementer is allowed to define an extension, there is a set of requirements that SHALL be met as part of the definition of the extension. Applications processing a resource are required to check for modifier extensions.

Modifier extensions SHALL NOT change the meaning of any elements on Resource or DomainResource (including cannot change the meaning of modifierExtension itself).","There can be no stigma associated with the use of extensions by any application, project, or standard - regardless of the institution or jurisdiction that uses or defines the extensions.  The use of extensions is what allows the FHIR specification to retain a core level of simplicity for everyone.","Modifier extensions allow for extensions that *cannot* be safely ignored to be clearly distinguished from the vast majority of extensions which can be safely ignored.  This promotes interoperability by eliminating the need for implementers to prohibit the presence of extensions. For further information, see the [definition of modifier extensions](http://hl7.org/fhir/R4/extensibility.html#modifierExtension).","","","","","","","",,,,,"",,,,"DomainResource.modifierExtension",0,*,"","ele-1:All FHIR elements must have a @value or children {hasValue() or (children().count() > id.count())}
ext-1:Must have either extensions or value[x], not both {extension.exists() != value.exists()}","N/A"
"Medication.identifier","Medication.identifier","","","",0,*,"","","Y","Identifier {[]} {[]}
","Business identifier for this medication","Berisi data kode lokal obat di masing-masing institusi. Apabila data obat yang dikirimkan merupakan data obat racikan, Medication.identifier dapat dikosongkan.","The serial number could be included as an identifier.","","","","","","","","",,,,,"",,,,"Medication.identifier",0,*,"","ele-1:All FHIR elements must have a @value or children {hasValue() or (children().count() > id.count())}
",".id","FiveWs.identifier"
"Medication.code","Medication.code","","","",0,1,"","","Y","CodeableConcept {[]} {[]}
","Codes that identify this medication","Berisi data kode obat yang digunakan akan menggunakan kode obat yang tersedia pada KFA (kamus farmasi dan alat kesehatan) dengan tipe data CodeableConcept.","Depending on the context of use, the code that was actually selected by the user (prescriber, dispenser, etc.) will have the coding.userSelected set to true.  As described in the coding datatype: ""A coding may be marked as a ""userSelected"" if a user selected the particular coded value in a user interface (e.g. the user selects an item in a pick-list). If a user selected coding exists, it is the preferred choice for performing translations etc. Other codes can only be literal translations to alternative code systems, or codes at a lower level of granularity (e.g. a generic code for a vendor-specific primary one).","","","","","","","","",,"example","A coded concept that defines the type of a medication.","http://hl7.org/fhir/ValueSet/medication-codes|4.0.1","",,,,"Medication.code",0,1,"","ele-1:All FHIR elements must have a @value or children {hasValue() or (children().count() > id.count())}
","coding.code = //element(*,MedicationType)/DrugCoded/ProductCodecoding.system = //element(*,MedicationType)/DrugCoded/ProductCodeQualifiercoding.display = //element(*,MedicationType)/DrugDescription",".code","FiveWs.class","RXO-1.1-Requested Give Code.code / RXE-2.1-Give Code.code / RXD-2.1-Dispense/Give Code.code / RXG-4.1-Give Code.code /RXA-5.1-Administered Code.code / RXC-2.1 Component Code"
"Medication.status","Medication.status","","","",0,1,"","Y","Y","code {[]} {[]}
","active | inactive | entered-in-error","Berisi data kode yang mengindikasikan pengobatan dalam penggunaan aktif dengan tipe data code, yang nilainya mengacu pada data terminologi Medication Status Codes.","This status is intended to identify if the medication in a local system is in active use within a drug database or inventory.  For example, a pharmacy system may create a new drug file record for a compounded product ""ABC Hospital Special Cream"" with an active status.  At some point in the future, it may be determined that the drug record was created with an error and the status is changed to ""entered in error"".   This status is not intended to specify if a medication is part of a particular formulary.  It is possible that the drug record may be referenced by multiple formularies or catalogues and each of those entries would have a separate status.","","","","","","","","",,"required","A coded concept defining if the medication is in active use.","http://hl7.org/fhir/ValueSet/medication-status|4.0.1","",,,,"Medication.status",0,1,"","ele-1:All FHIR elements must have a @value or children {hasValue() or (children().count() > id.count())}
",".statusCode"
"Medication.manufacturer","Medication.manufacturer","","","",0,1,"","","Y","Reference {[]} {[CanonicalType[http://hl7.org/fhir/StructureDefinition/Organization|4.0.1]]}
","Manufacturer of the item","Berisi data kode obat dengan tipe data Reference, yang direferensikan ke data yang tersimpan di resource Organization, yang menyimpan data pabrik obat.","","","","","","","","","",,,,,"",,,,"Medication.manufacturer",0,1,"","ele-1:All FHIR elements must have a @value or children {hasValue() or (children().count() > id.count())}
","no mapping",".player.scopingRole[typeCode=MANU].scoper","FiveWs.actor","RXD-20-Substance Manufacturer Name / RXG-21-Substance Manufacturer Name / RXA-17-Substance Manufacturer Name"
"Medication.form","Medication.form","","","",0,1,"","","","CodeableConcept {[]} {[]}
","powder | tablets | capsule +","Berisi data yang menjelaskan bentuk dari sediaan obat yang merujuk pada Peraturan Kepala Badan Pengawas Obat dan Makanan Republik Indonesia Nomor 24 Tahun 2017, dengan tipe data CodeableConcept.","When Medication is referenced from MedicationRequest, this is the ordered form.  When Medication is referenced within MedicationDispense, this is the dispensed form.  When Medication is referenced within MedicationAdministration, this is administered form.","","","","","","","","",,"example","A coded concept defining the form of a medication.","http://hl7.org/fhir/ValueSet/medication-form-codes|4.0.1","",,,,"Medication.form",0,1,"","ele-1:All FHIR elements must have a @value or children {hasValue() or (children().count() > id.count())}
","coding.code =  //element(*,DrugCodedType)/FormCodecoding.system = //element(*,DrugCodedType)/FormSourceCode",".formCode","RXO-5-Requested Dosage Form / RXE-6-Give Dosage Form / RXD-6-Actual Dosage Form / RXG-8-Give Dosage Form / RXA-8-Administered Dosage Form"
"Medication.amount","Medication.amount","","","",0,1,"","","Y","Ratio {[]} {[]}
","Amount of drug in package","Berisi data mengenai jumlah spesifik obat dalam produk kemasan dengan tipe data Ratio.","","","","","","","","","",,,,,"",,,,"Medication.amount",0,1,"","ele-1:All FHIR elements must have a @value or children {hasValue() or (children().count() > id.count())}
",".quantity"
"Medication.ingredient","Medication.ingredient","","","",0,*,"","","","BackboneElement {[]} {[]}
","Active or inactive ingredient","Berisi data bahan sebenarnya-baik zat (bahan sederhana) atau obat lain dari obat dengan tipe data BackboneElement.","The ingredients need not be a complete list.  If an ingredient is not specified, this does not indicate whether an ingredient is present or absent.  If an ingredient is specified it does not mean that all ingredients are specified.  It is possible to specify both inactive and active ingredients.","","","","","","","","",,,,,"",,,,"Medication.ingredient",0,*,"","ele-1:All FHIR elements must have a @value or children {hasValue() or (children().count() > id.count())}
",".scopesRole[typeCode=INGR]"
"Medication.ingredient.id","Medication.ingredient.id","","","",0,1,"","","","string {[]} {[]}
","Unique id for inter-element referencing","Unique id for the element within a resource (for internal references). This may be any string value that does not contain spaces.","","","","","","","","","",,,,,"",,,,"Element.id",0,1,"","","n/a"
"Medication.ingredient.extension","Medication.ingredient.extension","","extensions
user content","",0,*,"","","","Extension {[]} {[]}
","Additional content defined by implementations","May be used to represent additional information that is not part of the basic definition of the element. To make the use of extensions safe and manageable, there is a strict set of governance  applied to the definition and use of extensions. Though any implementer can define an extension, there is a set of requirements that SHALL be met as part of the definition of the extension.","There can be no stigma associated with the use of extensions by any application, project, or standard - regardless of the institution or jurisdiction that uses or defines the extensions.  The use of extensions is what allows the FHIR specification to retain a core level of simplicity for everyone.","","","","","","","","",,,,,"",,,,"Element.extension",0,*,"","ele-1:All FHIR elements must have a @value or children {hasValue() or (children().count() > id.count())}
ext-1:Must have either extensions or value[x], not both {extension.exists() != value.exists()}","n/a"
"Medication.ingredient.modifierExtension","Medication.ingredient.modifierExtension","","extensions
user contentmodifiers","",0,*,"","Y","Y","Extension {[]} {[]}
","Extensions that cannot be ignored even if unrecognized","May be used to represent additional information that is not part of the basic definition of the element and that modifies the understanding of the element in which it is contained and/or the understanding of the containing element's descendants. Usually modifier elements provide negation or qualification. To make the use of extensions safe and manageable, there is a strict set of governance applied to the definition and use of extensions. Though any implementer can define an extension, there is a set of requirements that SHALL be met as part of the definition of the extension. Applications processing a resource are required to check for modifier extensions.

Modifier extensions SHALL NOT change the meaning of any elements on Resource or DomainResource (including cannot change the meaning of modifierExtension itself).","There can be no stigma associated with the use of extensions by any application, project, or standard - regardless of the institution or jurisdiction that uses or defines the extensions.  The use of extensions is what allows the FHIR specification to retain a core level of simplicity for everyone.","Modifier extensions allow for extensions that *cannot* be safely ignored to be clearly distinguished from the vast majority of extensions which can be safely ignored.  This promotes interoperability by eliminating the need for implementers to prohibit the presence of extensions. For further information, see the [definition of modifier extensions](http://hl7.org/fhir/R4/extensibility.html#modifierExtension).","","","","","","","",,,,,"",,,,"BackboneElement.modifierExtension",0,*,"","ele-1:All FHIR elements must have a @value or children {hasValue() or (children().count() > id.count())}
ext-1:Must have either extensions or value[x], not both {extension.exists() != value.exists()}","N/A"
"Medication.ingredient.item[x]","Medication.ingredient.item[x]","","","",1,1,"","","","CodeableConcept {[]} {[]}
Reference {[]} {[CanonicalType[http://hl7.org/fhir/StructureDefinition/Substance|4.0.1], CanonicalType[http://hl7.org/fhir/StructureDefinition/Medication|4.0.1]]}","The actual ingredient or content","Berisi data mengenai bahan sebenarnya-baik zat (bahan sederhana) atau obat lain dari obat.","","The ingredient may reference a substance (for example, amoxicillin) or another medication (for example in the case of a compounded product, Glaxal Base).","","","","","","","",,,,,"","type:$this}
","",,"closed","Medication.ingredient.item[x]",1,1,"","ele-1:All FHIR elements must have a @value or children {hasValue() or (children().count() > id.count())}
","coding.code = //element(*,MedicationType)/DrugCoded/ProductCodecoding.system = //element(*,MedicationType)/DrugCoded/ProductCodeQualifiercoding.display = //element(*,MedicationType)/DrugDescription",".player","RXC-2-Component Code  if medication: RXO-1-Requested Give Code / RXE-2-Give Code / RXD-2-Dispense/Give Code / RXG-4-Give Code / RXA-5-Administered Code"
"Medication.ingredient.item[x]:itemCodeableConcept","Medication.ingredient.item[x]","itemCodeableConcept","","",0,1,"","","","CodeableConcept {[]} {[]}
","The actual ingredient or content","Berisi data kode zat aktif atau kode obat template dengan tipe data Coding, yang nilainya mengacu pada data terminologi Kamus Farmasi dan Alat Kesehatan.","","The ingredient may reference a substance (for example, amoxicillin) or another medication (for example in the case of a compounded product, Glaxal Base).","","","","","","","",,,,,"",,,,"Medication.ingredient.item[x]",1,1,"","ele-1:All FHIR elements must have a @value or children {hasValue() or (children().count() > id.count())}
","coding.code = //element(*,MedicationType)/DrugCoded/ProductCodecoding.system = //element(*,MedicationType)/DrugCoded/ProductCodeQualifiercoding.display = //element(*,MedicationType)/DrugDescription",".player","RXC-2-Component Code  if medication: RXO-1-Requested Give Code / RXE-2-Give Code / RXD-2-Dispense/Give Code / RXG-4-Give Code / RXA-5-Administered Code"
"Medication.ingredient.item[x]:itemReference","Medication.ingredient.item[x]","itemReference","","",0,1,"","","","Reference {[]} {[CanonicalType[http://hl7.org/fhir/StructureDefinition/Substance], CanonicalType[http://hl7.org/fhir/StructureDefinition/Medication]]}
","The actual ingredient or content","Berisi data kode zat aktif atau kode obat template dengan tipe data Reference.","","The ingredient may reference a substance (for example, amoxicillin) or another medication (for example in the case of a compounded product, Glaxal Base).","","","","","","","",,,,,"",,,,"Medication.ingredient.item[x]",1,1,"","ele-1:All FHIR elements must have a @value or children {hasValue() or (children().count() > id.count())}
","coding.code = //element(*,MedicationType)/DrugCoded/ProductCodecoding.system = //element(*,MedicationType)/DrugCoded/ProductCodeQualifiercoding.display = //element(*,MedicationType)/DrugDescription",".player","RXC-2-Component Code  if medication: RXO-1-Requested Give Code / RXE-2-Give Code / RXD-2-Dispense/Give Code / RXG-4-Give Code / RXA-5-Administered Code"
"Medication.ingredient.isActive","Medication.ingredient.isActive","","","",0,1,"","","","boolean {[]} {[]}
","Active ingredient indicator","Berisi data informasi apakah komposisi obat tersebut merupakan zat aktif dengan tipe data boolean.","","True indicates that the ingredient affects the therapeutic action of the drug (i.e. active). False indicates that the ingredient does not affect the therapeutic action of the drug (i.e. inactive).","","","","","","","",,,,,"",,,,"Medication.ingredient.isActive",0,1,"","ele-1:All FHIR elements must have a @value or children {hasValue() or (children().count() > id.count())}
","NA"
"Medication.ingredient.strength","Medication.ingredient.strength","","","",0,1,"","","","Ratio {[]} {[]}
","Quantity of ingredient present","Berisi data informasi jumlah komposisi zat dalam obat (untuk zat aktif, maka diisi dengan kekuatan zat aktif obat) atau jumlah tablet yang dibutuhkan per jumlah pulveres/kapsul yang akan diresepkan dengan tipe data Ratio.","","","","","","","","","",,,,,"",,,,"Medication.ingredient.strength",0,1,"","ele-1:All FHIR elements must have a @value or children {hasValue() or (children().count() > id.count())}
","//element(*,DrugCodedType)/Strength",".quantity","RXC-3-Component Amount & RXC-4-Component Units  if medication: RXO-2-Requested Give Amount - Minimum & RXO-4-Requested Give Units / RXO-3-Requested Give Amount - Maximum & RXO-4-Requested Give Units / RXO-11-Requested Dispense Amount & RXO-12-Requested Dispense Units / RXE-3-Give Amount - Minimum & RXE-5-Give Units / RXE-4-Give Amount - Maximum & RXE-5-Give Units / RXE-10-Dispense Amount & RXE-10-Dispense Units"
"Medication.batch","Medication.batch","","","",0,1,"","","","BackboneElement {[]} {[]}
","Details about packaged medications","Berisi data detail untuk kemasan obat dengan tipe data BackboneElement, yang direferensikan ke data yang tersimpan di resource MedicationDispense.","","","","","","","","","",,,,,"",,,,"Medication.batch",0,1,"","ele-1:All FHIR elements must have a @value or children {hasValue() or (children().count() > id.count())}
","no mapping",".player[classCode=CONT]"
"Medication.batch.id","Medication.batch.id","","","",0,1,"","","","string {[]} {[]}
","Unique id for inter-element referencing","Unique id for the element within a resource (for internal references). This may be any string value that does not contain spaces.","","","","","","","","","",,,,,"",,,,"Element.id",0,1,"","","n/a"
"Medication.batch.extension","Medication.batch.extension","","extensions
user content","",0,*,"","","","Extension {[]} {[]}
","Additional content defined by implementations","May be used to represent additional information that is not part of the basic definition of the element. To make the use of extensions safe and manageable, there is a strict set of governance  applied to the definition and use of extensions. Though any implementer can define an extension, there is a set of requirements that SHALL be met as part of the definition of the extension.","There can be no stigma associated with the use of extensions by any application, project, or standard - regardless of the institution or jurisdiction that uses or defines the extensions.  The use of extensions is what allows the FHIR specification to retain a core level of simplicity for everyone.","","","","","","","","",,,,,"",,,,"Element.extension",0,*,"","ele-1:All FHIR elements must have a @value or children {hasValue() or (children().count() > id.count())}
ext-1:Must have either extensions or value[x], not both {extension.exists() != value.exists()}","n/a"
"Medication.batch.modifierExtension","Medication.batch.modifierExtension","","extensions
user contentmodifiers","",0,*,"","Y","Y","Extension {[]} {[]}
","Extensions that cannot be ignored even if unrecognized","May be used to represent additional information that is not part of the basic definition of the element and that modifies the understanding of the element in which it is contained and/or the understanding of the containing element's descendants. Usually modifier elements provide negation or qualification. To make the use of extensions safe and manageable, there is a strict set of governance applied to the definition and use of extensions. Though any implementer can define an extension, there is a set of requirements that SHALL be met as part of the definition of the extension. Applications processing a resource are required to check for modifier extensions.

Modifier extensions SHALL NOT change the meaning of any elements on Resource or DomainResource (including cannot change the meaning of modifierExtension itself).","There can be no stigma associated with the use of extensions by any application, project, or standard - regardless of the institution or jurisdiction that uses or defines the extensions.  The use of extensions is what allows the FHIR specification to retain a core level of simplicity for everyone.","Modifier extensions allow for extensions that *cannot* be safely ignored to be clearly distinguished from the vast majority of extensions which can be safely ignored.  This promotes interoperability by eliminating the need for implementers to prohibit the presence of extensions. For further information, see the [definition of modifier extensions](http://hl7.org/fhir/R4/extensibility.html#modifierExtension).","","","","","","","",,,,,"",,,,"BackboneElement.modifierExtension",0,*,"","ele-1:All FHIR elements must have a @value or children {hasValue() or (children().count() > id.count())}
ext-1:Must have either extensions or value[x], not both {extension.exists() != value.exists()}","N/A"
"Medication.batch.lotNumber","Medication.batch.lotNumber","","","",0,1,"","","","string {[]} {[]}
","Identifier assigned to batch","Berisi data nomor batch obat dengan tipe data string.","","","","","","","","","",,,,,"",,,,"Medication.batch.lotNumber",0,1,"","ele-1:All FHIR elements must have a @value or children {hasValue() or (children().count() > id.count())}
","no mapping",".id","RXA-15 Substance Lot Number / RXG-19 Substance Lot Number"
"Medication.batch.expirationDate","Medication.batch.expirationDate","","","",0,1,"","","","dateTime {[]} {[]}
","When batch will expire","Berisi data tanggal kadaluarsa obat dengan tipe data dateTime, dengan format yang diperbolehkan YYYY, YYYY-MM, YYYY-MM-DD atau YYYY-MM-DDThh:mm:ss+zz:zz.","","","","","","","","","",,,,,"",,,,"Medication.batch.expirationDate",0,1,"","ele-1:All FHIR elements must have a @value or children {hasValue() or (children().count() > id.count())}
","no mapping","participation[typeCode=CSM].role[classCode=INST].scopedRole.scoper[classCode=MMAT].expirationTime","RXA-16 Substance Expiration Date / RXG-20 Substance Expiration Date"
