"Id","Path","Slice Name","Alias(s)","Label","Min","Max","Must Support?","Is Modifier?","Is Summary?","Type(s)","Short","Definition","Comments","Requirements","Default Value","Meaning When Missing","Fixed Value","Pattern","Example","Minimum Value","Maximum Value","Maximum Length","Binding Strength","Binding Description","Binding Value Set","Code","Slicing Discriminator","Slicing Description","Slicing Ordered","Slicing Rules","Base Path","Base Min","Base Max","Condition(s)","Constraint(s)","Mapping: RIM Mapping","Mapping: FiveWs Pattern Mapping"
"Location","Location","","","",0,*,"","","","null {[]} {[]}
","Details and position information for a physical place","Details and position information for a physical place where services are provided and resources and participants may be stored, found, contained, or accommodated.","","","","","","","","","",,,,,"",,,,"Location",0,*,"","dom-2:If the resource is contained in another resource, it SHALL NOT contain nested Resources {contained.contained.empty()}
dom-3:If the resource is contained in another resource, it SHALL be referred to from elsewhere in the resource or SHALL refer to the containing resource {contained.where((('#'+id in (%resource.descendants().reference | %resource.descendants().as(canonical) | %resource.descendants().as(uri) | %resource.descendants().as(url))) or descendants().where(reference = '#').exists() or descendants().where(as(canonical) = '#').exists() or descendants().where(as(canonical) = '#').exists()).not()).trace('unmatched', id).empty()}dom-4:If a resource is contained in another resource, it SHALL NOT have a meta.versionId or a meta.lastUpdated {contained.meta.versionId.empty() and contained.meta.lastUpdated.empty()}dom-5:If a resource is contained in another resource, it SHALL NOT have a security label {contained.meta.security.empty()}dom-6:A resource should have narrative for robust management {text.`div`.exists()}","Entity. Role, or Act",".Role[classCode=SDLC]"
"Location.id","Location.id","","","",0,1,"","","Y","id {[]} {[]}
","Logical id of this artifact","The logical id of the resource, as used in the URL for the resource. Once assigned, this value never changes.","The only time that a resource does not have an id is when it is being submitted to the server using a create operation.","","","","","","","","",,,,,"",,,,"Resource.id",0,1,"",""
"Location.meta","Location.meta","","","",0,1,"","","Y","Meta {[]} {[]}
","Metadata about the resource","The metadata about the resource. This is content that is maintained by the infrastructure. Changes to the content might not always be associated with version changes to the resource.","","","","","","","","","",,,,,"",,,,"Resource.meta",0,1,"","ele-1:All FHIR elements must have a @value or children {hasValue() or (children().count() > id.count())}
"
"Location.implicitRules","Location.implicitRules","","","",0,1,"","Y","Y","uri {[]} {[]}
","A set of rules under which this content was created","A reference to a set of rules that were followed when the resource was constructed, and which must be understood when processing the content. Often, this is a reference to an implementation guide that defines the special rules along with other profiles etc.","Asserting this rule set restricts the content to be only understood by a limited set of trading partners. This inherently limits the usefulness of the data in the long term. However, the existing health eco-system is highly fractured, and not yet ready to define, collect, and exchange data in a generally computable sense. Wherever possible, implementers and/or specification writers should avoid using this element. Often, when used, the URL is a reference to an implementation guide that defines these special rules as part of it's narrative along with other profiles, value sets, etc.","","","","","","","","",,,,,"",,,,"Resource.implicitRules",0,1,"","ele-1:All FHIR elements must have a @value or children {hasValue() or (children().count() > id.count())}
"
"Location.language","Location.language","","","",0,1,"","","","code {[]} {[]}
","Language of the resource content","The base language in which the resource is written.","Language is provided to support indexing and accessibility (typically, services such as text to speech use the language tag). The html language tag in the narrative applies  to the narrative. The language tag on the resource may be used to specify the language of other presentations generated from the data in the resource. Not all the content has to be in the base language. The Resource.language should not be assumed to apply to the narrative automatically. If a language is specified, it should it also be specified on the div element in the html (see rules in HTML5 for information about the relationship between xml:lang and the html lang attribute).","","","","","","","","",,"preferred","A human language.","http://hl7.org/fhir/ValueSet/languages|4.0.1","",,,,"Resource.language",0,1,"","ele-1:All FHIR elements must have a @value or children {hasValue() or (children().count() > id.count())}
"
"Location.text","Location.text","","narrative
htmlxhtmldisplay","",0,1,"","","","Narrative {[]} {[]}
","Text summary of the resource, for human interpretation","A human-readable narrative that contains a summary of the resource and can be used to represent the content of the resource to a human. The narrative need not encode all the structured data, but is required to contain sufficient detail to make it ""clinically safe"" for a human to just read the narrative. Resource definitions may define what content should be represented in the narrative to ensure clinical safety.","Contained resources do not have narrative. Resources that are not contained SHOULD have a narrative. In some cases, a resource may only have text with little or no additional discrete data (as long as all minOccurs=1 elements are satisfied).  This may be necessary for data from legacy systems where information is captured as a ""text blob"" or where text is additionally entered raw or narrated and encoded information is added later.","","","","","","","","",,,,,"",,,,"DomainResource.text",0,1,"","ele-1:All FHIR elements must have a @value or children {hasValue() or (children().count() > id.count())}
","Act.text?"
"Location.contained","Location.contained","","inline resources
anonymous resourcescontained resources","",0,*,"","","","Resource {[]} {[]}
","Contained, inline Resources","These resources do not have an independent existence apart from the resource that contains them - they cannot be identified independently, and nor can they have their own independent transaction scope.","This should never be done when the content can be identified properly, as once identification is lost, it is extremely difficult (and context dependent) to restore it again. Contained resources may have profiles and tags In their meta elements, but SHALL NOT have security labels.","","","","","","","","",,,,,"",,,,"DomainResource.contained",0,*,"","","N/A"
"Location.extension","Location.extension","","","",0,*,"","","","Extension {[]} {[]}
","Extension","An Extension","","","","","","","","","",,,,,"","value:url}
","",,"open","DomainResource.extension",0,*,"","ele-1:All FHIR elements must have a @value or children {hasValue() or (children().count() > id.count())}
ext-1:Must have either extensions or value[x], not both {extension.exists() != value.exists()}"
"Location.extension:serviceClass","Location.extension","serviceClass","","",0,1,"","","","Extension {[CanonicalType[https://fhir.kemkes.go.id/r4/StructureDefinition/ServiceClass]]} {[]}
","Service Class","Berisi data bertipe CodeableConcept yang digunakan untuk mendefinisikan ruang kelas perawatan seperti Kelas 1, Kelas 2, Kelas 3, Kelas VIP, dan Kelas VVIP.","","","","","","","","","",,,,,"",,,,"DomainResource.extension",0,*,"ele-1
","ele-1:All FHIR elements must have a @value or children {hasValue() or (children().count() > id.count())}
ext-1:Must have either extensions or value[x], not both {extension.exists() != value.exists()}"
"Location.modifierExtension","Location.modifierExtension","","extensions
user content","",0,*,"","Y","","Extension {[]} {[]}
","Extensions that cannot be ignored","May be used to represent additional information that is not part of the basic definition of the resource and that modifies the understanding of the element that contains it and/or the understanding of the containing element's descendants. Usually modifier elements provide negation or qualification. To make the use of extensions safe and manageable, there is a strict set of governance applied to the definition and use of extensions. Though any implementer is allowed to define an extension, there is a set of requirements that SHALL be met as part of the definition of the extension. Applications processing a resource are required to check for modifier extensions.

Modifier extensions SHALL NOT change the meaning of any elements on Resource or DomainResource (including cannot change the meaning of modifierExtension itself).","There can be no stigma associated with the use of extensions by any application, project, or standard - regardless of the institution or jurisdiction that uses or defines the extensions.  The use of extensions is what allows the FHIR specification to retain a core level of simplicity for everyone.","Modifier extensions allow for extensions that *cannot* be safely ignored to be clearly distinguished from the vast majority of extensions which can be safely ignored.  This promotes interoperability by eliminating the need for implementers to prohibit the presence of extensions. For further information, see the [definition of modifier extensions](http://hl7.org/fhir/R4/extensibility.html#modifierExtension).","","","","","","","",,,,,"",,,,"DomainResource.modifierExtension",0,*,"","ele-1:All FHIR elements must have a @value or children {hasValue() or (children().count() > id.count())}
ext-1:Must have either extensions or value[x], not both {extension.exists() != value.exists()}","N/A"
"Location.identifier","Location.identifier","","","",0,*,"","","Y","Identifier {[]} {[]}
","Unique code or number identifying the location to its users","Berisi satu atau lebih daftar data mengenai informasi terkait kode atau nomor internal sub lokasi yang dimiliki oleh lokasi induk yang setiap datanya direpresentasikan dengan tipe data Identifier.","","Organization label locations in registries, need to keep track of those.","","","","","","","",,,,,"",,,,"Location.identifier",0,*,"","ele-1:All FHIR elements must have a @value or children {hasValue() or (children().count() > id.count())}
",".id","FiveWs.identifier"
"Location.status","Location.status","","","",0,1,"","Y","Y","code {[]} {[]}
","active | suspended | inactive","Berisi data status lokasi dengan tipe data code, yang nilainya mengacu pada data terminologi LocationStatus.","","","","","","","","","",,"required","Indicates whether the location is still in use.","http://hl7.org/fhir/ValueSet/location-status|4.0.1","",,,,"Location.status",0,1,"","ele-1:All FHIR elements must have a @value or children {hasValue() or (children().count() > id.count())}
",".statusCode","FiveWs.status"
"Location.operationalStatus","Location.operationalStatus","","","",0,1,"","","Y","Coding {[]} {[]}
","The operational status of the location (typically only for a bed/room)","Berisi data status operasional lokasi, terutama digunakan untuk bed/kamar dengan tipe data Coding, yang nilainya mengacu pada data terminologi Hl7VSBedStatus.","","","","","","","","","",,"preferred","The operational status if the location (where typically a bed/room).","http://terminology.hl7.org/ValueSet/v2-0116","",,,,"Location.operationalStatus",0,1,"","ele-1:All FHIR elements must have a @value or children {hasValue() or (children().count() > id.count())}
","n/a","FiveWs.status"
"Location.name","Location.name","","","",0,1,"","","Y","string {[]} {[]}
","Name of the location as used by humans","Berisi data nama lokasi dengan tipe data string.","If the name of a location changes, consider putting the old name in the alias column so that it can still be located through searches.","","","","","","","","",,,,,"",,,,"Location.name",0,1,"","ele-1:All FHIR elements must have a @value or children {hasValue() or (children().count() > id.count())}
",".name"
"Location.alias","Location.alias","","","",0,*,"","","","string {[]} {[]}
","A list of alternate names that the location is known as, or was known as, in the past","Berisi data nama lain lokasi dengan tipe data string.","There are no dates associated with the alias/historic names, as this is not intended to track when names were used, but to assist in searching so that older names can still result in identifying the location.","Over time locations and organizations go through many changes and can be known by different names.

For searching knowing previous names that the location was known by can be very useful.","","","","","","","",,,,,"",,,,"Location.alias",0,*,"","ele-1:All FHIR elements must have a @value or children {hasValue() or (children().count() > id.count())}
",".name"
"Location.description","Location.description","","","",0,1,"","","Y","string {[]} {[]}
","Additional details about the location that could be displayed as further information to identify the location beyond its name","Berisi data deskripsi lokasi dengan tipe data string.","","Humans need additional information to verify a correct location has been identified.","","","","","","","",,,,,"",,,,"Location.description",0,1,"","ele-1:All FHIR elements must have a @value or children {hasValue() or (children().count() > id.count())}
",".playingEntity[classCode=PLC determinerCode=INSTANCE].desc"
"Location.mode","Location.mode","","","",0,1,"","","Y","code {[]} {[]}
","instance | kind","Berisi data terkait apakah suatu lokasi merupakan lokasi spesifik (contoh: Ruang Operasi A, Kamar Rawat Inap 215, dll) atau kelompok/kelas lokasi (contoh: Ruang Operasi, Kamar Rawat Inap, dll) dengan tipe data code, yang nilainya mengacu pada data terminologi LocationMode.","This is labeled as a modifier because whether or not the location is a class of locations changes how it can be used and understood.","When using a Location resource for scheduling or orders, we need to be able to refer to a class of Locations instead of a specific Location.","","","","","","","",,"required","Indicates whether a resource instance represents a specific location or a class of locations.","http://hl7.org/fhir/ValueSet/location-mode|4.0.1","",,,,"Location.mode",0,1,"","ele-1:All FHIR elements must have a @value or children {hasValue() or (children().count() > id.count())}
",".playingEntity[classCode=PLC].determinerCode","FiveWs.class"
"Location.type","Location.type","","","",0,*,"","","Y","CodeableConcept {[]} {[]}
","Type of function performed","Berisi data tipe lokasi dengan tipe data CodeableConcept.","","","","","","","","","",,"extensible","Indicates the type of function performed at the location.","http://terminology.hl7.org/ValueSet/v3-ServiceDeliveryLocationRoleType","",,,,"Location.type",0,*,"","ele-1:All FHIR elements must have a @value or children {hasValue() or (children().count() > id.count())}
",".code","FiveWs.class"
"Location.telecom","Location.telecom","","","",0,*,"","","","ContactPoint {[]} {[]}
","Contact details of the location","Berisi satu atau lebih daftar data mengenai informasi terkait kode atau nomor internal sub lokasi yang dimiliki oleh lokasi induk yang setiap datanya direpresentasikan dengan tipe data ContactPoint.","","","","","","","","","",,,,,"",,,,"Location.telecom",0,*,"","ele-1:All FHIR elements must have a @value or children {hasValue() or (children().count() > id.count())}
",".telecom"
"Location.address","Location.address","","","",0,1,"","","","Address {[]} {[]}
","Physical location","Berisi satu atau lebih daftar data mengenai informasi terkait kode atau nomor internal sub lokasi yang dimiliki oleh lokasi induk yang setiap datanya direpresentasikan dengan tipe data Address.","Additional addresses should be recorded using another instance of the Location resource, or via the Organization.","If locations can be visited, we need to keep track of their address.","","","","","","","",,,,,"",,,,"Location.address",0,1,"","ele-1:All FHIR elements must have a @value or children {hasValue() or (children().count() > id.count())}
",".addr"
"Location.physicalType","Location.physicalType","","","",0,1,"","","Y","CodeableConcept {[]} {[]}
","Physical form of the location","Berisi satu atau lebih daftar data mengenai informasi terkait tipe fisik lokasi dengan tipe data Coding, yang nilainya mengacu pada terminologi LocationType.","","For purposes of showing relevant locations in queries, we need to categorize locations.","","","","","","","",,"example","Physical form of the location.","http://hl7.org/fhir/ValueSet/location-physical-type|4.0.1","",,,,"Location.physicalType",0,1,"","ele-1:All FHIR elements must have a @value or children {hasValue() or (children().count() > id.count())}
",".playingEntity [classCode=PLC].code","FiveWs.class"
"Location.position","Location.position","","","",0,1,"","","","BackboneElement {[]} {[]}
","The absolute geographic location","Berisi data lokasi secara geografis (longitude, latitude, altitude) dengan tipe data BackboneElement.","","For mobile applications and automated route-finding knowing the exact location of the Location is required.","","","","","","","",,,,,"",,,,"Location.position",0,1,"","ele-1:All FHIR elements must have a @value or children {hasValue() or (children().count() > id.count())}
",".playingEntity [classCode=PLC determinerCode=INSTANCE].positionText"
"Location.position.id","Location.position.id","","","",0,1,"","","","string {[]} {[]}
","Unique id for inter-element referencing","Unique id for the element within a resource (for internal references). This may be any string value that does not contain spaces.","","","","","","","","","",,,,,"",,,,"Element.id",0,1,"","","n/a"
"Location.position.extension","Location.position.extension","","extensions
user content","",0,*,"","","","Extension {[]} {[]}
","Additional content defined by implementations","May be used to represent additional information that is not part of the basic definition of the element. To make the use of extensions safe and manageable, there is a strict set of governance  applied to the definition and use of extensions. Though any implementer can define an extension, there is a set of requirements that SHALL be met as part of the definition of the extension.","There can be no stigma associated with the use of extensions by any application, project, or standard - regardless of the institution or jurisdiction that uses or defines the extensions.  The use of extensions is what allows the FHIR specification to retain a core level of simplicity for everyone.","","","","","","","","",,,,,"",,,,"Element.extension",0,*,"","ele-1:All FHIR elements must have a @value or children {hasValue() or (children().count() > id.count())}
ext-1:Must have either extensions or value[x], not both {extension.exists() != value.exists()}","n/a"
"Location.position.modifierExtension","Location.position.modifierExtension","","extensions
user contentmodifiers","",0,*,"","Y","Y","Extension {[]} {[]}
","Extensions that cannot be ignored even if unrecognized","May be used to represent additional information that is not part of the basic definition of the element and that modifies the understanding of the element in which it is contained and/or the understanding of the containing element's descendants. Usually modifier elements provide negation or qualification. To make the use of extensions safe and manageable, there is a strict set of governance applied to the definition and use of extensions. Though any implementer can define an extension, there is a set of requirements that SHALL be met as part of the definition of the extension. Applications processing a resource are required to check for modifier extensions.

Modifier extensions SHALL NOT change the meaning of any elements on Resource or DomainResource (including cannot change the meaning of modifierExtension itself).","There can be no stigma associated with the use of extensions by any application, project, or standard - regardless of the institution or jurisdiction that uses or defines the extensions.  The use of extensions is what allows the FHIR specification to retain a core level of simplicity for everyone.","Modifier extensions allow for extensions that *cannot* be safely ignored to be clearly distinguished from the vast majority of extensions which can be safely ignored.  This promotes interoperability by eliminating the need for implementers to prohibit the presence of extensions. For further information, see the [definition of modifier extensions](http://hl7.org/fhir/R4/extensibility.html#modifierExtension).","","","","","","","",,,,,"",,,,"BackboneElement.modifierExtension",0,*,"","ele-1:All FHIR elements must have a @value or children {hasValue() or (children().count() > id.count())}
ext-1:Must have either extensions or value[x], not both {extension.exists() != value.exists()}","N/A"
"Location.position.longitude","Location.position.longitude","","","",1,1,"","","","decimal {[]} {[]}
","Longitude with WGS84 datum","Berisi data informasi mengenai garis bujur dengan tipe data decimal.","","","","","","","","","",,,,,"",,,,"Location.position.longitude",1,1,"","ele-1:All FHIR elements must have a @value or children {hasValue() or (children().count() > id.count())}
","(RIM Opted not to map the sub-elements of GPS location, is now an OBS)"
"Location.position.latitude","Location.position.latitude","","","",1,1,"","","","decimal {[]} {[]}
","Latitude with WGS84 datum","Berisi data informasi mengenai garis lintang dengan tipe data decimal.","","","","","","","","","",,,,,"",,,,"Location.position.latitude",1,1,"","ele-1:All FHIR elements must have a @value or children {hasValue() or (children().count() > id.count())}
","(RIM Opted not to map the sub-elements of GPS location, is now an OBS)"
"Location.position.altitude","Location.position.altitude","","","",0,1,"","","","decimal {[]} {[]}
","Altitude with WGS84 datum","Berisi data informasi mengenai ketinggian dengan tipe data decimal.","","","","","","","","","",,,,,"",,,,"Location.position.altitude",0,1,"","ele-1:All FHIR elements must have a @value or children {hasValue() or (children().count() > id.count())}
","(RIM Opted not to map the sub-elements of GPS location, is now an OBS)"
"Location.managingOrganization","Location.managingOrganization","","","",0,1,"","","Y","Reference {[]} {[CanonicalType[http://hl7.org/fhir/StructureDefinition/Organization|4.0.1]]}
","Organization responsible for provisioning and upkeep","Berisi data organisasi pengelola lokasi dengan tipe data Reference, yang direferensikan ke data yang tersimpan di resource Organization.","This can also be used as the part of the organization hierarchy where this location provides services. These services can be defined through the HealthcareService resource.","Need to know who manages the location.","","","","","","","",,,,,"",,,,"Location.managingOrganization",0,1,"","ele-1:All FHIR elements must have a @value or children {hasValue() or (children().count() > id.count())}
",".scopingEntity[classCode=ORG determinerKind=INSTANCE]"
"Location.partOf","Location.partOf","","","",0,1,"","","","Reference {[]} {[CanonicalType[http://hl7.org/fhir/StructureDefinition/Location|4.0.1]]}
","Another Location this one is physically a part of","Berisi data lokasi bagian dari lokasi lain (sub lokasi) dengan tipe data Reference, yang direferensikan ke data yang tersimpan di resource Location.","","For purposes of location, display and identification, knowing which locations are located within other locations is important.","","","","","","","",,,,,"",,,,"Location.partOf",0,1,"","ele-1:All FHIR elements must have a @value or children {hasValue() or (children().count() > id.count())}
",".inboundLink[typeCode=PART].source[classCode=SDLC]"
"Location.hoursOfOperation","Location.hoursOfOperation","","","",0,*,"","","","BackboneElement {[]} {[]}
","What days/times during a week is this location usually open","Berisi data mengenai informasi hari/jam berapa lokasi ini beroperasi dalam satu minggu dengan tipe data BackboneElement.","This type of information is commonly found published in directories and on websites informing customers when the facility is available.

Specific services within the location may have their own hours which could be shorter (or longer) than the locations hours.","","","","","","","","",,,,,"",,,,"Location.hoursOfOperation",0,*,"","ele-1:All FHIR elements must have a @value or children {hasValue() or (children().count() > id.count())}
",".effectiveTime"
"Location.hoursOfOperation.id","Location.hoursOfOperation.id","","","",0,1,"","","","string {[]} {[]}
","Unique id for inter-element referencing","Unique id for the element within a resource (for internal references). This may be any string value that does not contain spaces.","","","","","","","","","",,,,,"",,,,"Element.id",0,1,"","","n/a"
"Location.hoursOfOperation.extension","Location.hoursOfOperation.extension","","extensions
user content","",0,*,"","","","Extension {[]} {[]}
","Additional content defined by implementations","May be used to represent additional information that is not part of the basic definition of the element. To make the use of extensions safe and manageable, there is a strict set of governance  applied to the definition and use of extensions. Though any implementer can define an extension, there is a set of requirements that SHALL be met as part of the definition of the extension.","There can be no stigma associated with the use of extensions by any application, project, or standard - regardless of the institution or jurisdiction that uses or defines the extensions.  The use of extensions is what allows the FHIR specification to retain a core level of simplicity for everyone.","","","","","","","","",,,,,"",,,,"Element.extension",0,*,"","ele-1:All FHIR elements must have a @value or children {hasValue() or (children().count() > id.count())}
ext-1:Must have either extensions or value[x], not both {extension.exists() != value.exists()}","n/a"
"Location.hoursOfOperation.modifierExtension","Location.hoursOfOperation.modifierExtension","","extensions
user contentmodifiers","",0,*,"","Y","Y","Extension {[]} {[]}
","Extensions that cannot be ignored even if unrecognized","May be used to represent additional information that is not part of the basic definition of the element and that modifies the understanding of the element in which it is contained and/or the understanding of the containing element's descendants. Usually modifier elements provide negation or qualification. To make the use of extensions safe and manageable, there is a strict set of governance applied to the definition and use of extensions. Though any implementer can define an extension, there is a set of requirements that SHALL be met as part of the definition of the extension. Applications processing a resource are required to check for modifier extensions.

Modifier extensions SHALL NOT change the meaning of any elements on Resource or DomainResource (including cannot change the meaning of modifierExtension itself).","There can be no stigma associated with the use of extensions by any application, project, or standard - regardless of the institution or jurisdiction that uses or defines the extensions.  The use of extensions is what allows the FHIR specification to retain a core level of simplicity for everyone.","Modifier extensions allow for extensions that *cannot* be safely ignored to be clearly distinguished from the vast majority of extensions which can be safely ignored.  This promotes interoperability by eliminating the need for implementers to prohibit the presence of extensions. For further information, see the [definition of modifier extensions](http://hl7.org/fhir/R4/extensibility.html#modifierExtension).","","","","","","","",,,,,"",,,,"BackboneElement.modifierExtension",0,*,"","ele-1:All FHIR elements must have a @value or children {hasValue() or (children().count() > id.count())}
ext-1:Must have either extensions or value[x], not both {extension.exists() != value.exists()}","N/A"
"Location.hoursOfOperation.daysOfWeek","Location.hoursOfOperation.daysOfWeek","","","",0,*,"","","","code {[]} {[]}
","mon | tue | wed | thu | fri | sat | sun","Berisi satu atau lebih data kode hari, dengan tipe data code, yang nilainya mengacu pada terminologi DaysOfWeek.","","","","","","","","","",,"required","The days of the week.","http://hl7.org/fhir/ValueSet/days-of-week|4.0.1","",,,,"Location.hoursOfOperation.daysOfWeek",0,*,"","ele-1:All FHIR elements must have a @value or children {hasValue() or (children().count() > id.count())}
",".effectiveTime"
"Location.hoursOfOperation.allDay","Location.hoursOfOperation.allDay","","","",0,1,"","","","boolean {[]} {[]}
","The Location is open all day","Berisi data apabila beroperasi setiap hari dengan tipe data boolean.","","","","","","","","","",,,,,"",,,,"Location.hoursOfOperation.allDay",0,1,"","ele-1:All FHIR elements must have a @value or children {hasValue() or (children().count() > id.count())}
",".effectiveTime"
"Location.hoursOfOperation.openingTime","Location.hoursOfOperation.openingTime","","","",0,1,"","","","time {[]} {[]}
","Time that the Location opens","Berisi data jam beroperasi dengan tipe data time.","","","","","","","","","",,,,,"",,,,"Location.hoursOfOperation.openingTime",0,1,"","ele-1:All FHIR elements must have a @value or children {hasValue() or (children().count() > id.count())}
",".effectiveTime"
"Location.hoursOfOperation.closingTime","Location.hoursOfOperation.closingTime","","","",0,1,"","","","time {[]} {[]}
","Time that the Location closes","Berisi data jam tutup dengan tipe data time.","","","","","","","","","",,,,,"",,,,"Location.hoursOfOperation.closingTime",0,1,"","ele-1:All FHIR elements must have a @value or children {hasValue() or (children().count() > id.count())}
",".effectiveTime"
"Location.availabilityExceptions","Location.availabilityExceptions","","","",0,1,"","","","string {[]} {[]}
","Description of availability exceptions","Berisi data kapan jam buka lokasi berbeda dari biasanya (contoh: Libur Nasional) dengan tipe data string.","","","","","","","","","",,,,,"",,,,"Location.availabilityExceptions",0,1,"","ele-1:All FHIR elements must have a @value or children {hasValue() or (children().count() > id.count())}
","n/a"
"Location.endpoint","Location.endpoint","","","",0,*,"","","","Reference {[]} {[CanonicalType[http://hl7.org/fhir/StructureDefinition/Endpoint|4.0.1]]}
","Technical endpoints providing access to services operated for the location","Berisi informasi yang menyediakan akses ke layanan yang dioperasikan untuk lokasi tersebut dengan tipe data Reference yang nilainya mengacu pada Kamus Data Kesehatan Indonesia","","Organizations may have different systems at different locations that provide various services and need to be able to define the technical connection details for how to connect to them, and for what purpose.","","","","","","","",,,,,"",,,,"Location.endpoint",0,*,"","ele-1:All FHIR elements must have a @value or children {hasValue() or (children().count() > id.count())}
","n/a"
