"Id","Path","Slice Name","Alias(s)","Label","Min","Max","Must Support?","Is Modifier?","Is Summary?","Type(s)","Short","Definition","Comments","Requirements","Default Value","Meaning When Missing","Fixed Value","Pattern","Example","Minimum Value","Maximum Value","Maximum Length","Binding Strength","Binding Description","Binding Value Set","Code","Slicing Discriminator","Slicing Description","Slicing Ordered","Slicing Rules","Base Path","Base Min","Base Max","Condition(s)","Constraint(s)","Mapping: Workflow Pattern","Mapping: RIM Mapping","Mapping: DICOM Tag Mapping","Mapping: FiveWs Pattern Mapping","Mapping: HL7 v2 Mapping"
"ImagingStudy","ImagingStudy","","","",0,*,"","","","null {[]} {[]}
","A set of images produced in single study (one or more series of references images)","Representation of the content produced in a DICOM imaging study. A study comprises a set of series, each of which includes a set of Service-Object Pair Instances (SOP Instances - images or other data) acquired or produced in a common context.  A series is of only one modality (e.g. X-ray, CT, MR, ultrasound), but a study may have multiple series of different modalities.","","","","","","","","","",,,,,"",,,,"ImagingStudy",0,*,"","dom-2:If the resource is contained in another resource, it SHALL NOT contain nested Resources {contained.contained.empty()}
dom-3:If the resource is contained in another resource, it SHALL be referred to from elsewhere in the resource or SHALL refer to the containing resource {contained.where((('#'+id in (%resource.descendants().reference | %resource.descendants().as(canonical) | %resource.descendants().as(uri) | %resource.descendants().as(url))) or descendants().where(reference = '#').exists() or descendants().where(as(canonical) = '#').exists() or descendants().where(as(canonical) = '#').exists()).not()).trace('unmatched', id).empty()}dom-4:If a resource is contained in another resource, it SHALL NOT have a meta.versionId or a meta.lastUpdated {contained.meta.versionId.empty() and contained.meta.lastUpdated.empty()}dom-5:If a resource is contained in another resource, it SHALL NOT have a security label {contained.meta.security.empty()}dom-6:A resource should have narrative for robust management {text.`div`.exists()}","Event","Entity. Role, or Act","Act[classCode=COMPOSITION, moodCode=EVN]","Reference IHE radiology TF vol 2 table 4.14-1"
"ImagingStudy.id","ImagingStudy.id","","","",0,1,"","","Y","id {[]} {[]}
","Logical id of this artifact","The logical id of the resource, as used in the URL for the resource. Once assigned, this value never changes.","The only time that a resource does not have an id is when it is being submitted to the server using a create operation.","","","","","","","","",,,,,"",,,,"Resource.id",0,1,"",""
"ImagingStudy.meta","ImagingStudy.meta","","","",0,1,"","","Y","Meta {[]} {[]}
","Metadata about the resource","The metadata about the resource. This is content that is maintained by the infrastructure. Changes to the content might not always be associated with version changes to the resource.","","","","","","","","","",,,,,"",,,,"Resource.meta",0,1,"","ele-1:All FHIR elements must have a @value or children {hasValue() or (children().count() > id.count())}
"
"ImagingStudy.implicitRules","ImagingStudy.implicitRules","","","",0,1,"","Y","Y","uri {[]} {[]}
","A set of rules under which this content was created","A reference to a set of rules that were followed when the resource was constructed, and which must be understood when processing the content. Often, this is a reference to an implementation guide that defines the special rules along with other profiles etc.","Asserting this rule set restricts the content to be only understood by a limited set of trading partners. This inherently limits the usefulness of the data in the long term. However, the existing health eco-system is highly fractured, and not yet ready to define, collect, and exchange data in a generally computable sense. Wherever possible, implementers and/or specification writers should avoid using this element. Often, when used, the URL is a reference to an implementation guide that defines these special rules as part of it's narrative along with other profiles, value sets, etc.","","","","","","","","",,,,,"",,,,"Resource.implicitRules",0,1,"","ele-1:All FHIR elements must have a @value or children {hasValue() or (children().count() > id.count())}
"
"ImagingStudy.language","ImagingStudy.language","","","",0,1,"","","","code {[]} {[]}
","Language of the resource content","The base language in which the resource is written.","Language is provided to support indexing and accessibility (typically, services such as text to speech use the language tag). The html language tag in the narrative applies  to the narrative. The language tag on the resource may be used to specify the language of other presentations generated from the data in the resource. Not all the content has to be in the base language. The Resource.language should not be assumed to apply to the narrative automatically. If a language is specified, it should it also be specified on the div element in the html (see rules in HTML5 for information about the relationship between xml:lang and the html lang attribute).","","","","","","","","",,"preferred","A human language.","http://hl7.org/fhir/ValueSet/languages|4.0.1","",,,,"Resource.language",0,1,"","ele-1:All FHIR elements must have a @value or children {hasValue() or (children().count() > id.count())}
"
"ImagingStudy.text","ImagingStudy.text","","narrative
htmlxhtmldisplay","",0,1,"","","","Narrative {[]} {[]}
","Text summary of the resource, for human interpretation","A human-readable narrative that contains a summary of the resource and can be used to represent the content of the resource to a human. The narrative need not encode all the structured data, but is required to contain sufficient detail to make it ""clinically safe"" for a human to just read the narrative. Resource definitions may define what content should be represented in the narrative to ensure clinical safety.","Contained resources do not have narrative. Resources that are not contained SHOULD have a narrative. In some cases, a resource may only have text with little or no additional discrete data (as long as all minOccurs=1 elements are satisfied).  This may be necessary for data from legacy systems where information is captured as a ""text blob"" or where text is additionally entered raw or narrated and encoded information is added later.","","","","","","","","",,,,,"",,,,"DomainResource.text",0,1,"","ele-1:All FHIR elements must have a @value or children {hasValue() or (children().count() > id.count())}
","Act.text?"
"ImagingStudy.contained","ImagingStudy.contained","","inline resources
anonymous resourcescontained resources","",0,*,"","","","Resource {[]} {[]}
","Contained, inline Resources","These resources do not have an independent existence apart from the resource that contains them - they cannot be identified independently, and nor can they have their own independent transaction scope.","This should never be done when the content can be identified properly, as once identification is lost, it is extremely difficult (and context dependent) to restore it again. Contained resources may have profiles and tags In their meta elements, but SHALL NOT have security labels.","","","","","","","","",,,,,"",,,,"DomainResource.contained",0,*,"","","N/A"
"ImagingStudy.extension","ImagingStudy.extension","","extensions
user content","",0,*,"","","","Extension {[]} {[]}
","Additional content defined by implementations","May be used to represent additional information that is not part of the basic definition of the resource. To make the use of extensions safe and manageable, there is a strict set of governance  applied to the definition and use of extensions. Though any implementer can define an extension, there is a set of requirements that SHALL be met as part of the definition of the extension.","There can be no stigma associated with the use of extensions by any application, project, or standard - regardless of the institution or jurisdiction that uses or defines the extensions.  The use of extensions is what allows the FHIR specification to retain a core level of simplicity for everyone.","","","","","","","","",,,,,"",,,,"DomainResource.extension",0,*,"","ele-1:All FHIR elements must have a @value or children {hasValue() or (children().count() > id.count())}
ext-1:Must have either extensions or value[x], not both {extension.exists() != value.exists()}","N/A"
"ImagingStudy.modifierExtension","ImagingStudy.modifierExtension","","extensions
user content","",0,*,"","Y","","Extension {[]} {[]}
","Extensions that cannot be ignored","May be used to represent additional information that is not part of the basic definition of the resource and that modifies the understanding of the element that contains it and/or the understanding of the containing element's descendants. Usually modifier elements provide negation or qualification. To make the use of extensions safe and manageable, there is a strict set of governance applied to the definition and use of extensions. Though any implementer is allowed to define an extension, there is a set of requirements that SHALL be met as part of the definition of the extension. Applications processing a resource are required to check for modifier extensions.

Modifier extensions SHALL NOT change the meaning of any elements on Resource or DomainResource (including cannot change the meaning of modifierExtension itself).","There can be no stigma associated with the use of extensions by any application, project, or standard - regardless of the institution or jurisdiction that uses or defines the extensions.  The use of extensions is what allows the FHIR specification to retain a core level of simplicity for everyone.","Modifier extensions allow for extensions that *cannot* be safely ignored to be clearly distinguished from the vast majority of extensions which can be safely ignored.  This promotes interoperability by eliminating the need for implementers to prohibit the presence of extensions. For further information, see the [definition of modifier extensions](http://hl7.org/fhir/R4/extensibility.html#modifierExtension).","","","","","","","",,,,,"",,,,"DomainResource.modifierExtension",0,*,"","ele-1:All FHIR elements must have a @value or children {hasValue() or (children().count() > id.count())}
ext-1:Must have either extensions or value[x], not both {extension.exists() != value.exists()}","N/A"
"ImagingStudy.identifier","ImagingStudy.identifier","","StudyInstanceUID
AccessionNumber","",1,1,"","","Y","Identifier {[]} {[]}
","Identifiers for the whole study","Berisi satu atau lebih data Identifier untuk keseluruhan studi dengan tipe data Identifier.","See discussion under [Imaging Study Implementation Notes](http://hl7.org/fhir/R4/imagingstudy.html#notes) for encoding of DICOM Study Instance UID. Accession Number should use ACSN Identifier type.","If one or more series elements are present in the ImagingStudy, then there shall be one DICOM Study UID identifier (see [DICOM PS 3.3 C.7.2](http://dicom.nema.org/medical/dicom/current/output/chtml/part03/sect_C.7.2.html).","","","","","","","",,,,,"",,,,"ImagingStudy.identifier",0,*,"","ele-1:All FHIR elements must have a @value or children {hasValue() or (children().count() > id.count())}
","Event.identifier",".id and .inboundRelationship[typeCode=COMP].source[classCode=ACSN, moodCode=EVN].id","StudyInstanceUID (0020,000D) | Accession Number and Issuer (0080,0050)+(0080,0051) | Study ID (0020,0010)","FiveWs.identifier"
"ImagingStudy.status","ImagingStudy.status","","","",1,1,"","Y","Y","code {[]} {[]}
","registered | available | cancelled | entered-in-error | unknown","Berisi satu atau lebih status dari data ImagingStudy dengan tipe data code.","Unknown does not represent ""other"" - one of the defined statuses must apply.  Unknown is used when the authoring system is not sure what the current status is.","","","","","","","","",,"required","The status of the ImagingStudy.","http://hl7.org/fhir/ValueSet/imagingstudy-status|4.0.1","",,,,"ImagingStudy.status",1,1,"","ele-1:All FHIR elements must have a @value or children {hasValue() or (children().count() > id.count())}
","Event.status",".status","FiveWs.status","Varies by domain"
"ImagingStudy.modality","ImagingStudy.modality","","ModalitiesInStudy
","",1,1,"","","Y","Coding {[]} {[]}
","All series modality if actual acquisition modalities","Berisi satu atau lebih daftar dari seluruh modalitas dalam studi pencitraan ini dengan tipe data Coding.","","","","","","","","","",,"extensible","Type of acquired data in the instance.","http://dicom.nema.org/medical/dicom/current/output/chtml/part16/sect_CID_29.html","",,,,"ImagingStudy.modality",0,*,"","ele-1:All FHIR elements must have a @value or children {hasValue() or (children().count() > id.count())}
",".code","(0008,0061)","FiveWs.class"
"ImagingStudy.subject","ImagingStudy.subject","","","",1,1,"","","Y","Reference {[]} {[CanonicalType[http://hl7.org/fhir/StructureDefinition/Patient|4.0.1], CanonicalType[http://hl7.org/fhir/StructureDefinition/Device|4.0.1], CanonicalType[http://hl7.org/fhir/StructureDefinition/Group|4.0.1]]}
","Who or what is the subject of the study","Berisi data pasien yang memiliki studi pencitraan tersebut dengan tipe data Reference, yang direferensikan ke data yang tersimpan di resource Patient | Device | Group.","QA phantoms can be recorded with a Device; multiple subjects (such as mice) can be recorded with a Group.","","","","","","","","",,,,,"",,,,"ImagingStudy.subject",1,1,"","ele-1:All FHIR elements must have a @value or children {hasValue() or (children().count() > id.count())}
","Event.subject",".participation[typeCode=SBJ].role","(0010/*)","FiveWs.subject[x]","FiveWs.subject"
"ImagingStudy.encounter","ImagingStudy.encounter","","","",0,1,"","","Y","Reference {[]} {[CanonicalType[http://hl7.org/fhir/StructureDefinition/Encounter|4.0.1]]}
","Encounter with which this imaging study is associated","Berisi satu atau lebih data kunjungan di mana studi pencitraan dilakukan dengan tipe data Reference, yang direferensikan ke data yang tersimpan di resource Encounter.","This will typically be the encounter the event occurred within, but some events may be initiated prior to or after the official completion of an encounter but still be tied to the context of the encounter (e.g. pre-admission test).","","","","","","","","",,,,,"",,,,"ImagingStudy.encounter",0,1,"","ele-1:All FHIR elements must have a @value or children {hasValue() or (children().count() > id.count())}
","Event.encounter","inboundRelationship[typeCode=COMP].source[classCode=ENC, moodCode=EVN]","FiveWs.context"
"ImagingStudy.started","ImagingStudy.started","","StudyDate
StudyTime","",0,1,"","","Y","dateTime {[]} {[]}
","When the study was started","Berisi data tanggal dan waktu di mana studi dimulai dengan tipe data dateTime, dengan format yang diperbolehkan YYYY, YYYY-MM, YYYY-MM-DD atau YYYY-MM-DDThh:mm:ss+zz:zz.","","","","","","","<valueDateTime xmlns=""http://hl7.org/fhir"" value=""2011-01-01T11:01:20+03:00""/>","","",,,,,"",,,,"ImagingStudy.started",0,1,"","ele-1:All FHIR elements must have a @value or children {hasValue() or (children().count() > id.count())}
","Event.occurrence[x]",".effectiveTime","(0008,0020)+(0008,0030)","FiveWs.init"
"ImagingStudy.basedOn","ImagingStudy.basedOn","","","",1,1,"","","Y","Reference {[]} {[CanonicalType[http://hl7.org/fhir/StructureDefinition/CarePlan|4.0.1], CanonicalType[http://hl7.org/fhir/StructureDefinition/ServiceRequest|4.0.1], CanonicalType[http://hl7.org/fhir/StructureDefinition/Appointment|4.0.1], CanonicalType[http://hl7.org/fhir/StructureDefinition/AppointmentResponse|4.0.1], CanonicalType[http://hl7.org/fhir/StructureDefinition/Task|4.0.1]]}
","Request fulfilled","Berisi satu atau lebih daftar permintaan diagnostik yang menghasilkan studi pencitraan dengan tipe data Reference, yang direferensikan ke data yang tersimpan di resource CarePlan | ServiceRequest | Appointment | AppointmentResponse | Task.","","To support grouped procedures (one imaging study supporting multiple ordered procedures, e.g. chest/abdomen/pelvis CT).","","","","","","","",,,,,"",,,,"ImagingStudy.basedOn",0,*,"","ele-1:All FHIR elements must have a @value or children {hasValue() or (children().count() > id.count())}
","Event.basedOn",".outboundRelationship[typeCode=FLFS].target[classCode=DGIMG, moodCode=RQO]","(0032,1064)","FiveWs.cause"
"ImagingStudy.referrer","ImagingStudy.referrer","","ReferringPhysiciansName
","",0,1,"","","Y","Reference {[]} {[CanonicalType[http://hl7.org/fhir/StructureDefinition/Practitioner|4.0.1], CanonicalType[http://hl7.org/fhir/StructureDefinition/PractitionerRole|4.0.1]]}
","Referring physician","Berisi data tenaga kesehatan yang meminta atau merujuk dengan tipe data Reference, yang direferensikan ke data yang tersimpan di resource Practitioner | PractitionerRole.","","","","","","","","","",,,,,"",,,,"ImagingStudy.referrer",0,1,"","ele-1:All FHIR elements must have a @value or children {hasValue() or (children().count() > id.count())}
",".outboundRelationship[typeCode=FLFS].target[classCode=DGIMG, moodCode=RQO].participation[typeCode=AUT].role","(0008,0090)+(0008,0096)","FiveWs.cause"
"ImagingStudy.interpreter","ImagingStudy.interpreter","","Name of Physician(s) Reading Study
","",0,1,"","","Y","Reference {[]} {[CanonicalType[http://hl7.org/fhir/StructureDefinition/Practitioner|4.0.1], CanonicalType[http://hl7.org/fhir/StructureDefinition/PractitionerRole|4.0.1]]}
","Who interpreted images","Berisi data yang membaca studi dan menafsirkan gambar atau konten lainnya dengan tipe data Reference, yang direferensikan ke data yang tersimpan di resource Practitioner | PractitionerRole.","","","","","","","","","",,,,,"",,,,"ImagingStudy.interpreter",0,*,"","ele-1:All FHIR elements must have a @value or children {hasValue() or (children().count() > id.count())}
",".participation[typeCode=PRF].role","(0008,1060)","FiveWs.witness"
"ImagingStudy.endpoint","ImagingStudy.endpoint","","","",0,1,"","","Y","Reference {[]} {[CanonicalType[http://hl7.org/fhir/StructureDefinition/Endpoint|4.0.1]]}
","Study access endpoint","Berisi data Endpoint untuk mengakses studi (query, view, atau retrieval) dengan tipe data Reference, yang direferensikan ke data yang tersimpan di resource Endpoint.","Typical endpoint types include DICOM WADO-RS, which is used to retrieve DICOM instances in native or rendered (e.g., JPG, PNG), formats using a RESTful API; DICOM WADO-URI, which can similarly retrieve native or rendered instances, except using an HTTP query-based approach; DICOM QIDO-RS, which allows RESTful query for DICOM information without retrieving the actual instances; or IHE Invoke Image Display (IID), which provides standard invocation of an imaging web viewer.","Access methods for viewing (e.g., IHE’s IID profile) or retrieving (e.g., DICOM’s WADO-URI and WADO-RS) the study or the study’s series or instances. The study-level baseLocation applies to each series in the study, unless overridden in series by a series-level baseLocation of the same type.","","","","","","","",,,,,"",,,,"ImagingStudy.endpoint",0,*,"","ele-1:All FHIR elements must have a @value or children {hasValue() or (children().count() > id.count())}
","Not supported"
"ImagingStudy.numberOfSeries","ImagingStudy.numberOfSeries","","NumberOfStudyRelatedSeries
","",0,1,"","","Y","unsignedInt {[]} {[]}
","Number of Study Related Series","Berisi data jumlah series dalam study dengan tipe data unsignedInt.","","","","","","","","","",,,,,"",,,,"ImagingStudy.numberOfSeries",0,1,"","ele-1:All FHIR elements must have a @value or children {hasValue() or (children().count() > id.count())}
",".outboundRelationship[typeCode=COMP, subsetCode=SUMM].target[classCode=OBSSER, moodCode=EVN].repeatNumber","(0020,1206)"
"ImagingStudy.numberOfInstances","ImagingStudy.numberOfInstances","","NumberOfStudyRelatedInstances
","",0,1,"","","Y","unsignedInt {[]} {[]}
","Number of Study Related Instances","Berisi data jumlah instance dalam study dengan tipe data unsignedInt.","","","","","","","","","",,,,,"",,,,"ImagingStudy.numberOfInstances",0,1,"","ele-1:All FHIR elements must have a @value or children {hasValue() or (children().count() > id.count())}
",".outboundRelationship[typeCode=COMP, subsetCode=SUMM].target[classCode=DGIMG, moodCode=EVN].repeatNumber","(0020,1208)"
"ImagingStudy.procedureReference","ImagingStudy.procedureReference","","","",0,1,"","","Y","Reference {[]} {[CanonicalType[http://hl7.org/fhir/StructureDefinition/Procedure|4.0.1]]}
","The performed Procedure reference","Berisi satu atau lebih data referensi prosedur yang dilakukan dengan tipe data Reference, direferensikan ke data yang tersimpan di resource Procedure.","","","","","","","","","",,,,,"",,,,"ImagingStudy.procedureReference",0,1,"","ele-1:All FHIR elements must have a @value or children {hasValue() or (children().count() > id.count())}
","Event.partOf",".outboundRelationship[typeCode=COMP].target[classCode=PROC, moodCode=EVN]","(0008,1032)"
"ImagingStudy.procedureCode","ImagingStudy.procedureCode","","ProcedureCodeSequence
","",0,1,"","","Y","CodeableConcept {[]} {[]}
","The performed procedure code","Berisi satu atau lebih kode prosedur yang dilakukan dengan tipe data CodeableConcept.","","","","","","","","","",,"extensible","The performed procedure type.","http://www.rsna.org/RadLex_Playbook.aspx","",,,,"ImagingStudy.procedureCode",0,*,"","ele-1:All FHIR elements must have a @value or children {hasValue() or (children().count() > id.count())}
","Event.code",".outboundRelationship[typeCode=COMP].target[classCode=PROC, moodCode=EVN]","(0008,1032)"
"ImagingStudy.location","ImagingStudy.location","","","",0,1,"","","Y","Reference {[]} {[CanonicalType[http://hl7.org/fhir/StructureDefinition/Location|4.0.1]]}
","Where ImagingStudy occurred","Berisi data lokasi di mana studi pencitraan terjadi dengan tipe data Reference, yang direferensikan ke data yang tersimpan di resource Location.","","Ties the event to where the records are likely kept and provides context around the event occurrence (e.g. if it occurred inside or outside a dedicated healthcare setting).","","","","","","","",,,,,"",,,,"ImagingStudy.location",0,1,"","ele-1:All FHIR elements must have a @value or children {hasValue() or (children().count() > id.count())}
","Event.location",".participation[typeCode=LOC].role","(0008,1040) | (0040,0243)","FiveWs.where[x]","EVN.7"
"ImagingStudy.reasonCode","ImagingStudy.reasonCode","","","",0,1,"","","Y","CodeableConcept {[]} {[]}
","Why the study was requested","Berisi satu atau lebih kode alasan dilakukannya studi pencitraan dengan tipe data CodeableConcept.","","","","","","","","","",,"example","The reason for the study.","http://hl7.org/fhir/ValueSet/procedure-reason|4.0.1","",,,,"ImagingStudy.reasonCode",0,*,"","ele-1:All FHIR elements must have a @value or children {hasValue() or (children().count() > id.count())}
","Event.reasonCode",".reasonCode","(0040,1002)","FiveWs.why[x]"
"ImagingStudy.reasonReference","ImagingStudy.reasonReference","","","",0,1,"","","Y","Reference {[]} {[CanonicalType[http://hl7.org/fhir/StructureDefinition/Condition|4.0.1], CanonicalType[http://hl7.org/fhir/StructureDefinition/Observation|4.0.1], CanonicalType[http://hl7.org/fhir/StructureDefinition/Media|4.0.1], CanonicalType[http://hl7.org/fhir/StructureDefinition/DiagnosticReport|4.0.1], CanonicalType[http://hl7.org/fhir/StructureDefinition/DocumentReference|4.0.1]]}
","Why was study performed","Berisi satu atau lebih alasan dilakukannya studi pencitraan dengan tipe data Reference, yang direferensikan ke data yang tersimpan di resource Condition | Observation | Media | DiagnosticReport | DocumentReference.","","","","","","","","","",,,,,"",,,,"ImagingStudy.reasonReference",0,*,"","ele-1:All FHIR elements must have a @value or children {hasValue() or (children().count() > id.count())}
","Event.reasonReference",".outboundRelationship[typeCode=RSON].target","FiveWs.why[x]","EVN.4 or by domain"
"ImagingStudy.note","ImagingStudy.note","","","",0,1,"","","Y","Annotation {[]} {[]}
","User-defined comments","Berisi satu atau lebih komen atau catatan dari studi pencitraan dengan tipe data Annotation.","","","","","","","","","",,,,,"",,,,"ImagingStudy.note",0,*,"","ele-1:All FHIR elements must have a @value or children {hasValue() or (children().count() > id.count())}
","Event.note","unknown"
"ImagingStudy.description","ImagingStudy.description","","StudyDescription
","",0,1,"","","Y","string {[]} {[]}
","Institution-generated description","Berisi satu atau lebih deskripsi yang dituliskan oleh institusi yang melakukan studi pencitraan dengan tipe data string.","","","","","","","","","",,,,,"",,,,"ImagingStudy.description",0,1,"","ele-1:All FHIR elements must have a @value or children {hasValue() or (children().count() > id.count())}
",".text","(0008,1030)"
"ImagingStudy.series","ImagingStudy.series","","","",0,1,"","","Y","BackboneElement {[]} {[]}
","Each study has one or more series of instances","Berisi satu atau lebih data studi memiliki series of instances dengan tipe data BackboneElement.","","","","","","","","","",,,,,"",,,,"ImagingStudy.series",0,*,"","ele-1:All FHIR elements must have a @value or children {hasValue() or (children().count() > id.count())}
",".outboundRelationship[typeCode=COMP].target[classCode=OBSSER, moodCode=EVN]"
"ImagingStudy.series.id","ImagingStudy.series.id","","","",0,1,"","","","string {[]} {[]}
","Unique id for inter-element referencing","Unique id for the element within a resource (for internal references). This may be any string value that does not contain spaces.","","","","","","","","","",,,,,"",,,,"Element.id",0,1,"","","n/a"
"ImagingStudy.series.extension","ImagingStudy.series.extension","","extensions
user content","",0,*,"","","","Extension {[]} {[]}
","Additional content defined by implementations","May be used to represent additional information that is not part of the basic definition of the element. To make the use of extensions safe and manageable, there is a strict set of governance  applied to the definition and use of extensions. Though any implementer can define an extension, there is a set of requirements that SHALL be met as part of the definition of the extension.","There can be no stigma associated with the use of extensions by any application, project, or standard - regardless of the institution or jurisdiction that uses or defines the extensions.  The use of extensions is what allows the FHIR specification to retain a core level of simplicity for everyone.","","","","","","","","",,,,,"",,,,"Element.extension",0,*,"","ele-1:All FHIR elements must have a @value or children {hasValue() or (children().count() > id.count())}
ext-1:Must have either extensions or value[x], not both {extension.exists() != value.exists()}","n/a"
"ImagingStudy.series.modifierExtension","ImagingStudy.series.modifierExtension","","extensions
user contentmodifiers","",0,*,"","Y","Y","Extension {[]} {[]}
","Extensions that cannot be ignored even if unrecognized","May be used to represent additional information that is not part of the basic definition of the element and that modifies the understanding of the element in which it is contained and/or the understanding of the containing element's descendants. Usually modifier elements provide negation or qualification. To make the use of extensions safe and manageable, there is a strict set of governance applied to the definition and use of extensions. Though any implementer can define an extension, there is a set of requirements that SHALL be met as part of the definition of the extension. Applications processing a resource are required to check for modifier extensions.

Modifier extensions SHALL NOT change the meaning of any elements on Resource or DomainResource (including cannot change the meaning of modifierExtension itself).","There can be no stigma associated with the use of extensions by any application, project, or standard - regardless of the institution or jurisdiction that uses or defines the extensions.  The use of extensions is what allows the FHIR specification to retain a core level of simplicity for everyone.","Modifier extensions allow for extensions that *cannot* be safely ignored to be clearly distinguished from the vast majority of extensions which can be safely ignored.  This promotes interoperability by eliminating the need for implementers to prohibit the presence of extensions. For further information, see the [definition of modifier extensions](http://hl7.org/fhir/R4/extensibility.html#modifierExtension).","","","","","","","",,,,,"",,,,"BackboneElement.modifierExtension",0,*,"","ele-1:All FHIR elements must have a @value or children {hasValue() or (children().count() > id.count())}
ext-1:Must have either extensions or value[x], not both {extension.exists() != value.exists()}","N/A"
"ImagingStudy.series.uid","ImagingStudy.series.uid","","SeriesInstanceUID
","",1,1,"","","Y","id {[]} {[]}
","DICOM Series Instance UID for the series","Berisi data DICOM Series Instance UID untuk series ini dengan tipe data id.","See [DICOM PS3.3 C.7.3](http://dicom.nema.org/medical/dicom/current/output/chtml/part03/sect_C.7.3.html).","DICOM Series Instance UID.","","","","","<valueId xmlns=""http://hl7.org/fhir"" value=""2.16.124.113543.6003.2588828330.45298.17418.2723805630""/>","","",,,,,"",,,,"ImagingStudy.series.uid",1,1,"","ele-1:All FHIR elements must have a @value or children {hasValue() or (children().count() > id.count())}
",".id","(0020,000E)"
"ImagingStudy.series.number","ImagingStudy.series.number","","SeriesNumber
","",0,1,"","","Y","unsignedInt {[]} {[]}
","Numeric identifier of this series","Berisi data Identifier numerik pada series ini dengan tipe data unsignedInt.","","","","","","","<valueUnsignedInt xmlns=""http://hl7.org/fhir"" value=""3""/>","","",,,,,"",,,,"ImagingStudy.series.number",0,1,"","ele-1:All FHIR elements must have a @value or children {hasValue() or (children().count() > id.count())}
",".inboundRelationship[type=COMP, source[classCode=COMPOSITION, moodCode=EVN]].sequenceNumber","(0020,0011)"
"ImagingStudy.series.modality","ImagingStudy.series.modality","","Modality
","",1,1,"","","Y","Coding {[]} {[]}
","The modality of the instances in the series","Berisi data modalitas dari instances pada series ini dengan tipe data Coding.","","","","","","","","","",,"extensible","Type of acquired data in the instance.","http://dicom.nema.org/medical/dicom/current/output/chtml/part16/sect_CID_29.html","",,,,"ImagingStudy.series.modality",1,1,"","ele-1:All FHIR elements must have a @value or children {hasValue() or (children().count() > id.count())}
",".code","(0008,0060)"
"ImagingStudy.series.description","ImagingStudy.series.description","","SeriesDescription
","",0,1,"","","Y","string {[]} {[]}
","A short human readable summary of the series","Berisi data ringkasan singkat yang dapat dibaca manusia dari series dengan tipe data string.","","","","","","","<valueString xmlns=""http://hl7.org/fhir"" value=""CT Surview 180""/>","","",,,,,"",,,,"ImagingStudy.series.description",0,1,"","ele-1:All FHIR elements must have a @value or children {hasValue() or (children().count() > id.count())}
",".text","(0008,103E)"
"ImagingStudy.series.numberOfInstances","ImagingStudy.series.numberOfInstances","","NumberOfSeriesRelatedInstances
","",0,1,"","","Y","unsignedInt {[]} {[]}
","Number of Series Related Instances","Berisi data jumlah instances pada series ini dengan tipe data unsignedInt.","","","","","","","","","",,,,,"",,,,"ImagingStudy.series.numberOfInstances",0,1,"","ele-1:All FHIR elements must have a @value or children {hasValue() or (children().count() > id.count())}
",".outboundRelationship[typeCode=COMP, subsetCode=SUMM].target[classCode=DGIMG, moodCode=EVN].repeatNumber","(0020,1209)"
"ImagingStudy.series.endpoint","ImagingStudy.series.endpoint","","","",0,1,"","","Y","Reference {[]} {[CanonicalType[http://hl7.org/fhir/StructureDefinition/Endpoint|4.0.1]]}
","Series access endpoint","Berisi data Endpoint untuk mengakses series (query, view, atau retrieval) dengan tipe data Reference, yang direferensikan ke data yang tersimpan di resource Endpoint.","Typical endpoint types include DICOM WADO-RS, which is used to retrieve DICOM instances in native or rendered (e.g., JPG, PNG) formats using a RESTful API; DICOM WADO-URI, which can similarly retrieve native or rendered instances, except using an HTTP query-based approach; and DICOM QIDO-RS, which allows RESTful query for DICOM information without retrieving the actual instances.","Access methods for retrieving (e.g., DICOM’s WADO-URI and WADO-RS) the series or the series’ instances. A baseLocation specified at the series level has precedence over a baseLocation of the same type specified at the study level.","","","","","","","",,,,,"",,,,"ImagingStudy.series.endpoint",0,*,"","ele-1:All FHIR elements must have a @value or children {hasValue() or (children().count() > id.count())}
","Not supported"
"ImagingStudy.series.bodySite","ImagingStudy.series.bodySite","","BodyPartExamined
","",0,1,"","","Y","Coding {[]} {[]}
","Body part examined","Berisi data bagian tubuh yang dilakukan pemeriksaan pencitraan dengan tipe data Coding.","","","","","","","","","",,"example","Codes describing anatomical locations. May include laterality.","http://hl7.org/fhir/ValueSet/body-site|4.0.1","",,,,"ImagingStudy.series.bodySite",0,1,"","ele-1:All FHIR elements must have a @value or children {hasValue() or (children().count() > id.count())}
",".targetSiteCode","(0018,0015)"
"ImagingStudy.series.laterality","ImagingStudy.series.laterality","","","",0,1,"","","Y","Coding {[]} {[]}
","Body part laterality","Berisi data lateralitas dari bagian tubuh yang dilakukan pemeriksaan pencitraan dengan tipe data Coding.","","","","","","","","","",,"example","Codes describing body site laterality (left, right, etc.).","http://hl7.org/fhir/ValueSet/bodysite-laterality|4.0.1","",,,,"ImagingStudy.series.laterality",0,1,"","ele-1:All FHIR elements must have a @value or children {hasValue() or (children().count() > id.count())}
",".targetSiteCode","(0020,0060)"
"ImagingStudy.series.specimen","ImagingStudy.series.specimen","","","",0,1,"","","Y","Reference {[]} {[CanonicalType[http://hl7.org/fhir/StructureDefinition/Specimen|4.0.1]]}
","Specimen imaged","Berisi data spesimen yang dicitrakan dengan tipe data Reference, yang direferensikan ke data yang tersimpan di resource Specimen.","","","","","","","","","",,,,,"",,,,"ImagingStudy.series.specimen",0,*,"","ele-1:All FHIR elements must have a @value or children {hasValue() or (children().count() > id.count())}
","Role[classCode=SPEC]","(0040,0551) + (0040,0562)"
"ImagingStudy.series.started","ImagingStudy.series.started","","","",0,1,"","","Y","dateTime {[]} {[]}
","When the series started","Berisi data tanggal dan waktu di mana series dimulai dengan tipe data dateTime, dengan format yang diperbolehkan YYYY, YYYY-MM, YYYY-MM-DD atau YYYY-MM-DDThh:mm:ss+zz:zz.","","","","","","","","","",,,,,"",,,,"ImagingStudy.series.started",0,1,"","ele-1:All FHIR elements must have a @value or children {hasValue() or (children().count() > id.count())}
",".effectiveTime","(0008,0021) + (0008,0031)"
"ImagingStudy.series.performer","ImagingStudy.series.performer","","PerformingPhysicianName
OperatorName","",0,1,"","","Y","BackboneElement {[]} {[]}
","Who performed the series","Berisi data mengenai siapa atau apa yang melakukan series dan bagaimana mereka terlibat dengan tipe data BackboneElement.","If the person who performed the series is not known, their Organization may be recorded. A patient, or related person, may be the performer, e.g. for patient-captured images.","The performer is recorded at the series level, since each series in a study may be performed by a different performer, at different times, and using different devices. A series may be performed by multiple performers.","","","","","","","",,,,,"",,,,"ImagingStudy.series.performer",0,*,"","ele-1:All FHIR elements must have a @value or children {hasValue() or (children().count() > id.count())}
","Event.performer",".participation[typeCode=PRF].role","(0008, 1050) | (0008, 1052) | (0008, 1070) | (0008, 1072)"
"ImagingStudy.series.performer.id","ImagingStudy.series.performer.id","","","",0,1,"","","","string {[]} {[]}
","Unique id for inter-element referencing","Unique id for the element within a resource (for internal references). This may be any string value that does not contain spaces.","","","","","","","","","",,,,,"",,,,"Element.id",0,1,"","","n/a"
"ImagingStudy.series.performer.extension","ImagingStudy.series.performer.extension","","extensions
user content","",0,*,"","","","Extension {[]} {[]}
","Additional content defined by implementations","May be used to represent additional information that is not part of the basic definition of the element. To make the use of extensions safe and manageable, there is a strict set of governance  applied to the definition and use of extensions. Though any implementer can define an extension, there is a set of requirements that SHALL be met as part of the definition of the extension.","There can be no stigma associated with the use of extensions by any application, project, or standard - regardless of the institution or jurisdiction that uses or defines the extensions.  The use of extensions is what allows the FHIR specification to retain a core level of simplicity for everyone.","","","","","","","","",,,,,"",,,,"Element.extension",0,*,"","ele-1:All FHIR elements must have a @value or children {hasValue() or (children().count() > id.count())}
ext-1:Must have either extensions or value[x], not both {extension.exists() != value.exists()}","n/a"
"ImagingStudy.series.performer.modifierExtension","ImagingStudy.series.performer.modifierExtension","","extensions
user contentmodifiers","",0,*,"","Y","Y","Extension {[]} {[]}
","Extensions that cannot be ignored even if unrecognized","May be used to represent additional information that is not part of the basic definition of the element and that modifies the understanding of the element in which it is contained and/or the understanding of the containing element's descendants. Usually modifier elements provide negation or qualification. To make the use of extensions safe and manageable, there is a strict set of governance applied to the definition and use of extensions. Though any implementer can define an extension, there is a set of requirements that SHALL be met as part of the definition of the extension. Applications processing a resource are required to check for modifier extensions.

Modifier extensions SHALL NOT change the meaning of any elements on Resource or DomainResource (including cannot change the meaning of modifierExtension itself).","There can be no stigma associated with the use of extensions by any application, project, or standard - regardless of the institution or jurisdiction that uses or defines the extensions.  The use of extensions is what allows the FHIR specification to retain a core level of simplicity for everyone.","Modifier extensions allow for extensions that *cannot* be safely ignored to be clearly distinguished from the vast majority of extensions which can be safely ignored.  This promotes interoperability by eliminating the need for implementers to prohibit the presence of extensions. For further information, see the [definition of modifier extensions](http://hl7.org/fhir/R4/extensibility.html#modifierExtension).","","","","","","","",,,,,"",,,,"BackboneElement.modifierExtension",0,*,"","ele-1:All FHIR elements must have a @value or children {hasValue() or (children().count() > id.count())}
ext-1:Must have either extensions or value[x], not both {extension.exists() != value.exists()}","N/A"
"ImagingStudy.series.performer.function","ImagingStudy.series.performer.function","","","",0,1,"","","Y","CodeableConcept {[]} {[]}
","Type of performance","Berisi data tipe jenis keterlibatan performer dalam pengambilan series dengan tipe data CodeableConcept.","","Allows disambiguation of the types of involvement of different performers.","","","","","","","",,"extensible","The type of involvement of the performer.","http://hl7.org/fhir/ValueSet/series-performer-function|4.0.1","",,,,"ImagingStudy.series.performer.function",0,1,"","ele-1:All FHIR elements must have a @value or children {hasValue() or (children().count() > id.count())}
",".participation[typeCode=PRF].role"
"ImagingStudy.series.performer.actor","ImagingStudy.series.performer.actor","","","",1,1,"","","Y","Reference {[]} {[CanonicalType[http://hl7.org/fhir/StructureDefinition/Practitioner|4.0.1], CanonicalType[http://hl7.org/fhir/StructureDefinition/PractitionerRole|4.0.1], CanonicalType[http://hl7.org/fhir/StructureDefinition/Organization|4.0.1], CanonicalType[http://hl7.org/fhir/StructureDefinition/CareTeam|4.0.1], CanonicalType[http://hl7.org/fhir/StructureDefinition/Patient|4.0.1], CanonicalType[http://hl7.org/fhir/StructureDefinition/Device|4.0.1], CanonicalType[http://hl7.org/fhir/StructureDefinition/RelatedPerson|4.0.1]]}
","Who performed the series","Berisi data yang menunjukkan siapa atau apa yang melakukan pengambilan series dengan tipe data Reference, yang direferensikan ke data yang tersimpan di resource Practitioner | PractitionerRole | Organization | CareTeam | Patient | Device | RelatedPerson.","","","","","","","","","",,,,,"",,,,"ImagingStudy.series.performer.actor",1,1,"","ele-1:All FHIR elements must have a @value or children {hasValue() or (children().count() > id.count())}
",".participation[typeCode=PRF].role[scoper.determinerCode=INSTANCE]","FiveWs.actor","EVN.5 or by domain"
"ImagingStudy.series.instance","ImagingStudy.series.instance","","","",0,1,"","","","BackboneElement {[]} {[]}
","A single SOP instance from the series","Berisi data Satu Service-Object Pair (SOP) instance dalam series ini dengan tipe data BackboneElement.","","","","","","","","","",,,,,"",,,,"ImagingStudy.series.instance",0,*,"","ele-1:All FHIR elements must have a @value or children {hasValue() or (children().count() > id.count())}
",".outboundRelationship[typeCode=COMP].target[classCode=DGIMG, moodCode=EVN]"
"ImagingStudy.series.instance.id","ImagingStudy.series.instance.id","","","",0,1,"","","","string {[]} {[]}
","Unique id for inter-element referencing","Unique id for the element within a resource (for internal references). This may be any string value that does not contain spaces.","","","","","","","","","",,,,,"",,,,"Element.id",0,1,"","","n/a"
"ImagingStudy.series.instance.extension","ImagingStudy.series.instance.extension","","extensions
user content","",0,*,"","","","Extension {[]} {[]}
","Additional content defined by implementations","May be used to represent additional information that is not part of the basic definition of the element. To make the use of extensions safe and manageable, there is a strict set of governance  applied to the definition and use of extensions. Though any implementer can define an extension, there is a set of requirements that SHALL be met as part of the definition of the extension.","There can be no stigma associated with the use of extensions by any application, project, or standard - regardless of the institution or jurisdiction that uses or defines the extensions.  The use of extensions is what allows the FHIR specification to retain a core level of simplicity for everyone.","","","","","","","","",,,,,"",,,,"Element.extension",0,*,"","ele-1:All FHIR elements must have a @value or children {hasValue() or (children().count() > id.count())}
ext-1:Must have either extensions or value[x], not both {extension.exists() != value.exists()}","n/a"
"ImagingStudy.series.instance.modifierExtension","ImagingStudy.series.instance.modifierExtension","","extensions
user contentmodifiers","",0,*,"","Y","Y","Extension {[]} {[]}
","Extensions that cannot be ignored even if unrecognized","May be used to represent additional information that is not part of the basic definition of the element and that modifies the understanding of the element in which it is contained and/or the understanding of the containing element's descendants. Usually modifier elements provide negation or qualification. To make the use of extensions safe and manageable, there is a strict set of governance applied to the definition and use of extensions. Though any implementer can define an extension, there is a set of requirements that SHALL be met as part of the definition of the extension. Applications processing a resource are required to check for modifier extensions.

Modifier extensions SHALL NOT change the meaning of any elements on Resource or DomainResource (including cannot change the meaning of modifierExtension itself).","There can be no stigma associated with the use of extensions by any application, project, or standard - regardless of the institution or jurisdiction that uses or defines the extensions.  The use of extensions is what allows the FHIR specification to retain a core level of simplicity for everyone.","Modifier extensions allow for extensions that *cannot* be safely ignored to be clearly distinguished from the vast majority of extensions which can be safely ignored.  This promotes interoperability by eliminating the need for implementers to prohibit the presence of extensions. For further information, see the [definition of modifier extensions](http://hl7.org/fhir/R4/extensibility.html#modifierExtension).","","","","","","","",,,,,"",,,,"BackboneElement.modifierExtension",0,*,"","ele-1:All FHIR elements must have a @value or children {hasValue() or (children().count() > id.count())}
ext-1:Must have either extensions or value[x], not both {extension.exists() != value.exists()}","N/A"
"ImagingStudy.series.instance.uid","ImagingStudy.series.instance.uid","","SOPInstanceUID
","",1,1,"","","","id {[]} {[]}
","DICOM SOP Instance UID","Berisi data DICOM SOP Instance UID untuk gambar atau konten DICOM ini dengan tipe data id.","See  [DICOM PS3.3 C.12.1](http://dicom.nema.org/medical/dicom/current/output/chtml/part03/sect_C.12.html#sect_C.12.1).","DICOM SOP Instance UID.","","","","","<valueId xmlns=""http://hl7.org/fhir"" value=""2.16.124.113543.6003.189642796.63084.16748.2599092903""/>","","",,,,,"",,,,"ImagingStudy.series.instance.uid",1,1,"","ele-1:All FHIR elements must have a @value or children {hasValue() or (children().count() > id.count())}
",".id","(0008,0018)"
"ImagingStudy.series.instance.sopClass","ImagingStudy.series.instance.sopClass","","SOPClassUID
","",1,1,"","","","Coding {[]} {[]}
","DICOM class type","Berisi data tipe DICOM instance (Nama lain: SOPClassUID) dengan tipe data Coding.","","","","","","","","","",,"extensible","The sopClass for the instance.","http://dicom.nema.org/medical/dicom/current/output/chtml/part04/sect_B.5.html#table_B.5-1","",,,,"ImagingStudy.series.instance.sopClass",1,1,"","ele-1:All FHIR elements must have a @value or children {hasValue() or (children().count() > id.count())}
",".inboundRelationship[typeCode=COMP]. source[classCode=OBS, moodCode=EVN, code=""sop class""].value","(0008,0016)"
"ImagingStudy.series.instance.number","ImagingStudy.series.instance.number","","InstanceNumber
","",0,1,"","","","unsignedInt {[]} {[]}
","The number of this instance in the series","Berisi data Nomor instance dalam series ini (Nama lain: InstanceNumber) dengan tipe data unsignedInt.","","","","","","","<valueUnsignedInt xmlns=""http://hl7.org/fhir"" value=""1""/>","","",,,,,"",,,,"ImagingStudy.series.instance.number",0,1,"","ele-1:All FHIR elements must have a @value or children {hasValue() or (children().count() > id.count())}
",".inboundRelationship[typeCode=COMP, source[classCode=OBSSER, moodCode=EVN]].sequenceNumber","(0020,0013)"
"ImagingStudy.series.instance.title","ImagingStudy.series.instance.title","","","",0,1,"","","","string {[]} {[]}
","Description of instance","Berisi satu atau lebih data deskripsi dari instance dengan tipe data string.","Particularly for post-acquisition analytic objects, such as SR, presentation states, value mapping, etc.","","","","","","","","",,,,,"",,,,"ImagingStudy.series.instance.title",0,1,"","ele-1:All FHIR elements must have a @value or children {hasValue() or (children().count() > id.count())}
",".title","(0008,0008) | (0007,0080) | (0040,A043) + (0008,0104) | (0042,0010)"
