"Id","Path","Slice Name","Alias(s)","Label","Min","Max","Must Support?","Is Modifier?","Is Summary?","Type(s)","Short","Definition","Comments","Requirements","Default Value","Meaning When Missing","Fixed Value","Pattern","Example","Minimum Value","Maximum Value","Maximum Length","Binding Strength","Binding Description","Binding Value Set","Code","Slicing Discriminator","Slicing Description","Slicing Ordered","Slicing Rules","Base Path","Base Min","Base Max","Condition(s)","Constraint(s)","Mapping: RIM Mapping","Mapping: CDA (R2)","Mapping: FiveWs Pattern Mapping","Mapping: HL7 v2 Mapping","Mapping: LOINC code for the element"
"Patient","Patient","","SubjectOfCare Client Resident
","",0,*,"","","","null {[]} {[]}
","Information about an individual or animal receiving health care services","Demographics and other administrative information about an individual or animal receiving care or other health-related services.","","","","","","","","","",,,,,"",,,,"Patient",0,*,"","dom-2:If the resource is contained in another resource, it SHALL NOT contain nested Resources {contained.contained.empty()}
dom-3:If the resource is contained in another resource, it SHALL be referred to from elsewhere in the resource or SHALL refer to the containing resource {contained.where((('#'+id in (%resource.descendants().reference | %resource.descendants().as(canonical) | %resource.descendants().as(uri) | %resource.descendants().as(url))) or descendants().where(reference = '#').exists() or descendants().where(as(canonical) = '#').exists() or descendants().where(as(canonical) = '#').exists()).not()).trace('unmatched', id).empty()}dom-4:If a resource is contained in another resource, it SHALL NOT have a meta.versionId or a meta.lastUpdated {contained.meta.versionId.empty() and contained.meta.lastUpdated.empty()}dom-5:If a resource is contained in another resource, it SHALL NOT have a security label {contained.meta.security.empty()}dom-6:A resource should have narrative for robust management {text.`div`.exists()}","Entity. Role, or Act","Patient[classCode=PAT]","ClinicalDocument.recordTarget.patientRole"
"Patient.id","Patient.id","","","",0,1,"","","Y","id {[]} {[]}
","Logical id of this artifact","The logical id of the resource, as used in the URL for the resource. Once assigned, this value never changes.","The only time that a resource does not have an id is when it is being submitted to the server using a create operation.","","","","","","","","",,,,,"",,,,"Resource.id",0,1,"",""
"Patient.meta","Patient.meta","","","",0,1,"","","Y","Meta {[]} {[]}
","Metadata about the resource","The metadata about the resource. This is content that is maintained by the infrastructure. Changes to the content might not always be associated with version changes to the resource.","","","","","","","","","",,,,,"",,,,"Resource.meta",0,1,"","ele-1:All FHIR elements must have a @value or children {hasValue() or (children().count() > id.count())}
"
"Patient.implicitRules","Patient.implicitRules","","","",0,1,"","Y","Y","uri {[]} {[]}
","A set of rules under which this content was created","A reference to a set of rules that were followed when the resource was constructed, and which must be understood when processing the content. Often, this is a reference to an implementation guide that defines the special rules along with other profiles etc.","Asserting this rule set restricts the content to be only understood by a limited set of trading partners. This inherently limits the usefulness of the data in the long term. However, the existing health eco-system is highly fractured, and not yet ready to define, collect, and exchange data in a generally computable sense. Wherever possible, implementers and/or specification writers should avoid using this element. Often, when used, the URL is a reference to an implementation guide that defines these special rules as part of it's narrative along with other profiles, value sets, etc.","","","","","","","","",,,,,"",,,,"Resource.implicitRules",0,1,"","ele-1:All FHIR elements must have a @value or children {hasValue() or (children().count() > id.count())}
"
"Patient.language","Patient.language","","","",0,1,"","","","code {[]} {[]}
","Language of the resource content","The base language in which the resource is written.","Language is provided to support indexing and accessibility (typically, services such as text to speech use the language tag). The html language tag in the narrative applies  to the narrative. The language tag on the resource may be used to specify the language of other presentations generated from the data in the resource. Not all the content has to be in the base language. The Resource.language should not be assumed to apply to the narrative automatically. If a language is specified, it should it also be specified on the div element in the html (see rules in HTML5 for information about the relationship between xml:lang and the html lang attribute).","","","","","","","","",,"preferred","A human language.","http://hl7.org/fhir/ValueSet/languages|4.0.1","",,,,"Resource.language",0,1,"","ele-1:All FHIR elements must have a @value or children {hasValue() or (children().count() > id.count())}
"
"Patient.text","Patient.text","","narrative
htmlxhtmldisplay","",0,1,"","","","Narrative {[]} {[]}
","Text summary of the resource, for human interpretation","A human-readable narrative that contains a summary of the resource and can be used to represent the content of the resource to a human. The narrative need not encode all the structured data, but is required to contain sufficient detail to make it ""clinically safe"" for a human to just read the narrative. Resource definitions may define what content should be represented in the narrative to ensure clinical safety.","Contained resources do not have narrative. Resources that are not contained SHOULD have a narrative. In some cases, a resource may only have text with little or no additional discrete data (as long as all minOccurs=1 elements are satisfied).  This may be necessary for data from legacy systems where information is captured as a ""text blob"" or where text is additionally entered raw or narrated and encoded information is added later.","","","","","","","","",,,,,"",,,,"DomainResource.text",0,1,"","ele-1:All FHIR elements must have a @value or children {hasValue() or (children().count() > id.count())}
","Act.text?"
"Patient.contained","Patient.contained","","inline resources
anonymous resourcescontained resources","",0,*,"","","","Resource {[]} {[]}
","Contained, inline Resources","These resources do not have an independent existence apart from the resource that contains them - they cannot be identified independently, and nor can they have their own independent transaction scope.","This should never be done when the content can be identified properly, as once identification is lost, it is extremely difficult (and context dependent) to restore it again. Contained resources may have profiles and tags In their meta elements, but SHALL NOT have security labels.","","","","","","","","",,,,,"",,,,"DomainResource.contained",0,*,"","","N/A"
"Patient.extension","Patient.extension","","","",0,*,"","","","Extension {[]} {[]}
","Extension","An Extension","","","","","","","","","",,,,,"","value:url}
","",,"open","DomainResource.extension",0,*,"","ele-1:All FHIR elements must have a @value or children {hasValue() or (children().count() > id.count())}
ext-1:Must have either extensions or value[x], not both {extension.exists() != value.exists()}"
"Patient.extension:birthPlace","Patient.extension","birthPlace","","",0,1,"","","","Extension {[CanonicalType[https://fhir.kemkes.go.id/r4/StructureDefinition/patient-birthPlace]]} {[]}
","Place of Birth for patient","Berisi data tempat lahir pasien dengan tipe data Extension(Address), yang nilai dan strukturnya mengacu pada extension tambahan dengan url https://fhir.kemkes.go.id/r4/StructureDefinition/birthPlace.","","","","","","","","","",,,,,"",,,,"DomainResource.extension",0,*,"ele-1
","ele-1:All FHIR elements must have a @value or children {hasValue() or (children().count() > id.count())}
ext-1:Must have either extensions or value[x], not both {extension.exists() != value.exists()}"
"Patient.extension:citizenship","Patient.extension","citizenship","","",0,1,"","","","Extension {[CanonicalType[https://fhir.kemkes.go.id/r4/StructureDefinition/patient-citizenship]]} {[]}
","Nation(s) where the patient claims citizenship","The patient's legal status as citizen of a country.","","","","","","","","","",,,,,"",,,,"DomainResource.extension",0,*,"ele-1
","ele-1:All FHIR elements must have a @value or children {hasValue() or (children().count() > id.count())}
ext-1:Must have either extensions or value[x], not both {extension.exists() != value.exists()}"
"Patient.extension:religion","Patient.extension","religion","","",0,1,"","","","Extension {[CanonicalType[https://fhir.kemkes.go.id/r4/StructureDefinition/patient-religion]]} {[]}
","The patient's professed religious affiliations","The patient's professed religious affiliations.","","","","","","","","","",,,,,"",,,,"DomainResource.extension",0,*,"ele-1
","ele-1:All FHIR elements must have a @value or children {hasValue() or (children().count() > id.count())}
ext-1:Must have either extensions or value[x], not both {extension.exists() != value.exists()}"
"Patient.extension:citizenshipStatus","Patient.extension","citizenshipStatus","","",0,1,"","","","Extension {[CanonicalType[https://fhir.kemkes.go.id/r4/StructureDefinition/citizenshipStatus]]} {[]}
","Extension","Information that describe whether the patient is an Indonesian citizen or a foreign citizen by law.","","","","","","","","","",,,,,"",,,,"DomainResource.extension",0,*,"ele-1
","ele-1:All FHIR elements must have a @value or children {hasValue() or (children().count() > id.count())}
ext-1:Must have either extensions or value[x], not both {extension.exists() != value.exists()}"
"Patient.extension:disability","Patient.extension","disability","","",0,1,"","","","Extension {[CanonicalType[https://fhir.kemkes.go.id/r4/StructureDefinition/patient-disability]]} {[]}
","Condition(s) limiting movement, senses, or activities","Value(s) identifying physical or mental condition(s) that limits a person's movements, senses, or activities.","","","","","","","","","",,,,,"",,,,"DomainResource.extension",0,*,"ele-1
","ele-1:All FHIR elements must have a @value or children {hasValue() or (children().count() > id.count())}
ext-1:Must have either extensions or value[x], not both {extension.exists() != value.exists()}"
"Patient.extension:education","Patient.extension","education","","",0,1,"","","","Extension {[CanonicalType[https://fhir.kemkes.go.id/r4/StructureDefinition/Education]]} {[]}
","Education","Extension for education level information.","","","","","","","","","",,,,,"",,,,"DomainResource.extension",0,*,"ele-1
","ele-1:All FHIR elements must have a @value or children {hasValue() or (children().count() > id.count())}
ext-1:Must have either extensions or value[x], not both {extension.exists() != value.exists()}"
"Patient.modifierExtension","Patient.modifierExtension","","extensions
user content","",0,*,"","Y","","Extension {[]} {[]}
","Extensions that cannot be ignored","May be used to represent additional information that is not part of the basic definition of the resource and that modifies the understanding of the element that contains it and/or the understanding of the containing element's descendants. Usually modifier elements provide negation or qualification. To make the use of extensions safe and manageable, there is a strict set of governance applied to the definition and use of extensions. Though any implementer is allowed to define an extension, there is a set of requirements that SHALL be met as part of the definition of the extension. Applications processing a resource are required to check for modifier extensions.

Modifier extensions SHALL NOT change the meaning of any elements on Resource or DomainResource (including cannot change the meaning of modifierExtension itself).","There can be no stigma associated with the use of extensions by any application, project, or standard - regardless of the institution or jurisdiction that uses or defines the extensions.  The use of extensions is what allows the FHIR specification to retain a core level of simplicity for everyone.","Modifier extensions allow for extensions that *cannot* be safely ignored to be clearly distinguished from the vast majority of extensions which can be safely ignored.  This promotes interoperability by eliminating the need for implementers to prohibit the presence of extensions. For further information, see the [definition of modifier extensions](http://hl7.org/fhir/R4/extensibility.html#modifierExtension).","","","","","","","",,,,,"",,,,"DomainResource.modifierExtension",0,*,"","ele-1:All FHIR elements must have a @value or children {hasValue() or (children().count() > id.count())}
ext-1:Must have either extensions or value[x], not both {extension.exists() != value.exists()}","N/A"
"Patient.identifier","Patient.identifier","","","",0,*,"","","Y","Identifier {[]} {[]}
","An identifier for this patient","Berisi satu atau lebih daftar data mengenai informasi terkait kode atau nomor pasien yang dimiliki oleh lokasi induk yang setiap datanya direpresentasikan dengan tipe data Identifier.","","Patients are almost always assigned specific numerical identifiers.","","","","","","","",,,,,"",,,,"Patient.identifier",0,*,"","ele-1:All FHIR elements must have a @value or children {hasValue() or (children().count() > id.count())}
","id",".id","FiveWs.identifier","PID-3"
"Patient.identifier.id","Patient.identifier.id","","","",0,1,"","","","string {[]} {[]}
","Unique id for inter-element referencing","Unique id for the element within a resource (for internal references). This may be any string value that does not contain spaces.","","","","","","","","","",,,,,"",,,,"Element.id",0,1,"","","n/a"
"Patient.identifier.extension","Patient.identifier.extension","","extensions
user content","",0,*,"","","","Extension {[]} {[]}
","Additional content defined by implementations","May be used to represent additional information that is not part of the basic definition of the element. To make the use of extensions safe and manageable, there is a strict set of governance  applied to the definition and use of extensions. Though any implementer can define an extension, there is a set of requirements that SHALL be met as part of the definition of the extension.","There can be no stigma associated with the use of extensions by any application, project, or standard - regardless of the institution or jurisdiction that uses or defines the extensions.  The use of extensions is what allows the FHIR specification to retain a core level of simplicity for everyone.","","","","","","","","",,,,,"","value:url}
","Extensions are always sliced by (at least) url",,"open","Element.extension",0,*,"","ele-1:All FHIR elements must have a @value or children {hasValue() or (children().count() > id.count())}
ext-1:Must have either extensions or value[x], not both {extension.exists() != value.exists()}","n/a"
"Patient.identifier.use","Patient.identifier.use","","","",0,1,"","Y","Y","code {[]} {[]}
","usual | official | temp | secondary | old (If known)","Berisi data dengan tipe data code, yang nilainya mengacu pada data terminologi IdentifierUse.","Applications can assume that an identifier is permanent unless it explicitly says that it is temporary.","Allows the appropriate identifier for a particular context of use to be selected from among a set of identifiers.","","","","","","","",,"required","Identifies the purpose for this identifier, if known .","http://hl7.org/fhir/ValueSet/identifier-use|4.0.1","",,,,"Identifier.use",0,1,"","ele-1:All FHIR elements must have a @value or children {hasValue() or (children().count() > id.count())}
","Role.code or implied by context","N/A"
"Patient.identifier.type","Patient.identifier.type","","","",0,1,"","","Y","CodeableConcept {[]} {[]}
","Description of identifier","A coded type for the identifier that can be used to determine which identifier to use for a specific purpose.","This element deals only with general categories of identifiers.  It SHOULD not be used for codes that correspond 1..1 with the Identifier.system. Some identifiers may fall into multiple categories due to common usage.   Where the system is known, a type is unnecessary because the type is always part of the system definition. However systems often need to handle identifiers where the system is not known. There is not a 1:1 relationship between type and system, since many different systems have the same type.","Allows users to make use of identifiers when the identifier system is not known.","","","","","","","",,"extensible","A coded type for an identifier that can be used to determine which identifier to use for a specific purpose.","http://hl7.org/fhir/ValueSet/identifier-type|4.0.1","",,,,"Identifier.type",0,1,"","ele-1:All FHIR elements must have a @value or children {hasValue() or (children().count() > id.count())}
","Role.code or implied by context","CX.5"
"Patient.identifier.system","Patient.identifier.system","","","",1,1,"","","Y","uri {[]} {[]}
","The namespace for the identifier value","Berisi data yang nilainya memiliki format: https://fhir.kemkes.go.id/id/patient-ihs-number","Identifier.system is always case sensitive.","There are many sets  of identifiers.  To perform matching of two identifiers, we need to know what set we're dealing with. The system identifies a particular set of unique identifiers.","","","","","<valueUri xmlns=""http://hl7.org/fhir"" value=""http://www.acme.com/identifiers/patient""/>","","",,,,,"",,,,"Identifier.system",0,1,"","ele-1:All FHIR elements must have a @value or children {hasValue() or (children().count() > id.count())}
","II.root or Role.id.root","CX.4 / EI-2-4"
"Patient.identifier.value","Patient.identifier.value","","","",1,1,"","","Y","string {[]} {[]}
","The value that is unique","Berisi kode atau nomor pasien.","If the value is a full URI, then the system SHALL be urn:ietf:rfc:3986.  The value's primary purpose is computational mapping.  As a result, it may be normalized for comparison purposes (e.g. removing non-significant whitespace, dashes, etc.)  A value formatted for human display can be conveyed using the [Rendered Value extension](http://hl7.org/fhir/R4/extension-rendered-value.html). Identifier.value is to be treated as case sensitive unless knowledge of the Identifier.system allows the processer to be confident that non-case-sensitive processing is safe.","","","","","","<valueString xmlns=""http://hl7.org/fhir"" value=""123456""/>","","",,,,,"",,,,"Identifier.value",0,1,"","ele-1:All FHIR elements must have a @value or children {hasValue() or (children().count() > id.count())}
","II.extension or II.root if system indicates OID or GUID (Or Role.id.extension or root)","CX.1 / EI.1"
"Patient.identifier.period","Patient.identifier.period","","","",0,1,"","","Y","Period {[]} {[]}
","Time period when id is/was valid for use","Time period during which identifier is/was valid for use.","","","","","","","","","",,,,,"",,,,"Identifier.period",0,1,"","ele-1:All FHIR elements must have a @value or children {hasValue() or (children().count() > id.count())}
","Role.effectiveTime or implied by context","CX.7 + CX.8"
"Patient.identifier.assigner","Patient.identifier.assigner","","","",0,1,"","","Y","Reference {[]} {[CanonicalType[http://hl7.org/fhir/StructureDefinition/Organization|4.0.1]]}
","Organization that issued id (may be just text)","Organization that issued/manages the identifier.","The Identifier.assigner may omit the .reference element and only contain a .display element reflecting the name or other textual information about the assigning organization.","","","","","","","","",,,,,"",,,,"Identifier.assigner",0,1,"","ele-1:All FHIR elements must have a @value or children {hasValue() or (children().count() > id.count())}
","II.assigningAuthorityName but note that this is an improper use by the definition of the field.  Also Role.scoper","CX.4 / (CX.4,CX.9,CX.10)"
"Patient.active","Patient.active","","","",0,1,"","Y","Y","boolean {[]} {[]}
","Whether this patient's record is in active use","Berisi data apakah catatan pasien aktif digunakan dengan tipe data boolean.","If a record is inactive, and linked to an active record, then future patient/record updates should occur on the other patient.","Need to be able to mark a patient record as not to be used because it was created in error.","","This resource is generally assumed to be active if no value is provided for the active element","","","","","",,,,,"",,,,"Patient.active",0,1,"","ele-1:All FHIR elements must have a @value or children {hasValue() or (children().count() > id.count())}
","statusCode","n/a","FiveWs.status"
"Patient.name","Patient.name","","","",1,*,"","","Y","HumanName {[]} {[]}
","A name associated with the patient","Berisi satu atau lebih daftar data mengenai nama pasien dengan tipe data HumanName.","A patient may have multiple names with different uses or applicable periods. For animals, the name is a ""HumanName"" in the sense that is assigned and used by humans and has the same patterns.","Need to be able to track the patient by multiple names. Examples are your official name and a partner name.","","","","","","","",,,,,"",,,,"Patient.name",0,*,"","ele-1:All FHIR elements must have a @value or children {hasValue() or (children().count() > id.count())}
","name",".patient.name","PID-5, PID-9"
"Patient.name.id","Patient.name.id","","","",0,1,"","","","string {[]} {[]}
","Unique id for inter-element referencing","Unique id for the element within a resource (for internal references). This may be any string value that does not contain spaces.","","","","","","","","","",,,,,"",,,,"Element.id",0,1,"","","n/a"
"Patient.name.extension","Patient.name.extension","","extensions
user content","",0,*,"","","","Extension {[]} {[]}
","Additional content defined by implementations","May be used to represent additional information that is not part of the basic definition of the element. To make the use of extensions safe and manageable, there is a strict set of governance  applied to the definition and use of extensions. Though any implementer can define an extension, there is a set of requirements that SHALL be met as part of the definition of the extension.","There can be no stigma associated with the use of extensions by any application, project, or standard - regardless of the institution or jurisdiction that uses or defines the extensions.  The use of extensions is what allows the FHIR specification to retain a core level of simplicity for everyone.","","","","","","","","",,,,,"","value:url}
","Extensions are always sliced by (at least) url",,"open","Element.extension",0,*,"","ele-1:All FHIR elements must have a @value or children {hasValue() or (children().count() > id.count())}
ext-1:Must have either extensions or value[x], not both {extension.exists() != value.exists()}","n/a"
"Patient.name.use","Patient.name.use","","","",0,1,"","Y","Y","code {[]} {[]}
","usual | official | temp | nickname | anonymous | old | maiden","Berisi data nama pasien dengan tipe data code.","Applications can assume that a name is current unless it explicitly says that it is temporary or old.","Allows the appropriate name for a particular context of use to be selected from among a set of names.","","","","","","","",,"required","The use of a human name.","http://hl7.org/fhir/ValueSet/name-use|4.0.1","",,,,"HumanName.use",0,1,"","ele-1:All FHIR elements must have a @value or children {hasValue() or (children().count() > id.count())}
","unique(./use)","XPN.7, but often indicated by which field contains the name"
"Patient.name.text","Patient.name.text","","","",0,1,"","","Y","string {[]} {[]}
","Text representation of the full name","Berisi data nama lengkap pasien dengan tipe data string.","Can provide both a text representation and parts. Applications updating a name SHALL ensure that when both text and parts are present,  no content is included in the text that isn't found in a part.","A renderable, unencoded form.","","","","","","","",,,,,"",,,,"HumanName.text",0,1,"","ele-1:All FHIR elements must have a @value or children {hasValue() or (children().count() > id.count())}
","./formatted","implied by XPN.11"
"Patient.name.family","Patient.name.family","","surname
","",0,1,"","","Y","string {[]} {[]}
","Family name (often called 'Surname')","Berisi data nama belakang pasien dengan tipe data string.","Family Name may be decomposed into specific parts using extensions (de, nl, es related cultures).","","","","","","","","",,,,,"",,,,"HumanName.family",0,1,"","ele-1:All FHIR elements must have a @value or children {hasValue() or (children().count() > id.count())}
","./part[partType = FAM]","XPN.1/FN.1"
"Patient.name.given","Patient.name.given","","first name
middle name","",0,*,"","","Y","string {[]} {[]}
","Given names (not always 'first'). Includes middle names","Berisi data nama tengah pasien dengan tipe data string.","If only initials are recorded, they may be used in place of the full name parts. Initials may be separated into multiple given names but often aren't due to paractical limitations.  This element is not called ""first name"" since given names do not always come first.","","","","","","","","",,,,,"",,,,"HumanName.given",0,*,"","ele-1:All FHIR elements must have a @value or children {hasValue() or (children().count() > id.count())}
","./part[partType = GIV]","XPN.2 + XPN.3"
"Patient.name.prefix","Patient.name.prefix","","","",0,*,"","","Y","string {[]} {[]}
","Parts that come before the name","Berisi data nama yang diperoleh sebagai gelar karena status akademik, hukum, pekerjaan atau kebangsawanan yang muncul di awal nama pasien dengan tipe data string.","","","","","","","","","",,,,,"",,,,"HumanName.prefix",0,*,"","ele-1:All FHIR elements must have a @value or children {hasValue() or (children().count() > id.count())}
","./part[partType = PFX]","XPN.5"
"Patient.name.suffix","Patient.name.suffix","","","",0,*,"","","Y","string {[]} {[]}
","Parts that come after the name","Berisi data nama yang diperoleh sebagai gelar karena status akademik, hukum, pekerjaan atau kebangsawanan yang muncul di akhir nama pasien dengan tipe data string.","","","","","","","","","",,,,,"",,,,"HumanName.suffix",0,*,"","ele-1:All FHIR elements must have a @value or children {hasValue() or (children().count() > id.count())}
","./part[partType = SFX]","XPN/4"
"Patient.name.period","Patient.name.period","","","",0,1,"","","Y","Period {[]} {[]}
","Time period when name was/is in use","Berisi periode waktu ketika nama pasien sedang digunakan dengan tipe data Period.","","Allows names to be placed in historical context.","","","","","","","",,,,,"",,,,"HumanName.period",0,1,"","ele-1:All FHIR elements must have a @value or children {hasValue() or (children().count() > id.count())}
","./usablePeriod[type=""IVL<TS>""]","XPN.13 + XPN.14"
"Patient.telecom","Patient.telecom","","","",0,*,"","","Y","ContactPoint {[]} {[]}
","A contact detail for the individual","Berisi satu atau lebih detail kontak untuk individu dengan tipe data ContactPoint.","A Patient may have multiple ways to be contacted with different uses or applicable periods.  May need to have options for contacting the person urgently and also to help with identification. The address might not go directly to the individual, but may reach another party that is able to proxy for the patient (i.e. home phone, or pet owner's phone).","People have (primary) ways to contact them in some way such as phone, email.","","","","","","","",,,,,"",,,,"Patient.telecom",0,*,"","ele-1:All FHIR elements must have a @value or children {hasValue() or (children().count() > id.count())}
","telecom",".telecom","PID-13, PID-14, PID-40"
"Patient.gender","Patient.gender","","","",0,1,"","","Y","code {[]} {[]}
","male | female | other | unknown","Berisi data jenis kelamin pasien dengan tipe data code, yang nilainya mengacu pada salah satu data di terminologi dengan nama AdministrativeGender.","The gender might not match the biological sex as determined by genetics or the individual's preferred identification. Note that for both humans and particularly animals, there are other legitimate possibilities than male and female, though the vast majority of systems and contexts only support male and female.  Systems providing decision support or enforcing business rules should ideally do this on the basis of Observations dealing with the specific sex or gender aspect of interest (anatomical, chromosomal, social, etc.)  However, because these observations are infrequently recorded, defaulting to the administrative gender is common practice.  Where such defaulting occurs, rule enforcement should allow for the variation between administrative and biological, chromosomal and other gender aspects.  For example, an alert about a hysterectomy on a male should be handled as a warning or overridable error, not a ""hard"" error.  See the Patient Gender and Sex section for additional information about communicating patient gender and sex.","Needed for identification of the individual, in combination with (at least) name and birth date.","","","","","","","",,"required","The gender of a person used for administrative purposes.","http://hl7.org/fhir/ValueSet/administrative-gender|4.0.1","",,,,"Patient.gender",0,1,"","ele-1:All FHIR elements must have a @value or children {hasValue() or (children().count() > id.count())}
","player[classCode=PSN|ANM and determinerCode=INSTANCE]/administrativeGender",".patient.administrativeGenderCode","PID-8"
"Patient.birthDate","Patient.birthDate","","","",0,1,"","","Y","date {[]} {[]}
","The date of birth for the individual","Berisi data tanggal lahir pasien dengan tipe data date dalam format YYYY-MM-DD.","At least an estimated year should be provided as a guess if the real DOB is unknown  There is a standard extension ""patient-birthTime"" available that should be used where Time is required (such as in maternity/infant care systems).","Age of the individual drives many clinical processes.","","","","","","","",,,,,"",,,,"Patient.birthDate",0,1,"","ele-1:All FHIR elements must have a @value or children {hasValue() or (children().count() > id.count())}
","player[classCode=PSN|ANM and determinerCode=INSTANCE]/birthTime",".patient.birthTime","PID-7","21112-8"
"Patient.birthDate.id","Patient.birthDate.id","","","",0,1,"","","","string {[]} {[]}
","xml:id (or equivalent in JSON)","unique id for the element within a resource (for internal references)","","","","","","","","","",,,,,"",,,,"Element.id",0,1,"",""
"Patient.birthDate.extension","Patient.birthDate.extension","","","",0,*,"","","","Extension {[]} {[]}
","Extension","An Extension","","","","","","","","","",,,,,"","value:url}
","",,"open","Element.extension",0,*,"","ele-1:All FHIR elements must have a @value or children {hasValue() or (children().count() > id.count())}
ext-1:Must have either extensions or value[x], not both {extension.exists() != value.exists()}"
"Patient.birthDate.extension:birthTime","Patient.birthDate.extension","birthTime","","",0,1,"","","","Extension {[CanonicalType[https://fhir.kemkes.go.id/r4/StructureDefinition/patient-birthTime]]} {[]}
","Time of day of birth","The time of day that the Patient was born. This includes the date to ensure that the timezone information can be communicated effectively.","","","","","","","","","",,,,,"",,,,"Element.extension",0,*,"ele-1
","ele-1:All FHIR elements must have a @value or children {hasValue() or (children().count() > id.count())}
ext-1:Must have either extensions or value[x], not both {extension.exists() != value.exists()}"
"Patient.birthDate.value","Patient.birthDate.value","","","",0,1,"","","","date {[]} {[]}
","Primitive value for date","The actual value","","","","","","","","","",,,,,"",,,,"date.value",0,1,"",""
"Patient.deceased[x]","Patient.deceased[x]","","","",0,1,"","Y","Y","boolean {[]} {[]}
dateTime {[]} {[]}","Indicates if the individual is deceased or not","Berisi data yang menunjukkan apakah individu tersebut meninggal atau tidak.","If there's no value in the instance, it means there is no statement on whether or not the individual is deceased. Most systems will interpret the absence of a value as a sign of the person being alive.","The fact that a patient is deceased influences the clinical process. Also, in human communication and relation management it is necessary to know whether the person is alive.","","","","","","","",,,,,"",,,,"Patient.deceased[x]",0,1,"","ele-1:All FHIR elements must have a @value or children {hasValue() or (children().count() > id.count())}
","player[classCode=PSN|ANM and determinerCode=INSTANCE]/deceasedInd, player[classCode=PSN|ANM and determinerCode=INSTANCE]/deceasedTime","n/a","PID-30  (bool) and PID-29 (datetime)"
"Patient.address","Patient.address","","","",0,*,"","","Y","Address {[]} {[]}
","An address for the individual","Berisi satu atau lebih daftar data mengenai informasi terkait kode atau nomor alamat pasien yang dimiliki oleh lokasi induk yang setiap datanya direpresentasikan dengan tipe data Address.","Patient may have multiple addresses with different uses or applicable periods.","May need to keep track of patient addresses for contacting, billing or reporting requirements and also to help with identification.","","","","","","","",,,,,"",,,,"Patient.address",0,*,"","ele-1:All FHIR elements must have a @value or children {hasValue() or (children().count() > id.count())}
","addr",".addr","PID-11"
"Patient.address.id","Patient.address.id","","","",0,1,"","","","string {[]} {[]}
","Unique id for inter-element referencing","Unique id for the element within a resource (for internal references). This may be any string value that does not contain spaces.","","","","","","","","","",,,,,"",,,,"Element.id",0,1,"","","n/a"
"Patient.address.extension","Patient.address.extension","","extensions
user content","",0,*,"","","","Extension {[]} {[]}
","Additional content defined by implementations","May be used to represent additional information that is not part of the basic definition of the element. To make the use of extensions safe and manageable, there is a strict set of governance  applied to the definition and use of extensions. Though any implementer can define an extension, there is a set of requirements that SHALL be met as part of the definition of the extension.","There can be no stigma associated with the use of extensions by any application, project, or standard - regardless of the institution or jurisdiction that uses or defines the extensions.  The use of extensions is what allows the FHIR specification to retain a core level of simplicity for everyone.","","","","","","","","",,,,,"","value:url}
","Extensions are always sliced by (at least) url",,"open","Element.extension",0,*,"","ele-1:All FHIR elements must have a @value or children {hasValue() or (children().count() > id.count())}
ext-1:Must have either extensions or value[x], not both {extension.exists() != value.exists()}","n/a"
"Patient.address.extension:administrativeCode","Patient.address.extension","administrativeCode","","",0,1,"","","","Extension {[CanonicalType[https://fhir.kemkes.go.id/r4/StructureDefinition/AdministrativeCode]]} {[]}
","The regional administrative code","The regional administrative code of the address, represented in six levels: province, city/regency, district, village, rt and rw.","","","","","","","","","",,,,,"",,,,"Element.extension",0,*,"","ele-1:All FHIR elements must have a @value or children {hasValue() or (children().count() > id.count())}
ext-1:Must have either extensions or value[x], not both {extension.exists() != value.exists()}"
"Patient.address.use","Patient.address.use","","","",0,1,"","Y","Y","code {[]} {[]}
","home | work | temp | old | billing - purpose of this address","Berisi data penggunaan alamat pasien dengan tipe data code, yang nilainya mengacu pada data terminologi AddressUse.","Applications can assume that an address is current unless it explicitly says that it is temporary or old.","Allows an appropriate address to be chosen from a list of many.","","","","","<valueCode xmlns=""http://hl7.org/fhir"" value=""home""/>","","",,"required","The use of an address.","http://hl7.org/fhir/ValueSet/address-use|4.0.1","",,,,"Address.use",0,1,"","ele-1:All FHIR elements must have a @value or children {hasValue() or (children().count() > id.count())}
","unique(./use)","XAD.7"
"Patient.address.type","Patient.address.type","","","",0,1,"","","Y","code {[]} {[]}
","postal | physical | both","Distinguishes between physical addresses (those you can visit) and mailing addresses (e.g. PO Boxes and care-of addresses). Most addresses are both.","The definition of Address states that ""address is intended to describe postal addresses, not physical locations"". However, many applications track whether an address has a dual purpose of being a location that can be visited as well as being a valid delivery destination, and Postal addresses are often used as proxies for physical locations (also see the [Location](http://hl7.org/fhir/R4/location.html#) resource).","","","","","","<valueCode xmlns=""http://hl7.org/fhir"" value=""both""/>","","",,"required","The type of an address (physical / postal).","http://hl7.org/fhir/ValueSet/address-type|4.0.1","",,,,"Address.type",0,1,"","ele-1:All FHIR elements must have a @value or children {hasValue() or (children().count() > id.count())}
","unique(./use)","XAD.18"
"Patient.address.text","Patient.address.text","","","",0,1,"","","Y","string {[]} {[]}
","Text representation of the address","Specifies the entire address as it should be displayed e.g. on a postal label. This may be provided instead of or as well as the specific parts.","Can provide both a text representation and parts. Applications updating an address SHALL ensure that  when both text and parts are present,  no content is included in the text that isn't found in a part.","A renderable, unencoded form.","","","","","<valueString xmlns=""http://hl7.org/fhir"" value=""137 Nowhere Street, Erewhon 9132""/>","","",,,,,"",,,,"Address.text",0,1,"","ele-1:All FHIR elements must have a @value or children {hasValue() or (children().count() > id.count())}
","./formatted","XAD.1 + XAD.2 + XAD.3 + XAD.4 + XAD.5 + XAD.6"
"Patient.address.line","Patient.address.line","","","",0,*,"","","Y","string {[]} {[]}
","Street name, number, direction & P.O. Box etc.","Berisi satu atau lebih data nama, blok, no jalan atau no rumah dengan tipe data string.","","","","","","","<valueString xmlns=""http://hl7.org/fhir"" value=""137 Nowhere Street""/>","","",,,,,"",,,,"Address.line",0,*,"","ele-1:All FHIR elements must have a @value or children {hasValue() or (children().count() > id.count())}
","AD.part[parttype = AL]","XAD.1 + XAD.2 (note: XAD.1 and XAD.2 have different meanings for a company address than for a person address)"
"Patient.address.city","Patient.address.city","","Municpality
","",0,1,"","","Y","string {[]} {[]}
","Name of city, town etc.","Berisi satu atau lebih data kota dengan tipe data string.","","","","","","","<valueString xmlns=""http://hl7.org/fhir"" value=""Erewhon""/>","","",,,,,"",,,,"Address.city",0,1,"","ele-1:All FHIR elements must have a @value or children {hasValue() or (children().count() > id.count())}
","AD.part[parttype = CTY]","XAD.3"
"Patient.address.district","Patient.address.district","","County
","",0,1,"","","Y","string {[]} {[]}
","District name (aka county)","The name of the administrative area (county).","District is sometimes known as county, but in some regions 'county' is used in place of city (municipality), so county name should be conveyed in city instead.","","","","","","<valueString xmlns=""http://hl7.org/fhir"" value=""Madison""/>","","",,,,,"",,,,"Address.district",0,1,"","ele-1:All FHIR elements must have a @value or children {hasValue() or (children().count() > id.count())}
","AD.part[parttype = CNT | CPA]","XAD.9"
"Patient.address.state","Patient.address.state","","Province
Territory","",0,1,"","","Y","string {[]} {[]}
","Sub-unit of country (abbreviations ok)","Sub-unit of a country with limited sovereignty in a federally organized country. A code may be used if codes are in common use (e.g. US 2 letter state codes).","","","","","","","","","",,,,,"",,,,"Address.state",0,1,"","ele-1:All FHIR elements must have a @value or children {hasValue() or (children().count() > id.count())}
","AD.part[parttype = STA]","XAD.4"
"Patient.address.postalCode","Patient.address.postalCode","","Zip
","",0,1,"","","Y","string {[]} {[]}
","Postal code for area","Berisi data kode pos dengan tipe data string.","","","","","","","<valueString xmlns=""http://hl7.org/fhir"" value=""9132""/>","","",,,,,"",,,,"Address.postalCode",0,1,"","ele-1:All FHIR elements must have a @value or children {hasValue() or (children().count() > id.count())}
","AD.part[parttype = ZIP]","XAD.5"
"Patient.address.country","Patient.address.country","","","",0,1,"","","Y","string {[]} {[]}
","Country (e.g. can be ISO 3166 2 or 3 letter code)","Berisi data kode negara berdasarkan ISO 3316 2-letter (contoh: ID) dengan dengan tipe data string.","ISO 3166 3 letter codes can be used in place of a human readable country name.","","","","","","","","",,,,,"",,,,"Address.country",0,1,"","ele-1:All FHIR elements must have a @value or children {hasValue() or (children().count() > id.count())}
","AD.part[parttype = CNT]","XAD.6"
"Patient.address.period","Patient.address.period","","","",0,1,"","","Y","Period {[]} {[]}
","Time period when address was/is in use","Time period when address was/is in use.","","Allows addresses to be placed in historical context.","","","","","<valuePeriod xmlns=""http://hl7.org/fhir"">
  <start value=""2010-03-23""/>
  <end value=""2010-07-01""/>
</valuePeriod>","","",,,,,"",,,,"Address.period",0,1,"","ele-1:All FHIR elements must have a @value or children {hasValue() or (children().count() > id.count())}
","./usablePeriod[type=""IVL<TS>""]","XAD.12 / XAD.13 + XAD.14"
"Patient.maritalStatus","Patient.maritalStatus","","","",0,1,"","","","CodeableConcept {[]} {[]}
","Marital (civil) status of a patient","Berisi data status perkawinan (sipil) pasien dengan tipe data CodeableConcept.","","Most, if not all systems capture it.","","","","","","","",,"extensible","The domestic partnership status of a person.","http://hl7.org/fhir/ValueSet/marital-status|4.0.1","",,,,"Patient.maritalStatus",0,1,"","ele-1:All FHIR elements must have a @value or children {hasValue() or (children().count() > id.count())}
","player[classCode=PSN]/maritalStatusCode",".patient.maritalStatusCode","PID-16"
"Patient.multipleBirth[x]","Patient.multipleBirth[x]","","","",0,1,"","","","boolean {[]} {[]}
integer {[]} {[]}","Whether patient is part of a multiple birth","Berisi data apakah pasien adalah bagian dari kelahiran lebih dari satu bayi.","Where the valueInteger is provided, the number is the birth number in the sequence. E.g. The middle birth in triplets would be valueInteger=2 and the third born would have valueInteger=3 If a boolean value was provided for this triplets example, then all 3 patient records would have valueBoolean=true (the ordering is not indicated).","For disambiguation of multiple-birth children, especially relevant where the care provider doesn't meet the patient, such as labs.","","","","","","","",,,,,"",,,,"Patient.multipleBirth[x]",0,1,"","ele-1:All FHIR elements must have a @value or children {hasValue() or (children().count() > id.count())}
","player[classCode=PSN|ANM and determinerCode=INSTANCE]/multipleBirthInd,  player[classCode=PSN|ANM and determinerCode=INSTANCE]/multipleBirthOrderNumber","n/a","PID-24 (bool), PID-25 (integer)"
"Patient.photo","Patient.photo","","","",0,*,"","","","Attachment {[]} {[]}
","Image of the patient","Berisi satu atau lebih gambar pasien dengan tipe data Attachment.","Guidelines:
* Use id photos, not clinical photos.
* Limit dimensions to thumbnail.
* Keep byte count low to ease resource updates.","Many EHR systems have the capability to capture an image of the patient. Fits with newer social media usage too.","","","","","","","",,,,,"",,,,"Patient.photo",0,*,"","ele-1:All FHIR elements must have a @value or children {hasValue() or (children().count() > id.count())}
","player[classCode=PSN|ANM and determinerCode=INSTANCE]/desc","n/a","OBX-5 - needs a profile"
"Patient.contact","Patient.contact","","","",0,*,"","","","BackboneElement {[]} {[]}
","A contact party (e.g. guardian, partner, friend) for the patient","Berisi satu atau lebih daftar data mengenai nama penjamin dengan tipe data BackboneElement.","Contact covers all kinds of contact parties: family members, business contacts, guardians, caregivers. Not applicable to register pedigree and family ties beyond use of having contact.","Need to track people you can contact about the patient.","","","","","","","",,,,,"",,,,"Patient.contact",0,*,"","ele-1:All FHIR elements must have a @value or children {hasValue() or (children().count() > id.count())}
pat-1:SHALL at least contain a contact's details or a reference to an organization {name.exists() or telecom.exists() or address.exists() or organization.exists()}","player[classCode=PSN|ANM and determinerCode=INSTANCE]/scopedRole[classCode=CON]","n/a"
"Patient.contact.id","Patient.contact.id","","","",0,1,"","","","string {[]} {[]}
","Unique id for inter-element referencing","Unique id for the element within a resource (for internal references). This may be any string value that does not contain spaces.","","","","","","","","","",,,,,"",,,,"Element.id",0,1,"","","n/a"
"Patient.contact.extension","Patient.contact.extension","","extensions
user content","",0,*,"","","","Extension {[]} {[]}
","Additional content defined by implementations","May be used to represent additional information that is not part of the basic definition of the element. To make the use of extensions safe and manageable, there is a strict set of governance  applied to the definition and use of extensions. Though any implementer can define an extension, there is a set of requirements that SHALL be met as part of the definition of the extension.","There can be no stigma associated with the use of extensions by any application, project, or standard - regardless of the institution or jurisdiction that uses or defines the extensions.  The use of extensions is what allows the FHIR specification to retain a core level of simplicity for everyone.","","","","","","","","",,,,,"",,,,"Element.extension",0,*,"","ele-1:All FHIR elements must have a @value or children {hasValue() or (children().count() > id.count())}
ext-1:Must have either extensions or value[x], not both {extension.exists() != value.exists()}","n/a"
"Patient.contact.modifierExtension","Patient.contact.modifierExtension","","extensions
user contentmodifiers","",0,*,"","Y","Y","Extension {[]} {[]}
","Extensions that cannot be ignored even if unrecognized","May be used to represent additional information that is not part of the basic definition of the element and that modifies the understanding of the element in which it is contained and/or the understanding of the containing element's descendants. Usually modifier elements provide negation or qualification. To make the use of extensions safe and manageable, there is a strict set of governance applied to the definition and use of extensions. Though any implementer can define an extension, there is a set of requirements that SHALL be met as part of the definition of the extension. Applications processing a resource are required to check for modifier extensions.

Modifier extensions SHALL NOT change the meaning of any elements on Resource or DomainResource (including cannot change the meaning of modifierExtension itself).","There can be no stigma associated with the use of extensions by any application, project, or standard - regardless of the institution or jurisdiction that uses or defines the extensions.  The use of extensions is what allows the FHIR specification to retain a core level of simplicity for everyone.","Modifier extensions allow for extensions that *cannot* be safely ignored to be clearly distinguished from the vast majority of extensions which can be safely ignored.  This promotes interoperability by eliminating the need for implementers to prohibit the presence of extensions. For further information, see the [definition of modifier extensions](http://hl7.org/fhir/R4/extensibility.html#modifierExtension).","","","","","","","",,,,,"",,,,"BackboneElement.modifierExtension",0,*,"","ele-1:All FHIR elements must have a @value or children {hasValue() or (children().count() > id.count())}
ext-1:Must have either extensions or value[x], not both {extension.exists() != value.exists()}","N/A"
"Patient.contact.relationship","Patient.contact.relationship","","","",0,*,"","","","CodeableConcept {[]} {[]}
","The kind of relationship","Berisi satu atau lebih daftar data mengenai hubungan penjamin dan pasien dengan tipe data CodeableConcept.","","Used to determine which contact person is the most relevant to approach, depending on circumstances.","","","","","","","",,"extensible","The nature of the relationship between a patient and a contact person for that patient.","http://hl7.org/fhir/ValueSet/patient-contactrelationship|4.0.1","",,,,"Patient.contact.relationship",0,*,"","ele-1:All FHIR elements must have a @value or children {hasValue() or (children().count() > id.count())}
","code","n/a","NK1-7, NK1-3"
"Patient.contact.name","Patient.contact.name","","","",0,1,"","","","HumanName {[]} {[]}
","A name associated with the contact person","Berisi satu atau lebih daftar data mengenai nama penjamin dengan tipe data HumanName","","Contact persons need to be identified by name, but it is uncommon to need details about multiple other names for that contact person.","","","","","","","",,,,,"",,,,"Patient.contact.name",0,1,"","ele-1:All FHIR elements must have a @value or children {hasValue() or (children().count() > id.count())}
","name","n/a","NK1-2"
"Patient.contact.telecom","Patient.contact.telecom","","","",0,*,"","","","ContactPoint {[]} {[]}
","A contact detail for the person","Berisi satu atau lebih daftar data mengenai informasi terkait kode atau nomor penjamin yang setiap datanya direpresentasikan dengan tipe data ContactPoint.","Contact may have multiple ways to be contacted with different uses or applicable periods.  May need to have options for contacting the person urgently, and also to help with identification.","People have (primary) ways to contact them in some way such as phone, email.","","","","","","","",,,,,"",,,,"Patient.contact.telecom",0,*,"","ele-1:All FHIR elements must have a @value or children {hasValue() or (children().count() > id.count())}
","telecom","n/a","NK1-5, NK1-6, NK1-40"
"Patient.contact.address","Patient.contact.address","","","",0,1,"","","","Address {[]} {[]}
","Address for the contact person","Berisi satu atau lebih daftar data mengenai alamat penjamin dan pasien dengan tipe data Address.","","Need to keep track where the contact person can be contacted per postal mail or visited.","","","","","","","",,,,,"",,,,"Patient.contact.address",0,1,"","ele-1:All FHIR elements must have a @value or children {hasValue() or (children().count() > id.count())}
","addr","n/a","NK1-4"
"Patient.contact.gender","Patient.contact.gender","","","",0,1,"","","","code {[]} {[]}
","male | female | other | unknown","Berisi data jenis kelamin penjamin pasien dengan tipe data code.","","Needed to address the person correctly.","","","","","","","",,"required","The gender of a person used for administrative purposes.","http://hl7.org/fhir/ValueSet/administrative-gender|4.0.1","",,,,"Patient.contact.gender",0,1,"","ele-1:All FHIR elements must have a @value or children {hasValue() or (children().count() > id.count())}
","player[classCode=PSN|ANM and determinerCode=INSTANCE]/administrativeGender","n/a","NK1-15"
"Patient.contact.organization","Patient.contact.organization","","","",0,1,"","","","Reference {[]} {[CanonicalType[http://hl7.org/fhir/StructureDefinition/Organization|4.0.1]]}
","Organization that is associated with the contact","Berisi data organisasi penjamin pasien dengan tipe data Reference.","","For guardians or business related contacts, the organization is relevant.","","","","","","","",,,,,"",,,,"Patient.contact.organization",0,1,"pat-1
","ele-1:All FHIR elements must have a @value or children {hasValue() or (children().count() > id.count())}
","scoper","n/a","NK1-13, NK1-30, NK1-31, NK1-32, NK1-41"
"Patient.contact.period","Patient.contact.period","","","",0,1,"","","","Period {[]} {[]}
","The period during which this contact person or organization is valid to be contacted relating to this patient","Berisi data waktu untuk dihubungi berkaitan dengan pasien ini dengan tipe data Period.","","","","","","","","","",,,,,"",,,,"Patient.contact.period",0,1,"","ele-1:All FHIR elements must have a @value or children {hasValue() or (children().count() > id.count())}
","effectiveTime","n/a"
"Patient.communication","Patient.communication","","","",0,*,"","","","BackboneElement {[]} {[]}
","A language which may be used to communicate with the patient about his or her health","Berisi satu atau lebih bahasa yang dapat digunakan untuk berkomunikasi dengan pasien tentang kesehatannya dengan tipe data BackboneElement.","If no language is specified, this *implies* that the default local language is spoken.  If you need to convey proficiency for multiple modes, then you need multiple Patient.Communication associations.   For animals, language is not a relevant field, and should be absent from the instance. If the Patient does not speak the default local language, then the Interpreter Required Standard can be used to explicitly declare that an interpreter is required.","If a patient does not speak the local language, interpreters may be required, so languages spoken and proficiency are important things to keep track of both for patient and other persons of interest.","","","","","","","",,,,,"",,,,"Patient.communication",0,*,"","ele-1:All FHIR elements must have a @value or children {hasValue() or (children().count() > id.count())}
","LanguageCommunication","patient.languageCommunication"
"Patient.communication.id","Patient.communication.id","","","",0,1,"","","","string {[]} {[]}
","Unique id for inter-element referencing","Unique id for the element within a resource (for internal references). This may be any string value that does not contain spaces.","","","","","","","","","",,,,,"",,,,"Element.id",0,1,"","","n/a"
"Patient.communication.extension","Patient.communication.extension","","extensions
user content","",0,*,"","","","Extension {[]} {[]}
","Additional content defined by implementations","May be used to represent additional information that is not part of the basic definition of the element. To make the use of extensions safe and manageable, there is a strict set of governance  applied to the definition and use of extensions. Though any implementer can define an extension, there is a set of requirements that SHALL be met as part of the definition of the extension.","There can be no stigma associated with the use of extensions by any application, project, or standard - regardless of the institution or jurisdiction that uses or defines the extensions.  The use of extensions is what allows the FHIR specification to retain a core level of simplicity for everyone.","","","","","","","","",,,,,"",,,,"Element.extension",0,*,"","ele-1:All FHIR elements must have a @value or children {hasValue() or (children().count() > id.count())}
ext-1:Must have either extensions or value[x], not both {extension.exists() != value.exists()}","n/a"
"Patient.communication.modifierExtension","Patient.communication.modifierExtension","","extensions
user contentmodifiers","",0,*,"","Y","Y","Extension {[]} {[]}
","Extensions that cannot be ignored even if unrecognized","May be used to represent additional information that is not part of the basic definition of the element and that modifies the understanding of the element in which it is contained and/or the understanding of the containing element's descendants. Usually modifier elements provide negation or qualification. To make the use of extensions safe and manageable, there is a strict set of governance applied to the definition and use of extensions. Though any implementer can define an extension, there is a set of requirements that SHALL be met as part of the definition of the extension. Applications processing a resource are required to check for modifier extensions.

Modifier extensions SHALL NOT change the meaning of any elements on Resource or DomainResource (including cannot change the meaning of modifierExtension itself).","There can be no stigma associated with the use of extensions by any application, project, or standard - regardless of the institution or jurisdiction that uses or defines the extensions.  The use of extensions is what allows the FHIR specification to retain a core level of simplicity for everyone.","Modifier extensions allow for extensions that *cannot* be safely ignored to be clearly distinguished from the vast majority of extensions which can be safely ignored.  This promotes interoperability by eliminating the need for implementers to prohibit the presence of extensions. For further information, see the [definition of modifier extensions](http://hl7.org/fhir/R4/extensibility.html#modifierExtension).","","","","","","","",,,,,"",,,,"BackboneElement.modifierExtension",0,*,"","ele-1:All FHIR elements must have a @value or children {hasValue() or (children().count() > id.count())}
ext-1:Must have either extensions or value[x], not both {extension.exists() != value.exists()}","N/A"
"Patient.communication.language","Patient.communication.language","","","",1,1,"","","","CodeableConcept {[]} {[]}
","The language which can be used to communicate with the patient about his or her health","Berisi bahasa yang dapat digunakan untuk berkomunikasi dengan pasien tentang kesehatannya dengan tipe data CodeableConcept.","The structure aa-BB with this exact casing is one the most widely used notations for locale. However not all systems actually code this but instead have it as free text. Hence CodeableConcept instead of code as the data type.","Most systems in multilingual countries will want to convey language. Not all systems actually need the regional dialect.","","","","","","","",,"preferred","A human language.","http://hl7.org/fhir/ValueSet/languages|4.0.1","",,,,"Patient.communication.language",1,1,"","ele-1:All FHIR elements must have a @value or children {hasValue() or (children().count() > id.count())}
","player[classCode=PSN|ANM and determinerCode=INSTANCE]/languageCommunication/code",".languageCode","PID-15, LAN-2"
"Patient.communication.preferred","Patient.communication.preferred","","","",0,1,"","","","boolean {[]} {[]}
","Language preference indicator","Berisi data indikator preferensi bahasa dengan tipe data boolean.","This language is specifically identified for communicating healthcare information.","People that master multiple languages up to certain level may prefer one or more, i.e. feel more confident in communicating in a particular language making other languages sort of a fall back method.","","","","","","","",,,,,"",,,,"Patient.communication.preferred",0,1,"","ele-1:All FHIR elements must have a @value or children {hasValue() or (children().count() > id.count())}
","preferenceInd",".preferenceInd","PID-15"
"Patient.generalPractitioner","Patient.generalPractitioner","","careProvider
","",0,*,"","","","Reference {[]} {[CanonicalType[http://hl7.org/fhir/StructureDefinition/Organization|4.0.1], CanonicalType[http://hl7.org/fhir/StructureDefinition/Practitioner|4.0.1], CanonicalType[http://hl7.org/fhir/StructureDefinition/PractitionerRole|4.0.1]]}
","Patient's nominated primary care provider","Berisi satu atau lebih penyedia perawatan primer yang dinominasikan oleh pasien dengan tipe data Reference yang direferensikan ke data yang tersimpan di resource Organization | Practitioner | PractitionerRole.","This may be the primary care provider (in a GP context), or it may be a patient nominated care manager in a community/disability setting, or even organization that will provide people to perform the care provider roles.  It is not to be used to record Care Teams, these should be in a CareTeam resource that may be linked to the CarePlan or EpisodeOfCare resources.
Multiple GPs may be recorded against the patient for various reasons, such as a student that has his home GP listed along with the GP at university during the school semesters, or a ""fly-in/fly-out"" worker that has the onsite GP also included with his home GP to remain aware of medical issues.

Jurisdictions may decide that they can profile this down to 1 if desired, or 1 per type.","","","","","","","","",,,,,"",,,,"Patient.generalPractitioner",0,*,"","ele-1:All FHIR elements must have a @value or children {hasValue() or (children().count() > id.count())}
","subjectOf.CareEvent.performer.AssignedEntity","n/a","PD1-4"
"Patient.managingOrganization","Patient.managingOrganization","","","",0,1,"","","Y","Reference {[]} {[CanonicalType[http://hl7.org/fhir/StructureDefinition/Organization|4.0.1]]}
","Organization that is the custodian of the patient record","Berisi data organisasi yang merupakan penjaga catatan pasien dengan tipe data Reference yang direferensikan ke data yang tersimpan di resource Organization.","There is only one managing organization for a specific patient record. Other organizations will have their own Patient record, and may use the Link property to join the records together (or a Person resource which can include confidence ratings for the association).","Need to know who recognizes this patient record, manages and updates it.","","","","","","","",,,,,"",,,,"Patient.managingOrganization",0,1,"","ele-1:All FHIR elements must have a @value or children {hasValue() or (children().count() > id.count())}
","scoper",".providerOrganization"
"Patient.link","Patient.link","","","",0,*,"","Y","Y","BackboneElement {[]} {[]}
","Link to another patient resource that concerns the same actual person","Berisi satu atau lebih tautan ke sumber daya pasien lain yang menyangkut orang yang sebenarnya sama dengan tipe data BackboneElement.","There is no assumption that linked patient records have mutual links.","There are multiple use cases:   

* Duplicate patient records due to the clerical errors associated with the difficulties of identifying humans consistently, and 
* Distribution of patient information across multiple servers.","","","","","","","",,,,,"",,,,"Patient.link",0,*,"","ele-1:All FHIR elements must have a @value or children {hasValue() or (children().count() > id.count())}
","outboundLink","n/a"
"Patient.link.id","Patient.link.id","","","",0,1,"","","","string {[]} {[]}
","Unique id for inter-element referencing","Unique id for the element within a resource (for internal references). This may be any string value that does not contain spaces.","","","","","","","","","",,,,,"",,,,"Element.id",0,1,"","","n/a"
"Patient.link.extension","Patient.link.extension","","extensions
user content","",0,*,"","","","Extension {[]} {[]}
","Additional content defined by implementations","May be used to represent additional information that is not part of the basic definition of the element. To make the use of extensions safe and manageable, there is a strict set of governance  applied to the definition and use of extensions. Though any implementer can define an extension, there is a set of requirements that SHALL be met as part of the definition of the extension.","There can be no stigma associated with the use of extensions by any application, project, or standard - regardless of the institution or jurisdiction that uses or defines the extensions.  The use of extensions is what allows the FHIR specification to retain a core level of simplicity for everyone.","","","","","","","","",,,,,"",,,,"Element.extension",0,*,"","ele-1:All FHIR elements must have a @value or children {hasValue() or (children().count() > id.count())}
ext-1:Must have either extensions or value[x], not both {extension.exists() != value.exists()}","n/a"
"Patient.link.modifierExtension","Patient.link.modifierExtension","","extensions
user contentmodifiers","",0,*,"","Y","Y","Extension {[]} {[]}
","Extensions that cannot be ignored even if unrecognized","May be used to represent additional information that is not part of the basic definition of the element and that modifies the understanding of the element in which it is contained and/or the understanding of the containing element's descendants. Usually modifier elements provide negation or qualification. To make the use of extensions safe and manageable, there is a strict set of governance applied to the definition and use of extensions. Though any implementer can define an extension, there is a set of requirements that SHALL be met as part of the definition of the extension. Applications processing a resource are required to check for modifier extensions.

Modifier extensions SHALL NOT change the meaning of any elements on Resource or DomainResource (including cannot change the meaning of modifierExtension itself).","There can be no stigma associated with the use of extensions by any application, project, or standard - regardless of the institution or jurisdiction that uses or defines the extensions.  The use of extensions is what allows the FHIR specification to retain a core level of simplicity for everyone.","Modifier extensions allow for extensions that *cannot* be safely ignored to be clearly distinguished from the vast majority of extensions which can be safely ignored.  This promotes interoperability by eliminating the need for implementers to prohibit the presence of extensions. For further information, see the [definition of modifier extensions](http://hl7.org/fhir/R4/extensibility.html#modifierExtension).","","","","","","","",,,,,"",,,,"BackboneElement.modifierExtension",0,*,"","ele-1:All FHIR elements must have a @value or children {hasValue() or (children().count() > id.count())}
ext-1:Must have either extensions or value[x], not both {extension.exists() != value.exists()}","N/A"
"Patient.link.other","Patient.link.other","","","",1,1,"","","Y","Reference {[]} {[CanonicalType[http://hl7.org/fhir/StructureDefinition/Patient|4.0.1], CanonicalType[http://hl7.org/fhir/StructureDefinition/RelatedPerson|4.0.1]]}
","The other patient or related person resource that the link refers to","Berisi data pasien lain atau sumber daya orang terkait yang dirujuk tautan tersebut dengan tipe data Reference, yang direferensikan ke data yang tersimpan di resource Patient.","Referencing a RelatedPerson here removes the need to use a Person record to associate a Patient and RelatedPerson as the same individual.","","","","","","","","",,,,,"",,,,"Patient.link.other",1,1,"","ele-1:All FHIR elements must have a @value or children {hasValue() or (children().count() > id.count())}
","id","n/a","PID-3, MRG-1"
"Patient.link.type","Patient.link.type","","","",1,1,"","","Y","code {[]} {[]}
","replaced-by | replaces | refer | seealso","Berisi data jenis tautan antara sumber daya pasien ini dan sumber daya pasien lainnya dengan tipe data code.","","","","","","","","","",,"required","The type of link between this patient resource and another patient resource.","http://hl7.org/fhir/ValueSet/link-type|4.0.1","",,,,"Patient.link.type",1,1,"","ele-1:All FHIR elements must have a @value or children {hasValue() or (children().count() > id.count())}
","typeCode","n/a"
