"Id","Path","Slice Name","Alias(s)","Label","Min","Max","Must Support?","Is Modifier?","Is Summary?","Type(s)","Short","Definition","Comments","Requirements","Default Value","Meaning When Missing","Fixed Value","Pattern","Example","Minimum Value","Maximum Value","Maximum Length","Binding Strength","Binding Description","Binding Value Set","Code","Slicing Discriminator","Slicing Description","Slicing Ordered","Slicing Rules","Base Path","Base Min","Base Max","Condition(s)","Constraint(s)","Mapping: Workflow Pattern","Mapping: RIM Mapping","Mapping: FiveWs Pattern Mapping","Mapping: HL7 v2 Mapping"
"CarePlan","CarePlan","","Care Team
","",0,*,"","","","null {[]} {[]}
","Healthcare plan for patient or group","Describes the intention of how one or more practitioners intend to deliver care for a particular patient, group or community for a period of time, possibly limited to care for a specific condition or set of conditions.","","","","","","","","","",,,,,"",,,,"CarePlan",0,*,"","dom-2:If the resource is contained in another resource, it SHALL NOT contain nested Resources {contained.contained.empty()}
dom-3:If the resource is contained in another resource, it SHALL be referred to from elsewhere in the resource or SHALL refer to the containing resource {contained.where((('#'+id in (%resource.descendants().reference | %resource.descendants().as(canonical) | %resource.descendants().as(uri) | %resource.descendants().as(url))) or descendants().where(reference = '#').exists() or descendants().where(as(canonical) = '#').exists() or descendants().where(as(canonical) = '#').exists()).not()).trace('unmatched', id).empty()}dom-4:If a resource is contained in another resource, it SHALL NOT have a meta.versionId or a meta.lastUpdated {contained.meta.versionId.empty() and contained.meta.lastUpdated.empty()}dom-5:If a resource is contained in another resource, it SHALL NOT have a security label {contained.meta.security.empty()}dom-6:A resource should have narrative for robust management {text.`div`.exists()}","Request","Entity. Role, or Act","Act[classCode=PCPR, moodCode=INT]"
"CarePlan.id","CarePlan.id","","","",0,1,"","","Y","id {[]} {[]}
","Logical id of this artifact","The logical id of the resource, as used in the URL for the resource. Once assigned, this value never changes.","The only time that a resource does not have an id is when it is being submitted to the server using a create operation.","","","","","","","","",,,,,"",,,,"Resource.id",0,1,"",""
"CarePlan.meta","CarePlan.meta","","","",0,1,"","","Y","Meta {[]} {[]}
","Metadata about the resource","The metadata about the resource. This is content that is maintained by the infrastructure. Changes to the content might not always be associated with version changes to the resource.","","","","","","","","","",,,,,"",,,,"Resource.meta",0,1,"","ele-1:All FHIR elements must have a @value or children {hasValue() or (children().count() > id.count())}
"
"CarePlan.implicitRules","CarePlan.implicitRules","","","",0,1,"","Y","Y","uri {[]} {[]}
","A set of rules under which this content was created","A reference to a set of rules that were followed when the resource was constructed, and which must be understood when processing the content. Often, this is a reference to an implementation guide that defines the special rules along with other profiles etc.","Asserting this rule set restricts the content to be only understood by a limited set of trading partners. This inherently limits the usefulness of the data in the long term. However, the existing health eco-system is highly fractured, and not yet ready to define, collect, and exchange data in a generally computable sense. Wherever possible, implementers and/or specification writers should avoid using this element. Often, when used, the URL is a reference to an implementation guide that defines these special rules as part of it's narrative along with other profiles, value sets, etc.","","","","","","","","",,,,,"",,,,"Resource.implicitRules",0,1,"","ele-1:All FHIR elements must have a @value or children {hasValue() or (children().count() > id.count())}
"
"CarePlan.language","CarePlan.language","","","",0,1,"","","","code {[]} {[]}
","Language of the resource content","The base language in which the resource is written.","Language is provided to support indexing and accessibility (typically, services such as text to speech use the language tag). The html language tag in the narrative applies  to the narrative. The language tag on the resource may be used to specify the language of other presentations generated from the data in the resource. Not all the content has to be in the base language. The Resource.language should not be assumed to apply to the narrative automatically. If a language is specified, it should it also be specified on the div element in the html (see rules in HTML5 for information about the relationship between xml:lang and the html lang attribute).","","","","","","","","",,"preferred","A human language.","http://hl7.org/fhir/ValueSet/languages|4.0.1","",,,,"Resource.language",0,1,"","ele-1:All FHIR elements must have a @value or children {hasValue() or (children().count() > id.count())}
"
"CarePlan.text","CarePlan.text","","narrative
htmlxhtmldisplay","",0,1,"","","","Narrative {[]} {[]}
","Text summary of the resource, for human interpretation","A human-readable narrative that contains a summary of the resource and can be used to represent the content of the resource to a human. The narrative need not encode all the structured data, but is required to contain sufficient detail to make it ""clinically safe"" for a human to just read the narrative. Resource definitions may define what content should be represented in the narrative to ensure clinical safety.","Contained resources do not have narrative. Resources that are not contained SHOULD have a narrative. In some cases, a resource may only have text with little or no additional discrete data (as long as all minOccurs=1 elements are satisfied).  This may be necessary for data from legacy systems where information is captured as a ""text blob"" or where text is additionally entered raw or narrated and encoded information is added later.","","","","","","","","",,,,,"",,,,"DomainResource.text",0,1,"","ele-1:All FHIR elements must have a @value or children {hasValue() or (children().count() > id.count())}
","Act.text?"
"CarePlan.contained","CarePlan.contained","","inline resources
anonymous resourcescontained resources","",0,*,"","","","Resource {[]} {[]}
","Contained, inline Resources","These resources do not have an independent existence apart from the resource that contains them - they cannot be identified independently, and nor can they have their own independent transaction scope.","This should never be done when the content can be identified properly, as once identification is lost, it is extremely difficult (and context dependent) to restore it again. Contained resources may have profiles and tags In their meta elements, but SHALL NOT have security labels.","","","","","","","","",,,,,"",,,,"DomainResource.contained",0,*,"","","N/A"
"CarePlan.extension","CarePlan.extension","","extensions
user content","",0,*,"","","","Extension {[]} {[]}
","Additional content defined by implementations","May be used to represent additional information that is not part of the basic definition of the resource. To make the use of extensions safe and manageable, there is a strict set of governance  applied to the definition and use of extensions. Though any implementer can define an extension, there is a set of requirements that SHALL be met as part of the definition of the extension.","There can be no stigma associated with the use of extensions by any application, project, or standard - regardless of the institution or jurisdiction that uses or defines the extensions.  The use of extensions is what allows the FHIR specification to retain a core level of simplicity for everyone.","","","","","","","","",,,,,"",,,,"DomainResource.extension",0,*,"","ele-1:All FHIR elements must have a @value or children {hasValue() or (children().count() > id.count())}
ext-1:Must have either extensions or value[x], not both {extension.exists() != value.exists()}","N/A"
"CarePlan.modifierExtension","CarePlan.modifierExtension","","extensions
user content","",0,*,"","Y","","Extension {[]} {[]}
","Extensions that cannot be ignored","May be used to represent additional information that is not part of the basic definition of the resource and that modifies the understanding of the element that contains it and/or the understanding of the containing element's descendants. Usually modifier elements provide negation or qualification. To make the use of extensions safe and manageable, there is a strict set of governance applied to the definition and use of extensions. Though any implementer is allowed to define an extension, there is a set of requirements that SHALL be met as part of the definition of the extension. Applications processing a resource are required to check for modifier extensions.

Modifier extensions SHALL NOT change the meaning of any elements on Resource or DomainResource (including cannot change the meaning of modifierExtension itself).","There can be no stigma associated with the use of extensions by any application, project, or standard - regardless of the institution or jurisdiction that uses or defines the extensions.  The use of extensions is what allows the FHIR specification to retain a core level of simplicity for everyone.","Modifier extensions allow for extensions that *cannot* be safely ignored to be clearly distinguished from the vast majority of extensions which can be safely ignored.  This promotes interoperability by eliminating the need for implementers to prohibit the presence of extensions. For further information, see the [definition of modifier extensions](http://hl7.org/fhir/R4/extensibility.html#modifierExtension).","","","","","","","",,,,,"",,,,"DomainResource.modifierExtension",0,*,"","ele-1:All FHIR elements must have a @value or children {hasValue() or (children().count() > id.count())}
ext-1:Must have either extensions or value[x], not both {extension.exists() != value.exists()}","N/A"
"CarePlan.identifier","CarePlan.identifier","","","",0,*,"","","Y","Identifier {[]} {[]}
","External Ids for this plan","Berisi data ID internal faskes untuk CarePlan ini. Ini adalah ID resmi yang diterbitkan oleh faskes untuk menandai CarePlan pasien dengan tipe data Identifier.","This is a business identifier, not a resource identifier (see [discussion](http://hl7.org/fhir/R4/resource.html#identifiers)).  It is best practice for the identifier to only appear on a single resource instance, however business practices may occasionally dictate that multiple resource instances with the same identifier can exist - possibly even with different resource types.  For example, multiple Patient and a Person resource instance might share the same social insurance number.","Allows identification of the care plan as it is known by various participating systems and in a way that remains consistent across servers.","","","","","","","",,,,,"",,,,"CarePlan.identifier",0,*,"","ele-1:All FHIR elements must have a @value or children {hasValue() or (children().count() > id.count())}
","Request.identifier",".id","FiveWs.identifier","PTH-3"
"CarePlan.instantiatesCanonical","CarePlan.instantiatesCanonical","","","",0,*,"","","Y","canonical {[]} {[CanonicalType[http://hl7.org/fhir/StructureDefinition/PlanDefinition|4.0.1], CanonicalType[http://hl7.org/fhir/StructureDefinition/Questionnaire|4.0.1], CanonicalType[http://hl7.org/fhir/StructureDefinition/Measure|4.0.1], CanonicalType[http://hl7.org/fhir/StructureDefinition/ActivityDefinition|4.0.1], CanonicalType[http://hl7.org/fhir/StructureDefinition/OperationDefinition|4.0.1]]}
","Instantiates FHIR protocol or definition","Berisi data URL yang menunjuk ke protokol, pedoman, kuesioner, atau definisi lain yang ditetapkan FHIR yang dipatuhi seluruhnya atau sebagian oleh CarePlan ini dengan tipe data canonical.","","","","","","","","","",,,,,"",,,,"CarePlan.instantiatesCanonical",0,*,"","ele-1:All FHIR elements must have a @value or children {hasValue() or (children().count() > id.count())}
","Request.instantiatesCanonical",".outboundRelationship[typeCode=DEFN].target"
"CarePlan.instantiatesUri","CarePlan.instantiatesUri","","","",0,*,"","","Y","uri {[]} {[]}
","Instantiates external protocol or definition","Berisi data URL yang menunjuk ke protokol, panduan, kuesioner, atau definisi lain yang dikelola secara eksternal yang dipatuhi seluruhnya atau sebagian oleh CarePlan ini dengan tipe data uri.","This might be an HTML page, PDF, etc. or could just be a non-resolvable URI identifier.","","","","","","","","",,,,,"",,,,"CarePlan.instantiatesUri",0,*,"","ele-1:All FHIR elements must have a @value or children {hasValue() or (children().count() > id.count())}
","Request.instantiatesUri",".outboundRelationship[typeCode=DEFN].target"
"CarePlan.basedOn","CarePlan.basedOn","","fulfills
","",0,*,"","","Y","Reference {[]} {[CanonicalType[http://hl7.org/fhir/StructureDefinition/CarePlan|4.0.1]]}
","Fulfills CarePlan","Berisi data CarePlan yang dipenuhi seluruhnya atau sebagian oleh rencana tindak lanjut/perawatan ini dengan tipe data Reference, yang direferensikan ke data yang tersimpan di resource CarePlan.","","Allows tracing of the care plan and tracking whether proposals/recommendations were acted upon.","","","","","","","",,,,,"",,,,"CarePlan.basedOn",0,*,"","ele-1:All FHIR elements must have a @value or children {hasValue() or (children().count() > id.count())}
","Request.basedOn"
"CarePlan.replaces","CarePlan.replaces","","supersedes
","",0,*,"","","Y","Reference {[]} {[CanonicalType[http://hl7.org/fhir/StructureDefinition/CarePlan|4.0.1]]}
","CarePlan replaced by this CarePlan","Berisi data rencana perawatan yang telah selesai atau dihentikan di mana fungsinya diambil alih oleh rencana perawatan baru ini dengan tipe data Reference, yang direferensikan ke data yang tersimpan di resource CarePlan.","The replacement could be because the initial care plan was immediately rejected (due to an issue) or because the previous care plan was completed, but the need for the action described by the care plan remains ongoing.","Allows tracing the continuation of a therapy or administrative process instantiated through multiple care plans.","","","","","","","",,,,,"",,,,"CarePlan.replaces",0,*,"","ele-1:All FHIR elements must have a @value or children {hasValue() or (children().count() > id.count())}
","Request.replaces"
"CarePlan.partOf","CarePlan.partOf","","","",0,*,"","","Y","Reference {[]} {[CanonicalType[http://hl7.org/fhir/StructureDefinition/CarePlan|4.0.1]]}
","Part of referenced CarePlan","Berisi data rencana perawatan yang lebih besar di mana rencana perawatan ini merupakan komponen atau salah satu bagian langkahnya dengan tipe data Reference, yang direferensikan ke data yang tersimpan di resource CarePlan.","Each care plan is an independent request, such that having a care plan be part of another care plan can cause issues with cascading statuses.  As such, this element is still being discussed.","","","","","","","","",,,,,"",,,,"CarePlan.partOf",0,*,"","ele-1:All FHIR elements must have a @value or children {hasValue() or (children().count() > id.count())}
"
"CarePlan.status","CarePlan.status","","","",1,1,"","Y","Y","code {[]} {[]}
","draft | active | on-hold | revoked | completed | entered-in-error | unknown","Berisi data yang menunjukkan apakah rencana tersebut sedang ditindaklanjuti, mewakili rencana masa akan datang atau sekarang menjadi catatan historis dengan tipe data code.","The unknown code is not to be used to convey other statuses.  The unknown code should be used when one of the statuses applies, but the authoring system doesn't know the current state of the care plan.

This element is labeled as a modifier because the status contains the code entered-in-error that marks the plan as not currently valid.","Allows clinicians to determine whether the plan is actionable or not.","","","","","","","",,"required","Indicates whether the plan is currently being acted upon, represents future intentions or is now a historical record.","http://hl7.org/fhir/ValueSet/request-status|4.0.1","",,,,"CarePlan.status",1,1,"","ele-1:All FHIR elements must have a @value or children {hasValue() or (children().count() > id.count())}
","Request.status {uses different ValueSet}",".statusCode planned = new active = active completed = completed","FiveWs.status","PTH-5"
"CarePlan.intent","CarePlan.intent","","","",1,1,"","Y","Y","code {[]} {[]}
","proposal | plan | order | option","Berisi data tingkat kewernangan terkait dengan rencana perawatan dan di mana rencatan perawatan sesuai dengan workflow/alur kerja dari sistem dengan tipe data code.","This element is labeled as a modifier because the intent alters when and how the resource is actually applicable.","Proposals/recommendations, plans and orders all use the same structure and can exist in the same fulfillment chain.","","","","","","","",,"required","Codes indicating the degree of authority/intentionality associated with a care plan.","http://hl7.org/fhir/ValueSet/care-plan-intent|4.0.1","",,,,"CarePlan.intent",1,1,"","ele-1:All FHIR elements must have a @value or children {hasValue() or (children().count() > id.count())}
","Request.intent"
"CarePlan.category","CarePlan.category","","","",0,*,"","","Y","CodeableConcept {[]} {[]}
","Type of plan","Berisi data tipe dari perawatan dengan tipe data CodeableConcept.","There may be multiple axes of categorization and one plan may serve multiple purposes.  In some cases, this may be redundant with references to CarePlan.concern.","Used for filtering what plan(s) are retrieved and displayed to different types of users.","","","","","","","",,"example","Identifies what ""kind"" of plan this is to support differentiation between multiple co-existing plans; e.g. ""Home health"", ""psychiatric"", ""asthma"", ""disease management"", etc.","http://hl7.org/fhir/ValueSet/care-plan-category|4.0.1","",,,,"CarePlan.category",0,*,"","ele-1:All FHIR elements must have a @value or children {hasValue() or (children().count() > id.count())}
","FiveWs.class"
"CarePlan.title","CarePlan.title","","","",0,1,"","","Y","string {[]} {[]}
","Human-friendly name for the care plan","Berisi data nama rencana perawatan dengan tipe data string.","","","","","","","","","",,,,,"",,,,"CarePlan.title",0,1,"","ele-1:All FHIR elements must have a @value or children {hasValue() or (children().count() > id.count())}
"
"CarePlan.description","CarePlan.description","","","",0,1,"","","Y","string {[]} {[]}
","Summary of nature of plan","Berisi data uraian tentang ruang lingkup rencana dengan tipe data string.","","Provides more detail than conveyed by category.","","","","","","","",,,,,"",,,,"CarePlan.description",0,1,"","ele-1:All FHIR elements must have a @value or children {hasValue() or (children().count() > id.count())}
","FiveWs.what[x]"
"CarePlan.subject","CarePlan.subject","","patient
","",1,1,"","","Y","Reference {[]} {[CanonicalType[http://hl7.org/fhir/StructureDefinition/Patient|4.0.1], CanonicalType[http://hl7.org/fhir/StructureDefinition/Group|4.0.1]]}
","Who the care plan is for","Berisi data pasien atau kelompok yang memiliki rencana perawatan ini dengan tipe data Reference, yang direferensikan ke data yang tersimpan di resource Patient | Group.","","","","","","","","","",,,,,"",,,,"CarePlan.subject",1,1,"","ele-1:All FHIR elements must have a @value or children {hasValue() or (children().count() > id.count())}
","Request.subject",".participation[typeCode=PAT].role[classCode=PAT]","FiveWs.subject[x]","FiveWs.subject","PID-3"
"CarePlan.encounter","CarePlan.encounter","","","",0,1,"","","Y","Reference {[]} {[CanonicalType[http://hl7.org/fhir/StructureDefinition/Encounter|4.0.1]]}
","Encounter created as part of","Berisi data data kunjungan di mana rencana perawatan ini dibuat dengan tipe data Reference, yang direferensikan ke data yang tersimpan di resource Encounter.","This will typically be the encounter the event occurred within, but some activities may be initiated prior to or after the official completion of an encounter but still be tied to the context of the encounter. CarePlan activities conducted as a result of the care plan may well occur as part of other encounters.","","","","","","","","",,,,,"",,,,"CarePlan.encounter",0,1,"","ele-1:All FHIR elements must have a @value or children {hasValue() or (children().count() > id.count())}
","Request.context",".","FiveWs.context","Associated PV1"
"CarePlan.period","CarePlan.period","","timing
","",0,1,"","","Y","Period {[]} {[]}
","Time period plan covers","Berisi data periode dari rencana perawatan dengan tipe data Period.","Any activities scheduled as part of the plan should be constrained to the specified period regardless of whether the activities are planned within a single encounter/episode or across multiple encounters/episodes (e.g. the longitudinal management of a chronic condition).","Allows tracking what plan(s) are in effect at a particular time.","","","","","","","",,,,,"",,,,"CarePlan.period",0,1,"","ele-1:All FHIR elements must have a @value or children {hasValue() or (children().count() > id.count())}
","Request.occurrence[x]",".effectiveTime","FiveWs.planned","GOL-7 / GOL-8"
"CarePlan.created","CarePlan.created","","authoredOn
","",0,1,"","","Y","dateTime {[]} {[]}
","Date record was first recorded","Berisi data waktu catatan rencana perawatan dibuat dengan tipe data dateTime, dengan format yang diperbolehkan YYYY, YYYY-MM, YYYY-MM-DD atau YYYY-MM-DDThh:mm:ss+zz:zz.","","","","","","","","","",,,,,"",,,,"CarePlan.created",0,1,"","ele-1:All FHIR elements must have a @value or children {hasValue() or (children().count() > id.count())}
","Request.authoredOn",".participation[typeCode=AUT].time","FiveWs.recorded"
"CarePlan.author","CarePlan.author","","","",0,1,"","","Y","Reference {[]} {[CanonicalType[http://hl7.org/fhir/StructureDefinition/Patient|4.0.1], CanonicalType[http://hl7.org/fhir/StructureDefinition/Practitioner|4.0.1], CanonicalType[http://hl7.org/fhir/StructureDefinition/PractitionerRole|4.0.1], CanonicalType[http://hl7.org/fhir/StructureDefinition/Device|4.0.1], CanonicalType[http://hl7.org/fhir/StructureDefinition/RelatedPerson|4.0.1], CanonicalType[http://hl7.org/fhir/StructureDefinition/Organization|4.0.1], CanonicalType[http://hl7.org/fhir/StructureDefinition/CareTeam|4.0.1]]}
","Who is the designated responsible party","Berisi data siapa yang membuat dan bertanggung jawab terhadap rencana perawatan dengan tipe data Reference, yang direferensikan ke data yang tersimpan di resource Patient | Practitioner | PractitionerRole | Device | RelatedPerson | Organization | CareTeam.","The author may also be a contributor.  For example, an organization can be an author, but not listed as a contributor.","","","","","","","","",,,,,"",,,,"CarePlan.author",0,1,"","ele-1:All FHIR elements must have a @value or children {hasValue() or (children().count() > id.count())}
","Request.requester","FiveWs.author"
"CarePlan.contributor","CarePlan.contributor","","","",0,*,"","","","Reference {[]} {[CanonicalType[http://hl7.org/fhir/StructureDefinition/Patient|4.0.1], CanonicalType[http://hl7.org/fhir/StructureDefinition/Practitioner|4.0.1], CanonicalType[http://hl7.org/fhir/StructureDefinition/PractitionerRole|4.0.1], CanonicalType[http://hl7.org/fhir/StructureDefinition/Device|4.0.1], CanonicalType[http://hl7.org/fhir/StructureDefinition/RelatedPerson|4.0.1], CanonicalType[http://hl7.org/fhir/StructureDefinition/Organization|4.0.1], CanonicalType[http://hl7.org/fhir/StructureDefinition/CareTeam|4.0.1]]}
","Who provided the content of the care plan","Berisi data individu atau organisasi yang memberikan rencana perawatan dengan tipe data Reference, yang direferensikan ke data yang tersimpan di resource Patient | Practitioner | PractitionerRole | Device | RelatedPerson | Organization | CareTeam.","Collaborative care plans may have multiple contributors.","","","","","","","","",,,,,"",,,,"CarePlan.contributor",0,*,"","ele-1:All FHIR elements must have a @value or children {hasValue() or (children().count() > id.count())}
"
"CarePlan.careTeam","CarePlan.careTeam","","","",0,*,"","","","Reference {[]} {[CanonicalType[http://hl7.org/fhir/StructureDefinition/CareTeam|4.0.1]]}
","Who's involved in plan?","Berisi data identifikasi seluruh individu dan organisasi yang diharapkan terlibat dalam perawatan ini dengan tipe data Reference, yang direferensikan ke data yang tersimpan di resource CareTeam.","","Allows representation of care teams, helps scope care plan.  In some cases may be a determiner of access permissions.","","","","","","","",,,,,"",,,,"CarePlan.careTeam",0,*,"","ele-1:All FHIR elements must have a @value or children {hasValue() or (children().count() > id.count())}
","Request.performer {similar but does not entail CareTeam}","FiveWs.actor"
"CarePlan.addresses","CarePlan.addresses","","","",0,*,"","","Y","Reference {[]} {[CanonicalType[http://hl7.org/fhir/StructureDefinition/Condition|4.0.1]]}
","Health issues this plan addresses","Berisi data identifikasi kondisi atau permasalahan yang akan dihandle dan atau dimitigasi oleh perawatan ini dengan tipe data Reference, yang direferensikan ke data yang tersimpan di resource Condition.","When the diagnosis is related to an allergy or intolerance, the Condition and AllergyIntolerance resources can both be used. However, to be actionable for decision support, using Condition alone is not sufficient as the allergy or intolerance condition needs to be represented as an AllergyIntolerance.","Links plan to the conditions it manages.  The element can identify risks addressed by the plan as well as active conditions.  (The Condition resource can include things like ""at risk for hypertension"" or ""fall risk"".)  Also scopes plans - multiple plans may exist addressing different concerns.","","","","","","","",,,,,"",,,,"CarePlan.addresses",0,*,"","ele-1:All FHIR elements must have a @value or children {hasValue() or (children().count() > id.count())}
","Request.reasonReference",".actRelationship[typeCode=SUBJ].target[classCode=CONC, moodCode=EVN]","FiveWs.why[x]","PRB-4"
"CarePlan.supportingInfo","CarePlan.supportingInfo","","","",0,*,"","","","Reference {[]} {[CanonicalType[http://hl7.org/fhir/StructureDefinition/Resource|4.0.1]]}
","Information considered as part of plan","Berisi data informasi tambahan yang mendukung rencana perawatan ini dengan tipe data Reference, yang direferensikan ke data yang tersimpan di semua resource yang ada di FHIR.","Use ""concern"" to identify specific conditions addressed by the care plan.","Identifies barriers and other considerations associated with the care plan.","","","","","","","",,,,,"",,,,"CarePlan.supportingInfo",0,*,"","ele-1:All FHIR elements must have a @value or children {hasValue() or (children().count() > id.count())}
","Request.supportingInfo"
"CarePlan.goal","CarePlan.goal","","","",0,*,"","","","Reference {[]} {[CanonicalType[http://hl7.org/fhir/StructureDefinition/Goal|4.0.1]]}
","Desired outcome of plan","Berisi data tujuan dari dilaksanakannya rencana perawatan dengan tipe data Reference, yang direferensikan ke data yang tersimpan di resource Goal.","Goal can be achieving a particular change or merely maintaining a current state or even slowing a decline.","Provides context for plan.  Allows plan effectiveness to be evaluated by clinicians.","","","","","","","",,,,,"",,,,"CarePlan.goal",0,*,"","ele-1:All FHIR elements must have a @value or children {hasValue() or (children().count() > id.count())}
",".outboundRelationship[typeCode<=OBJ].","GOL.1"
"CarePlan.activity","CarePlan.activity","","","",0,*,"","","","BackboneElement {[]} {[]}
","Action to occur as part of plan","Berisi data informasi terkait tindakan yang direncanakan dalam rencana perawatan dengan tipe data BackboneElement.","","Allows systems to prompt for performance of planned activities, and validate plans against best practice.","","","","","","","",,,,,"",,,,"CarePlan.activity",0,*,"","cpl-3:Provide a reference or detail, not both {detail.empty() or reference.empty()}
ele-1:All FHIR elements must have a @value or children {hasValue() or (children().count() > id.count())}","{no mapping
NOTE: This is a list of contained Request-Event tuples!}",".outboundRelationship[typeCode=COMP].target"
"CarePlan.activity.id","CarePlan.activity.id","","","",0,1,"","","","string {[]} {[]}
","Unique id for inter-element referencing","Unique id for the element within a resource (for internal references). This may be any string value that does not contain spaces.","","","","","","","","","",,,,,"",,,,"Element.id",0,1,"","","n/a"
"CarePlan.activity.extension","CarePlan.activity.extension","","extensions
user content","",0,*,"","","","Extension {[]} {[]}
","Additional content defined by implementations","May be used to represent additional information that is not part of the basic definition of the element. To make the use of extensions safe and manageable, there is a strict set of governance  applied to the definition and use of extensions. Though any implementer can define an extension, there is a set of requirements that SHALL be met as part of the definition of the extension.","There can be no stigma associated with the use of extensions by any application, project, or standard - regardless of the institution or jurisdiction that uses or defines the extensions.  The use of extensions is what allows the FHIR specification to retain a core level of simplicity for everyone.","","","","","","","","",,,,,"",,,,"Element.extension",0,*,"","ele-1:All FHIR elements must have a @value or children {hasValue() or (children().count() > id.count())}
ext-1:Must have either extensions or value[x], not both {extension.exists() != value.exists()}","n/a"
"CarePlan.activity.modifierExtension","CarePlan.activity.modifierExtension","","extensions
user contentmodifiers","",0,*,"","Y","Y","Extension {[]} {[]}
","Extensions that cannot be ignored even if unrecognized","May be used to represent additional information that is not part of the basic definition of the element and that modifies the understanding of the element in which it is contained and/or the understanding of the containing element's descendants. Usually modifier elements provide negation or qualification. To make the use of extensions safe and manageable, there is a strict set of governance applied to the definition and use of extensions. Though any implementer can define an extension, there is a set of requirements that SHALL be met as part of the definition of the extension. Applications processing a resource are required to check for modifier extensions.

Modifier extensions SHALL NOT change the meaning of any elements on Resource or DomainResource (including cannot change the meaning of modifierExtension itself).","There can be no stigma associated with the use of extensions by any application, project, or standard - regardless of the institution or jurisdiction that uses or defines the extensions.  The use of extensions is what allows the FHIR specification to retain a core level of simplicity for everyone.","Modifier extensions allow for extensions that *cannot* be safely ignored to be clearly distinguished from the vast majority of extensions which can be safely ignored.  This promotes interoperability by eliminating the need for implementers to prohibit the presence of extensions. For further information, see the [definition of modifier extensions](http://hl7.org/fhir/R4/extensibility.html#modifierExtension).","","","","","","","",,,,,"",,,,"BackboneElement.modifierExtension",0,*,"","ele-1:All FHIR elements must have a @value or children {hasValue() or (children().count() > id.count())}
ext-1:Must have either extensions or value[x], not both {extension.exists() != value.exists()}","N/A"
"CarePlan.activity.outcomeCodeableConcept","CarePlan.activity.outcomeCodeableConcept","","","",0,*,"","","","CodeableConcept {[]} {[]}
","Results of the activity","Berisi data luaran atau hasil dari aktivitas dengan tipe data CodeableConcept.","Note that this should not duplicate the activity status (e.g. completed or in progress).","","","","","","","","",,"example","Identifies the results of the activity.","http://hl7.org/fhir/ValueSet/care-plan-activity-outcome|4.0.1","",,,,"CarePlan.activity.outcomeCodeableConcept",0,*,"","ele-1:All FHIR elements must have a @value or children {hasValue() or (children().count() > id.count())}
"
"CarePlan.activity.outcomeReference","CarePlan.activity.outcomeReference","","","",0,*,"","","","Reference {[]} {[CanonicalType[http://hl7.org/fhir/StructureDefinition/Resource|4.0.1]]}
","Appointment, Encounter, Procedure, etc.","Berisi data luaran atau hasil dari aktivitas dengan tipe data Reference, yang direferensikan ke data yang tersimpan di semua resource yang ada di FHIR.","The activity outcome is independent of the outcome of the related goal(s).  For example, if the goal is to achieve a target body weight of 150 lbs and an activity is defined to diet, then the activity outcome could be calories consumed whereas the goal outcome is an observation for the actual body weight measured.","Links plan to resulting actions.","","","","","","","",,,,,"",,,,"CarePlan.activity.outcomeReference",0,*,"","ele-1:All FHIR elements must have a @value or children {hasValue() or (children().count() > id.count())}
","{Event that is outcome of Request in activity.reference}",".inboundRelationship[typeCode=FLFS].source"
"CarePlan.activity.progress","CarePlan.activity.progress","","","",0,*,"","","","Annotation {[]} {[]}
","Comments about the activity status/progress","Berisi data komentar terkait status atau progres dari aktivitas dengan tipe data Annotation.","This element should NOT be used to describe the activity to be performed - that occurs either within the resource pointed to by activity.detail.reference or in activity.detail.description.","Can be used to capture information about adherence, progress, concerns, etc.","","","","","","","",,,,,"",,,,"CarePlan.activity.progress",0,*,"","ele-1:All FHIR elements must have a @value or children {hasValue() or (children().count() > id.count())}
",".inboundRelationship[typeCode=SUBJ].source[classCode=OBS, moodCode=EVN, code=""annotation""].value","NTE?"
"CarePlan.activity.reference","CarePlan.activity.reference","","","",0,1,"","","","Reference {[]} {[CanonicalType[http://hl7.org/fhir/StructureDefinition/Appointment|4.0.1], CanonicalType[http://hl7.org/fhir/StructureDefinition/CommunicationRequest|4.0.1], CanonicalType[http://hl7.org/fhir/StructureDefinition/DeviceRequest|4.0.1], CanonicalType[http://hl7.org/fhir/StructureDefinition/MedicationRequest|4.0.1], CanonicalType[http://hl7.org/fhir/StructureDefinition/NutritionOrder|4.0.1], CanonicalType[http://hl7.org/fhir/StructureDefinition/Task|4.0.1], CanonicalType[http://hl7.org/fhir/StructureDefinition/ServiceRequest|4.0.1], CanonicalType[http://hl7.org/fhir/StructureDefinition/VisionPrescription|4.0.1], CanonicalType[http://hl7.org/fhir/StructureDefinition/RequestGroup|4.0.1]]}
","Activity details defined in specific resource","Berisi data detail aktivitas yang diusulkan dan direpresentasikan dalam resource spesifik dengan tipe data Reference, yang direferensikan ke data yang tersimpan di resource Appointment | CommunicationRequest | DeviceRequest | MedicationRequest | NutritionOrder | Task | ServiceRequest | VisionPrescription | RequestGroup.","Standard extension exists ([resource-pertainsToGoal](http://hl7.org/fhir/R4/extension-resource-pertainstogoal.html)) that allows goals to be referenced from any of the referenced resources in CarePlan.activity.reference.  The goal should be visible when the resource referenced by CarePlan.activity.reference is viewed independently from the CarePlan.  Requests that are pointed to by a CarePlan using this element should *not* point to this CarePlan using the ""basedOn"" element.  i.e. Requests that are part of a CarePlan are not ""based on"" the CarePlan.","Details in a form consistent with other applications and contexts of use.","","","","","","","",,,,,"",,,,"CarePlan.activity.reference",0,1,"cpl-3
","ele-1:All FHIR elements must have a @value or children {hasValue() or (children().count() > id.count())}
","{Request that resulted in Event in activity.actionResulting}",".outboundRelationship[typeCode=COMP].target"
"CarePlan.activity.detail","CarePlan.activity.detail","","","",0,1,"","","","BackboneElement {[]} {[]}
","In-line definition of activity","Berisi data ringkasan sederhana dari rencana aktivitas yang akan dilakukan dengan tipe data BackboneElement.","","Details in a simple form for generic care plan systems.","","","","","","","",,,,,"",,,,"CarePlan.activity.detail",0,1,"cpl-3
","ele-1:All FHIR elements must have a @value or children {hasValue() or (children().count() > id.count())}
",".outboundRelationship[typeCode=COMP, subsetCode=SUMM].target"
"CarePlan.activity.detail.id","CarePlan.activity.detail.id","","","",0,1,"","","","string {[]} {[]}
","Unique id for inter-element referencing","Unique id for the element within a resource (for internal references). This may be any string value that does not contain spaces.","","","","","","","","","",,,,,"",,,,"Element.id",0,1,"","","n/a"
"CarePlan.activity.detail.extension","CarePlan.activity.detail.extension","","extensions
user content","",0,*,"","","","Extension {[]} {[]}
","Additional content defined by implementations","May be used to represent additional information that is not part of the basic definition of the element. To make the use of extensions safe and manageable, there is a strict set of governance  applied to the definition and use of extensions. Though any implementer can define an extension, there is a set of requirements that SHALL be met as part of the definition of the extension.","There can be no stigma associated with the use of extensions by any application, project, or standard - regardless of the institution or jurisdiction that uses or defines the extensions.  The use of extensions is what allows the FHIR specification to retain a core level of simplicity for everyone.","","","","","","","","",,,,,"",,,,"Element.extension",0,*,"","ele-1:All FHIR elements must have a @value or children {hasValue() or (children().count() > id.count())}
ext-1:Must have either extensions or value[x], not both {extension.exists() != value.exists()}","n/a"
"CarePlan.activity.detail.modifierExtension","CarePlan.activity.detail.modifierExtension","","extensions
user contentmodifiers","",0,*,"","Y","Y","Extension {[]} {[]}
","Extensions that cannot be ignored even if unrecognized","May be used to represent additional information that is not part of the basic definition of the element and that modifies the understanding of the element in which it is contained and/or the understanding of the containing element's descendants. Usually modifier elements provide negation or qualification. To make the use of extensions safe and manageable, there is a strict set of governance applied to the definition and use of extensions. Though any implementer can define an extension, there is a set of requirements that SHALL be met as part of the definition of the extension. Applications processing a resource are required to check for modifier extensions.

Modifier extensions SHALL NOT change the meaning of any elements on Resource or DomainResource (including cannot change the meaning of modifierExtension itself).","There can be no stigma associated with the use of extensions by any application, project, or standard - regardless of the institution or jurisdiction that uses or defines the extensions.  The use of extensions is what allows the FHIR specification to retain a core level of simplicity for everyone.","Modifier extensions allow for extensions that *cannot* be safely ignored to be clearly distinguished from the vast majority of extensions which can be safely ignored.  This promotes interoperability by eliminating the need for implementers to prohibit the presence of extensions. For further information, see the [definition of modifier extensions](http://hl7.org/fhir/R4/extensibility.html#modifierExtension).","","","","","","","",,,,,"",,,,"BackboneElement.modifierExtension",0,*,"","ele-1:All FHIR elements must have a @value or children {hasValue() or (children().count() > id.count())}
ext-1:Must have either extensions or value[x], not both {extension.exists() != value.exists()}","N/A"
"CarePlan.activity.detail.kind","CarePlan.activity.detail.kind","","","",0,1,"","","","code {[]} {[]}
","Appointment | CommunicationRequest | DeviceRequest | MedicationRequest | NutritionOrder | Task | ServiceRequest | VisionPrescription","Berisi data jenis aktivitas dengan tipe data code.","","May determine what types of extensions are permitted.","","","","","","","",,"required","Resource types defined as part of FHIR that can be represented as in-line definitions of a care plan activity.","http://hl7.org/fhir/ValueSet/care-plan-activity-kind|4.0.1","",,,,"CarePlan.activity.detail.kind",0,1,"","ele-1:All FHIR elements must have a @value or children {hasValue() or (children().count() > id.count())}
",".inboundRelationship[typeCode=COMP].source[classCode=LIST].code"
"CarePlan.activity.detail.instantiatesCanonical","CarePlan.activity.detail.instantiatesCanonical","","","",0,*,"","","","canonical {[]} {[CanonicalType[http://hl7.org/fhir/StructureDefinition/PlanDefinition|4.0.1], CanonicalType[http://hl7.org/fhir/StructureDefinition/ActivityDefinition|4.0.1], CanonicalType[http://hl7.org/fhir/StructureDefinition/Questionnaire|4.0.1], CanonicalType[http://hl7.org/fhir/StructureDefinition/Measure|4.0.1], CanonicalType[http://hl7.org/fhir/StructureDefinition/OperationDefinition|4.0.1]]}
","Instantiates FHIR protocol or definition","Berisi data URL yang menunjuk ke protokol, pedoman, kuesioner, atau definisi lain yang ditetapkan FHIR yang dipatuhi seluruhnya atau sebagian oleh aktivitas rencana perawatan ini dengan tipe data canonical.","","Allows Questionnaires that the patient (or practitioner) should fill in to fulfill the care plan activity.","","","","","","","",,,,,"",,,,"CarePlan.activity.detail.instantiatesCanonical",0,*,"","ele-1:All FHIR elements must have a @value or children {hasValue() or (children().count() > id.count())}
","Request.instantiatesCanonical",".outboundRelationship[typeCode=DEFN].target"
"CarePlan.activity.detail.instantiatesUri","CarePlan.activity.detail.instantiatesUri","","","",0,*,"","","","uri {[]} {[]}
","Instantiates external protocol or definition","Berisi data URL yang menunjuk ke protokol, panduan, kuesioner, atau definisi lain yang dikelola secara eksternal yang dipatuhi seluruhnya atau sebagian oleh aktivitas rencana perawatan ini dengan tipe data uri.","This might be an HTML page, PDF, etc. or could just be a non-resolvable URI identifier.","Allows Questionnaires that the patient (or practitioner) should fill in to fulfill the care plan activity.","","","","","","","",,,,,"",,,,"CarePlan.activity.detail.instantiatesUri",0,*,"","ele-1:All FHIR elements must have a @value or children {hasValue() or (children().count() > id.count())}
","Request.instantiatesUri",".outboundRelationship[typeCode=DEFN].target"
"CarePlan.activity.detail.code","CarePlan.activity.detail.code","","","",0,1,"","","","CodeableConcept {[]} {[]}
","Detail type of activity","Berisi data kode aktivitas yang akan dilakukan dengan tipe data CodeableConcept.","Tends to be less relevant for activities involving particular products.  Codes should not convey negation - use ""prohibited"" instead.","Allows matching performed to planned as well as validation against protocols.","","","","","","","",,"example","Detailed description of the type of activity; e.g. What lab test, what procedure, what kind of encounter.","http://hl7.org/fhir/ValueSet/procedure-code|4.0.1","",,,,"CarePlan.activity.detail.code",0,1,"","ele-1:All FHIR elements must have a @value or children {hasValue() or (children().count() > id.count())}
","Request.code",".code","OBR-4 / RXE-2 / RXO-1 / RXD-2"
"CarePlan.activity.detail.reasonCode","CarePlan.activity.detail.reasonCode","","","",0,*,"","","","CodeableConcept {[]} {[]}
","Why activity should be done or why activity was prohibited","Berisi data alasan dilakukannya aktivitas dengan tipe data CodeableConcept.","This could be a diagnosis code.  If a full condition record exists or additional detail is needed, use reasonCondition instead.","","","","","","","","",,"example","Identifies why a care plan activity is needed.  Can include any health condition codes as well as such concepts as ""general wellness"", prophylaxis, surgical preparation, etc.","http://hl7.org/fhir/ValueSet/clinical-findings|4.0.1","",,,,"CarePlan.activity.detail.reasonCode",0,*,"","ele-1:All FHIR elements must have a @value or children {hasValue() or (children().count() > id.count())}
","Request.reasonCode"
"CarePlan.activity.detail.reasonReference","CarePlan.activity.detail.reasonReference","","","",0,*,"","","","Reference {[]} {[CanonicalType[http://hl7.org/fhir/StructureDefinition/Condition|4.0.1], CanonicalType[http://hl7.org/fhir/StructureDefinition/Observation|4.0.1], CanonicalType[http://hl7.org/fhir/StructureDefinition/DiagnosticReport|4.0.1], CanonicalType[http://hl7.org/fhir/StructureDefinition/DocumentReference|4.0.1]]}
","Why activity is needed","Berisi data alasan dilakukannya aktivitas dengan tipe data Reference, yang direferensikan ke data yang tersimpan di resource Condition | Observation | DiagnosticReport | DocumentReference.","Conditions can be identified at the activity level that are not identified as reasons for the overall plan.","","","","","","","","",,,,,"",,,,"CarePlan.activity.detail.reasonReference",0,*,"","ele-1:All FHIR elements must have a @value or children {hasValue() or (children().count() > id.count())}
","Request.reasonReference"
"CarePlan.activity.detail.goal","CarePlan.activity.detail.goal","","","",0,*,"","","","Reference {[]} {[CanonicalType[http://hl7.org/fhir/StructureDefinition/Goal|4.0.1]]}
","Goals this activity relates to","Berisi data tujuan dari aktivitas ini dengan tipe data Reference, yang direferensikan ke data yang tersimpan di resource Goal.","","So that participants know the link explicitly.","","","","","","","",,,,,"",,,,"CarePlan.activity.detail.goal",0,*,"","ele-1:All FHIR elements must have a @value or children {hasValue() or (children().count() > id.count())}
",".outboundRelationship[typeCode<=OBJ]."
"CarePlan.activity.detail.status","CarePlan.activity.detail.status","","","",1,1,"","Y","","code {[]} {[]}
","not-started | scheduled | in-progress | on-hold | completed | cancelled | stopped | unknown | entered-in-error","Berisi data status atau progres dari aktivitas dengan tipe data code.","Some aspects of status can be inferred based on the resources linked in actionTaken.  Note that ""status"" is only as current as the plan was most recently updated.  
The unknown code is not to be used to convey other statuses.  The unknown code should be used when one of the statuses applies, but the authoring system doesn't know the current state of the activity.","Indicates progress against the plan, whether the activity is still relevant for the plan.","","","","","","","",,"required","Codes that reflect the current state of a care plan activity within its overall life cycle.","http://hl7.org/fhir/ValueSet/care-plan-activity-status|4.0.1","",,,,"CarePlan.activity.detail.status",1,1,"","ele-1:All FHIR elements must have a @value or children {hasValue() or (children().count() > id.count())}
","Request.status",".statusCode not-started = new scheduled = not-started (and fulfillment relationship to appointent) in-progress = active on-hold = suspended completed = completed cancelled = aborted","ORC-5?"
"CarePlan.activity.detail.statusReason","CarePlan.activity.detail.statusReason","","","",0,1,"","","","CodeableConcept {[]} {[]}
","Reason for current status","Berisi data alasan dari status aktivitas dengan tipe data CodeableConcept.","Will generally not be present if status is ""complete"".  Be sure to prompt to update this (or at least remove the existing value) if the status is changed.","","","","","","","","",,,,,"",,,,"CarePlan.activity.detail.statusReason",0,1,"","ele-1:All FHIR elements must have a @value or children {hasValue() or (children().count() > id.count())}
","Request.statusReason"
"CarePlan.activity.detail.doNotPerform","CarePlan.activity.detail.doNotPerform","","","",0,1,"","Y","","boolean {[]} {[]}
","If true, activity is prohibiting action","Berisi data bila true, maka aktivitas tidak boleh dilakukan dalam rencana perawatan, bila false atau dikosongkan, aktivitas boleh dilakukan dalam rencana perawatan dengan tipe data boolean.","This element is labeled as a modifier because it marks an activity as an activity that is not to be performed.","Captures intention to not do something that may have been previously typical.","","If missing indicates that the described activity is one that should be engaged in when following the plan.","","","","","",,,,,"",,,,"CarePlan.activity.detail.doNotPerform",0,1,"","ele-1:All FHIR elements must have a @value or children {hasValue() or (children().count() > id.count())}
","Request.doNotPerform","actionNegationInd"
"CarePlan.activity.detail.scheduled[x]","CarePlan.activity.detail.scheduled[x]","","","",0,1,"","","","Timing {[]} {[]}
Period {[]} {[]}string {[]} {[]}","When activity is to occur","Berisi data kapan aktivitas dilakukan.","","Allows prompting for activities and detection of missed planned activities.","","","","","","","",,,,,"",,,,"CarePlan.activity.detail.scheduled[x]",0,1,"","ele-1:All FHIR elements must have a @value or children {hasValue() or (children().count() > id.count())}
","Request.occurrence[x]",".effectiveTime","TQ1"
"CarePlan.activity.detail.location","CarePlan.activity.detail.location","","","",0,1,"","","","Reference {[]} {[CanonicalType[http://hl7.org/fhir/StructureDefinition/Location|4.0.1]]}
","Where it should happen","Berisi data lokasi dilakukannya aktivitas dengan tipe data Reference, yang direferensikan ke data yang tersimpan di resource Location.","May reference a specific clinical location or may identify a type of location.","Helps in planning of activity.","","","","","","","",,,,,"",,,,"CarePlan.activity.detail.location",0,1,"","ele-1:All FHIR elements must have a @value or children {hasValue() or (children().count() > id.count())}
",".participation[typeCode=LOC].role","OBR-24(???!!)"
"CarePlan.activity.detail.performer","CarePlan.activity.detail.performer","","","",0,*,"","","","Reference {[]} {[CanonicalType[http://hl7.org/fhir/StructureDefinition/Practitioner|4.0.1], CanonicalType[http://hl7.org/fhir/StructureDefinition/PractitionerRole|4.0.1], CanonicalType[http://hl7.org/fhir/StructureDefinition/Organization|4.0.1], CanonicalType[http://hl7.org/fhir/StructureDefinition/RelatedPerson|4.0.1], CanonicalType[http://hl7.org/fhir/StructureDefinition/Patient|4.0.1], CanonicalType[http://hl7.org/fhir/StructureDefinition/CareTeam|4.0.1], CanonicalType[http://hl7.org/fhir/StructureDefinition/HealthcareService|4.0.1], CanonicalType[http://hl7.org/fhir/StructureDefinition/Device|4.0.1]]}
","Who will be responsible?","Berisi data siapa yang akan terlibat dalam aktivitas dengan tipe data Reference, yang direferensikan ke data yang tersimpan di resource Practitioner | PractitionerRole | Organization | RelatedPerson | Patient | CareTeam | HealthcareService | Device.","A performer MAY also be a participant in the care plan.","Helps in planning of activity.","","","","","","","",,,,,"",,,,"CarePlan.activity.detail.performer",0,*,"","ele-1:All FHIR elements must have a @value or children {hasValue() or (children().count() > id.count())}
","Request.performer",".participation[typeCode=PFM]","PRT-5 : ( PRV-4 = (provider participations)); PRT-5 : ( PRV-4 = (non-provider person participations )) ; PRT-5 : ( PRV-4 = (patient non-subject of care) ) ; PRT-8"
"CarePlan.activity.detail.product[x]","CarePlan.activity.detail.product[x]","","","",0,1,"","","","CodeableConcept {[]} {[]}
Reference {[]} {[CanonicalType[http://hl7.org/fhir/StructureDefinition/Medication|4.0.1], CanonicalType[http://hl7.org/fhir/StructureDefinition/Substance|4.0.1]]}","What is to be administered/supplied","Berisi data produk yang diberikan dalam aktivitas dengan tipe data CodeableConcept atau Reference.","","","","","","","","","",,"example","A product supplied or administered as part of a care plan activity.","http://hl7.org/fhir/ValueSet/medication-codes|4.0.1","",,,,"CarePlan.activity.detail.product[x]",0,1,"","ele-1:All FHIR elements must have a @value or children {hasValue() or (children().count() > id.count())}
",".participation[typeCode=PRD].role","RXE-2 / RXO-1 / RXD-2"
"CarePlan.activity.detail.dailyAmount","CarePlan.activity.detail.dailyAmount","","daily dose
","",0,1,"","","","Quantity {[CanonicalType[http://hl7.org/fhir/StructureDefinition/SimpleQuantity|4.0.1]]} {[]}
","How to consume/day?","Berisi data kuantitas yang dikonsumsi setiap hari dengan tipe data SimpleQuantity.","","Allows rough dose checking.","","","","","","","",,,,,"",,,,"CarePlan.activity.detail.dailyAmount",0,1,"","ele-1:All FHIR elements must have a @value or children {hasValue() or (children().count() > id.count())}
",".outboundRelationship[typeCode=COMP][classCode=SBADM].doseQuantity","RXO-23 / RXE-19 / RXD-12"
"CarePlan.activity.detail.quantity","CarePlan.activity.detail.quantity","","","",0,1,"","","","Quantity {[CanonicalType[http://hl7.org/fhir/StructureDefinition/SimpleQuantity|4.0.1]]} {[]}
","How much to administer/supply/consume","Berisi data kuantitas yang diharapkan disediakan, diadministrasikan, dan dikonsumsi oleh subjek dengan tipe data SimpleQuantity.","","","","","","","","","",,,,,"",,,,"CarePlan.activity.detail.quantity",0,1,"","ele-1:All FHIR elements must have a @value or children {hasValue() or (children().count() > id.count())}
",".outboundRelationship[typeCode=COMP][classCode=SPLY].quantity","RXO-11 / RXE-10 / RXD-4 / RXG-5 / RXA-6 /  TQ1-2.1  *and*  RXO-12 /  RXE-11 / RXD-5 / RXG-7 / RXA-7 / TQ1-2.2"
"CarePlan.activity.detail.description","CarePlan.activity.detail.description","","","",0,1,"","","","string {[]} {[]}
","Extra info describing activity to perform","Berisi data deskripsi tambahan untuk aktivitas yang akan dilakukan dengan tipe data string.","","","","","","","","","",,,,,"",,,,"CarePlan.activity.detail.description",0,1,"","ele-1:All FHIR elements must have a @value or children {hasValue() or (children().count() > id.count())}
",".text","NTE?"
"CarePlan.note","CarePlan.note","","","",0,*,"","","","Annotation {[]} {[]}
","Comments about the plan","Berisi data komentar atau catatan umum dari rencana perawatan yang tidak tercover di elemen lain dengan tipe data Annotation.","","Used to capture information that applies to the plan as a whole that doesn't fit into discrete elements.","","","","","","","",,,,,"",,,,"CarePlan.note",0,*,"","ele-1:All FHIR elements must have a @value or children {hasValue() or (children().count() > id.count())}
","Request.note",".inboundRelationship[typeCode=SUBJ].source[classCode=OBS, moodCode=EVN, code=""annotation""].value","NTE?"
