"Id","Path","Slice Name","Alias(s)","Label","Min","Max","Must Support?","Is Modifier?","Is Summary?","Type(s)","Short","Definition","Comments","Requirements","Default Value","Meaning When Missing","Fixed Value","Pattern","Example","Minimum Value","Maximum Value","Maximum Length","Binding Strength","Binding Description","Binding Value Set","Code","Slicing Discriminator","Slicing Description","Slicing Ordered","Slicing Rules","Base Path","Base Min","Base Max","Condition(s)","Constraint(s)","Mapping: Workflow Pattern","Mapping: RIM Mapping","Mapping: CDA (R2)","Mapping: FHIR DocumentReference","Mapping: FiveWs Pattern Mapping"
"Composition","Composition","","","",0,*,"","","","null {[]} {[]}
","A set of resources composed into a single coherent clinical statement with clinical attestation","A set of healthcare-related information that is assembled together into a single logical package that provides a single coherent statement of meaning, establishes its own context and that has clinical attestation with regard to who is making the statement. A Composition defines the structure and narrative content necessary for a document. However, a Composition alone does not constitute a document. Rather, the Composition must be the first entry in a Bundle where Bundle.type=document, and any other resources referenced from Composition must be included as subsequent entries in the Bundle (for example Patient, Practitioner, Encounter, etc.).","While the focus of this specification is on patient-specific clinical statements, this resource can also apply to other healthcare-related statements such as study protocol designs, healthcare invoices and other activities that are not necessarily patient-specific or clinical.","","","","","","","","",,,,,"",,,,"Composition",0,*,"","dom-2:If the resource is contained in another resource, it SHALL NOT contain nested Resources {contained.contained.empty()}
dom-3:If the resource is contained in another resource, it SHALL be referred to from elsewhere in the resource or SHALL refer to the containing resource {contained.where((('#'+id in (%resource.descendants().reference | %resource.descendants().as(canonical) | %resource.descendants().as(uri) | %resource.descendants().as(url))) or descendants().where(reference = '#').exists() or descendants().where(as(canonical) = '#').exists() or descendants().where(as(canonical) = '#').exists()).not()).trace('unmatched', id).empty()}dom-4:If a resource is contained in another resource, it SHALL NOT have a meta.versionId or a meta.lastUpdated {contained.meta.versionId.empty() and contained.meta.lastUpdated.empty()}dom-5:If a resource is contained in another resource, it SHALL NOT have a security label {contained.meta.security.empty()}dom-6:A resource should have narrative for robust management {text.`div`.exists()}","Event","Entity. Role, or Act","Document[classCode=""DOC"" and moodCode=""EVN"" and isNormalAct()]","ClinicalDocument","when described by DocumentReference"
"Composition.id","Composition.id","","","",0,1,"","","Y","id {[]} {[]}
","Logical id of this artifact","The logical id of the resource, as used in the URL for the resource. Once assigned, this value never changes.","The only time that a resource does not have an id is when it is being submitted to the server using a create operation.","","","","","","","","",,,,,"",,,,"Resource.id",0,1,"",""
"Composition.meta","Composition.meta","","","",0,1,"","","Y","Meta {[]} {[]}
","Metadata about the resource","The metadata about the resource. This is content that is maintained by the infrastructure. Changes to the content might not always be associated with version changes to the resource.","","","","","","","","","",,,,,"",,,,"Resource.meta",0,1,"","ele-1:All FHIR elements must have a @value or children {hasValue() or (children().count() > id.count())}
"
"Composition.implicitRules","Composition.implicitRules","","","",0,1,"","Y","Y","uri {[]} {[]}
","A set of rules under which this content was created","A reference to a set of rules that were followed when the resource was constructed, and which must be understood when processing the content. Often, this is a reference to an implementation guide that defines the special rules along with other profiles etc.","Asserting this rule set restricts the content to be only understood by a limited set of trading partners. This inherently limits the usefulness of the data in the long term. However, the existing health eco-system is highly fractured, and not yet ready to define, collect, and exchange data in a generally computable sense. Wherever possible, implementers and/or specification writers should avoid using this element. Often, when used, the URL is a reference to an implementation guide that defines these special rules as part of it's narrative along with other profiles, value sets, etc.","","","","","","","","",,,,,"",,,,"Resource.implicitRules",0,1,"","ele-1:All FHIR elements must have a @value or children {hasValue() or (children().count() > id.count())}
"
"Composition.language","Composition.language","","","",0,1,"","","","code {[]} {[]}
","Language of the resource content","The base language in which the resource is written.","Language is provided to support indexing and accessibility (typically, services such as text to speech use the language tag). The html language tag in the narrative applies  to the narrative. The language tag on the resource may be used to specify the language of other presentations generated from the data in the resource. Not all the content has to be in the base language. The Resource.language should not be assumed to apply to the narrative automatically. If a language is specified, it should it also be specified on the div element in the html (see rules in HTML5 for information about the relationship between xml:lang and the html lang attribute).","","","","","","","","",,"preferred","A human language.","http://hl7.org/fhir/ValueSet/languages|4.0.1","",,,,"Resource.language",0,1,"","ele-1:All FHIR elements must have a @value or children {hasValue() or (children().count() > id.count())}
"
"Composition.text","Composition.text","","narrative
htmlxhtmldisplay","",0,1,"","","","Narrative {[]} {[]}
","Text summary of the resource, for human interpretation","A human-readable narrative that contains a summary of the resource and can be used to represent the content of the resource to a human. The narrative need not encode all the structured data, but is required to contain sufficient detail to make it ""clinically safe"" for a human to just read the narrative. Resource definitions may define what content should be represented in the narrative to ensure clinical safety.","Contained resources do not have narrative. Resources that are not contained SHOULD have a narrative. In some cases, a resource may only have text with little or no additional discrete data (as long as all minOccurs=1 elements are satisfied).  This may be necessary for data from legacy systems where information is captured as a ""text blob"" or where text is additionally entered raw or narrated and encoded information is added later.","","","","","","","","",,,,,"",,,,"DomainResource.text",0,1,"","ele-1:All FHIR elements must have a @value or children {hasValue() or (children().count() > id.count())}
","Act.text?"
"Composition.contained","Composition.contained","","inline resources
anonymous resourcescontained resources","",0,*,"","","","Resource {[]} {[]}
","Contained, inline Resources","These resources do not have an independent existence apart from the resource that contains them - they cannot be identified independently, and nor can they have their own independent transaction scope.","This should never be done when the content can be identified properly, as once identification is lost, it is extremely difficult (and context dependent) to restore it again. Contained resources may have profiles and tags In their meta elements, but SHALL NOT have security labels.","","","","","","","","",,,,,"",,,,"DomainResource.contained",0,*,"","","N/A"
"Composition.extension","Composition.extension","","","",1,*,"","","","Extension {[]} {[]}
","Extension","An Extension","","","","","","","","","",,,,,"","value:url}
","",,"open","DomainResource.extension",0,*,"","ele-1:All FHIR elements must have a @value or children {hasValue() or (children().count() > id.count())}
ext-1:Must have either extensions or value[x], not both {extension.exists() != value.exists()}"
"Composition.extension:documentStatus","Composition.extension","documentStatus","","",1,1,"","","","Extension {[CanonicalType[https://fhir.kemkes.go.id/r4/StructureDefinition/DocumentStatus]]} {[]}
","Document Status","Extension for document status information including status code, time, and assigner.","","","","","","","","","",,,,,"",,,,"DomainResource.extension",0,*,"ele-1
","ele-1:All FHIR elements must have a @value or children {hasValue() or (children().count() > id.count())}
ext-1:Must have either extensions or value[x], not both {extension.exists() != value.exists()}"
"Composition.modifierExtension","Composition.modifierExtension","","extensions
user content","",0,*,"","Y","","Extension {[]} {[]}
","Extensions that cannot be ignored","May be used to represent additional information that is not part of the basic definition of the resource and that modifies the understanding of the element that contains it and/or the understanding of the containing element's descendants. Usually modifier elements provide negation or qualification. To make the use of extensions safe and manageable, there is a strict set of governance applied to the definition and use of extensions. Though any implementer is allowed to define an extension, there is a set of requirements that SHALL be met as part of the definition of the extension. Applications processing a resource are required to check for modifier extensions.

Modifier extensions SHALL NOT change the meaning of any elements on Resource or DomainResource (including cannot change the meaning of modifierExtension itself).","There can be no stigma associated with the use of extensions by any application, project, or standard - regardless of the institution or jurisdiction that uses or defines the extensions.  The use of extensions is what allows the FHIR specification to retain a core level of simplicity for everyone.","Modifier extensions allow for extensions that *cannot* be safely ignored to be clearly distinguished from the vast majority of extensions which can be safely ignored.  This promotes interoperability by eliminating the need for implementers to prohibit the presence of extensions. For further information, see the [definition of modifier extensions](http://hl7.org/fhir/R4/extensibility.html#modifierExtension).","","","","","","","",,,,,"",,,,"DomainResource.modifierExtension",0,*,"","ele-1:All FHIR elements must have a @value or children {hasValue() or (children().count() > id.count())}
ext-1:Must have either extensions or value[x], not both {extension.exists() != value.exists()}","N/A"
"Composition.identifier","Composition.identifier","","","",0,1,"","","Y","Identifier {[]} {[]}
","Version-independent identifier for the Composition","Berisi satu atau lebih daftar data id internal faskes untuk dokumen/composition ini yang setiap datanya direpresentasikan dengan tipe data Identifier.","Similar to ClinicalDocument/setId in CDA. See discussion in resource definition for how these relate.","","","","","","","","",,,,,"",,,,"Composition.identifier",0,1,"","ele-1:All FHIR elements must have a @value or children {hasValue() or (children().count() > id.count())}
","Event.identifier","Document.id / Document.setId",".setId","DocumentReference.masterIdentifier","FiveWs.identifier"
"Composition.identifier.id","Composition.identifier.id","","","",0,1,"","","","string {[]} {[]}
","Unique id for inter-element referencing","Unique id for the element within a resource (for internal references). This may be any string value that does not contain spaces.","","","","","","","","","",,,,,"",,,,"Element.id",0,1,"","","n/a"
"Composition.identifier.extension","Composition.identifier.extension","","extensions
user content","",0,*,"","","","Extension {[]} {[]}
","Additional content defined by implementations","May be used to represent additional information that is not part of the basic definition of the element. To make the use of extensions safe and manageable, there is a strict set of governance  applied to the definition and use of extensions. Though any implementer can define an extension, there is a set of requirements that SHALL be met as part of the definition of the extension.","There can be no stigma associated with the use of extensions by any application, project, or standard - regardless of the institution or jurisdiction that uses or defines the extensions.  The use of extensions is what allows the FHIR specification to retain a core level of simplicity for everyone.","","","","","","","","",,,,,"","value:url}
","Extensions are always sliced by (at least) url",,"open","Element.extension",0,*,"","ele-1:All FHIR elements must have a @value or children {hasValue() or (children().count() > id.count())}
ext-1:Must have either extensions or value[x], not both {extension.exists() != value.exists()}","n/a"
"Composition.identifier.use","Composition.identifier.use","","","",0,1,"","Y","Y","code {[]} {[]}
","usual | official | temp | secondary | old (If known)","Berisi data dengan tipe data code, yang nilainya mengacu pada data terminologi IdentifierUse.","Applications can assume that an identifier is permanent unless it explicitly says that it is temporary.","Allows the appropriate identifier for a particular context of use to be selected from among a set of identifiers.","","","","","","","",,"required","Identifies the purpose for this identifier, if known .","http://hl7.org/fhir/ValueSet/identifier-use|4.0.1","",,,,"Identifier.use",0,1,"","ele-1:All FHIR elements must have a @value or children {hasValue() or (children().count() > id.count())}
","Role.code or implied by context"
"Composition.identifier.type","Composition.identifier.type","","","",0,1,"","","Y","CodeableConcept {[]} {[]}
","Description of identifier","A coded type for the identifier that can be used to determine which identifier to use for a specific purpose.","This element deals only with general categories of identifiers.  It SHOULD not be used for codes that correspond 1..1 with the Identifier.system. Some identifiers may fall into multiple categories due to common usage.   Where the system is known, a type is unnecessary because the type is always part of the system definition. However systems often need to handle identifiers where the system is not known. There is not a 1:1 relationship between type and system, since many different systems have the same type.","Allows users to make use of identifiers when the identifier system is not known.","","","","","","","",,"extensible","A coded type for an identifier that can be used to determine which identifier to use for a specific purpose.","http://hl7.org/fhir/ValueSet/identifier-type|4.0.1","",,,,"Identifier.type",0,1,"","ele-1:All FHIR elements must have a @value or children {hasValue() or (children().count() > id.count())}
","Role.code or implied by context"
"Composition.identifier.system","Composition.identifier.system","","","",0,1,"","","Y","uri {[]} {[]}
","The namespace for the identifier value","Berisi data yang nilainya memiliki format: http://sys-ids.kemkes.go.id/composition/{{organization-ihs-number}}","Identifier.system is always case sensitive.","There are many sets  of identifiers.  To perform matching of two identifiers, we need to know what set we're dealing with. The system identifies a particular set of unique identifiers.","","","","","<valueUri xmlns=""http://hl7.org/fhir"" value=""http://www.acme.com/identifiers/patient""/>","","",,,,,"",,,,"Identifier.system",0,1,"","ele-1:All FHIR elements must have a @value or children {hasValue() or (children().count() > id.count())}
","II.root or Role.id.root"
"Composition.identifier.value","Composition.identifier.value","","","",0,1,"","","Y","string {[]} {[]}
","The value that is unique","Berisi kode atau nomor ID lokal yang disimpan di sistem internal masing-masing organisasi.","If the value is a full URI, then the system SHALL be urn:ietf:rfc:3986.  The value's primary purpose is computational mapping.  As a result, it may be normalized for comparison purposes (e.g. removing non-significant whitespace, dashes, etc.)  A value formatted for human display can be conveyed using the [Rendered Value extension](http://hl7.org/fhir/R4/extension-rendered-value.html). Identifier.value is to be treated as case sensitive unless knowledge of the Identifier.system allows the processer to be confident that non-case-sensitive processing is safe.","","","","","","<valueString xmlns=""http://hl7.org/fhir"" value=""123456""/>","","",,,,,"",,,,"Identifier.value",0,1,"","ele-1:All FHIR elements must have a @value or children {hasValue() or (children().count() > id.count())}
","II.extension or II.root if system indicates OID or GUID (Or Role.id.extension or root)"
"Composition.identifier.period","Composition.identifier.period","","","",0,1,"","","Y","Period {[]} {[]}
","Time period when id is/was valid for use","Time period during which identifier is/was valid for use.","","","","","","","","","",,,,,"",,,,"Identifier.period",0,1,"","ele-1:All FHIR elements must have a @value or children {hasValue() or (children().count() > id.count())}
","Role.effectiveTime or implied by context"
"Composition.identifier.assigner","Composition.identifier.assigner","","","",0,1,"","","Y","Reference {[]} {[CanonicalType[http://hl7.org/fhir/StructureDefinition/Organization|4.0.1]]}
","Organization that issued id (may be just text)","Organization that issued/manages the identifier.","The Identifier.assigner may omit the .reference element and only contain a .display element reflecting the name or other textual information about the assigning organization.","","","","","","","","",,,,,"",,,,"Identifier.assigner",0,1,"","ele-1:All FHIR elements must have a @value or children {hasValue() or (children().count() > id.count())}
","II.assigningAuthorityName but note that this is an improper use by the definition of the field.  Also Role.scoper"
"Composition.status","Composition.status","","","",1,1,"","Y","Y","code {[]} {[]}
","preliminary | final | amended | entered-in-error","Berisi status dari dokumen yang setiap datanya direpresentasikan dengan tipe data code, yang nilainya mengacu pada data terminologi CompositionStatus.","If a composition is marked as withdrawn, the compositions/documents in the series, or data from the composition or document series, should never be displayed to a user without being clearly marked as untrustworthy. The flag ""entered-in-error"" is why this element is labeled as a modifier of other elements.   

Some reporting work flows require that the original narrative of a final document never be altered; instead, only new narrative can be added. The composition resource has no explicit status for explicitly noting whether this business rule is in effect. This would be handled by an extension if required.","Need to be able to mark interim, amended, or withdrawn compositions or documents.","","","","","","","",,"required","The workflow/clinical status of the composition.","http://hl7.org/fhir/ValueSet/composition-status|4.0.1","",,,,"Composition.status",1,1,"","ele-1:All FHIR elements must have a @value or children {hasValue() or (children().count() > id.count())}
","Event.status","interim: .completionCode=""IN"" & ./statusCode[isNormalDatatype()]=""active"";  final: .completionCode=""AU"" &&  ./statusCode[isNormalDatatype()]=""complete"" and not(./inboundRelationship[typeCode=""SUBJ"" and isNormalActRelationship()]/source[subsumesCode(""ActClass#CACT"") and moodCode=""EVN"" and domainMember(""ReviseComposition"", code) and isNormalAct()]);  amended: .completionCode=""AU"" &&  ./statusCode[isNormalDatatype()]=""complete"" and ./inboundRelationship[typeCode=""SUBJ"" and isNormalActRelationship()]/source[subsumesCode(""ActClass#CACT"") and moodCode=""EVN"" and domainMember(""ReviseComposition"", code) and isNormalAct() and statusCode=""completed""];  withdrawn : .completionCode=NI &&  ./statusCode[isNormalDatatype()]=""obsolete""","n/a","DocumentReference.status","FiveWs.status"
"Composition.type","Composition.type","","","",1,1,"","","Y","CodeableConcept {[]} {[]}
","Kind of composition (LOINC if possible)","Berkaitan dengan menspesifikan jenis komposisi khusus (contoh: riwayat kesehatan, ringkasan pulang, dan catatan progres). Hal ini biasanya disamakan dengan tujuan dari pembuatan komposisi yang mengacu pada: LOINC dengan tipe data CodeableConcept.","For Composition type, LOINC is ubiquitous and strongly endorsed by HL7. Most implementation guides will require a specific LOINC code, or use LOINC as an extensible binding.","Key metadata element describing the composition, used in searching/filtering.","","","","","","","",,"preferred","Type of a composition.","http://hl7.org/fhir/ValueSet/doc-typecodes|4.0.1","",,,,"Composition.type",1,1,"","ele-1:All FHIR elements must have a @value or children {hasValue() or (children().count() > id.count())}
","Event.code","./code",".code","DocumentReference.type","FiveWs.class"
"Composition.type.id","Composition.type.id","","","",0,1,"","","","string {[]} {[]}
","Unique id for inter-element referencing","Unique id for the element within a resource (for internal references). This may be any string value that does not contain spaces.","","","","","","","","","",,,,,"",,,,"Element.id",0,1,"","","n/a"
"Composition.type.extension","Composition.type.extension","","extensions
user content","",0,*,"","","","Extension {[]} {[]}
","Additional content defined by implementations","May be used to represent additional information that is not part of the basic definition of the element. To make the use of extensions safe and manageable, there is a strict set of governance  applied to the definition and use of extensions. Though any implementer can define an extension, there is a set of requirements that SHALL be met as part of the definition of the extension.","There can be no stigma associated with the use of extensions by any application, project, or standard - regardless of the institution or jurisdiction that uses or defines the extensions.  The use of extensions is what allows the FHIR specification to retain a core level of simplicity for everyone.","","","","","","","","",,,,,"","value:url}
","Extensions are always sliced by (at least) url",,"open","Element.extension",0,*,"","ele-1:All FHIR elements must have a @value or children {hasValue() or (children().count() > id.count())}
ext-1:Must have either extensions or value[x], not both {extension.exists() != value.exists()}","n/a"
"Composition.type.coding","Composition.type.coding","","","",0,*,"","","Y","Coding {[]} {[]}
","Code defined by a terminology system","Berisi satu atau lebih kode status klinis dari data diet pasien dengan tipe data Coding yang nilainya mengacu pada data terminologi LOINC.","Codes may be defined very casually in enumerations, or code lists, up to very formal definitions such as SNOMED CT - see the HL7 v3 Core Principles for more information.  Ordering of codings is undefined and SHALL NOT be used to infer meaning. Generally, at most only one of the coding values will be labeled as UserSelected = true.","Allows for alternative encodings within a code system, and translations to other code systems.","","","","","","","",,,,,"",,,,"CodeableConcept.coding",0,*,"","ele-1:All FHIR elements must have a @value or children {hasValue() or (children().count() > id.count())}
","union(., ./translation)"
"Composition.type.text","Composition.type.text","","","",0,1,"","","Y","string {[]} {[]}
","Plain text representation of the concept","A human language representation of the concept as seen/selected/uttered by the user who entered the data and/or which represents the intended meaning of the user.","Very often the text is the same as a displayName of one of the codings.","The codes from the terminologies do not always capture the correct meaning with all the nuances of the human using them, or sometimes there is no appropriate code at all. In these cases, the text is used to capture the full meaning of the source.","","","","","","","",,,,,"",,,,"CodeableConcept.text",0,1,"","ele-1:All FHIR elements must have a @value or children {hasValue() or (children().count() > id.count())}
","./originalText[mediaType/code=""text/plain""]/data"
"Composition.category","Composition.category","","","",0,1,"","","Y","CodeableConcept {[]} {[]}
","Categorization of Composition","Berkaitan dengan kategori dari Composition. Hal ini biasanya disamakan dengan tujuan dari pembuatan komposisi dengan tipe data CodeableConcept.","This is a metadata field from [XDS/MHD](http://wiki.ihe.net/index.php?title=Mobile_access_to_Health_Documents_(MHD)).","Helps humans to assess whether the composition is of interest when viewing an index of compositions or documents.","","","","","","","",,"example","High-level kind of a clinical document at a macro level.","http://hl7.org/fhir/ValueSet/document-classcodes|4.0.1","",,,,"Composition.category",0,*,"","ele-1:All FHIR elements must have a @value or children {hasValue() or (children().count() > id.count())}
","Event.subject",".outboundRelationship[typeCode=""COMP].target[classCode=""LIST"", moodCode=""EVN""].code","n/a","DocumenttReference.category","FiveWs.class"
"Composition.category.id","Composition.category.id","","","",0,1,"","","","string {[]} {[]}
","Unique id for inter-element referencing","Unique id for the element within a resource (for internal references). This may be any string value that does not contain spaces.","","","","","","","","","",,,,,"",,,,"Element.id",0,1,"","","n/a"
"Composition.category.extension","Composition.category.extension","","extensions
user content","",0,*,"","","","Extension {[]} {[]}
","Additional content defined by implementations","May be used to represent additional information that is not part of the basic definition of the element. To make the use of extensions safe and manageable, there is a strict set of governance  applied to the definition and use of extensions. Though any implementer can define an extension, there is a set of requirements that SHALL be met as part of the definition of the extension.","There can be no stigma associated with the use of extensions by any application, project, or standard - regardless of the institution or jurisdiction that uses or defines the extensions.  The use of extensions is what allows the FHIR specification to retain a core level of simplicity for everyone.","","","","","","","","",,,,,"","value:url}
","Extensions are always sliced by (at least) url",,"open","Element.extension",0,*,"","ele-1:All FHIR elements must have a @value or children {hasValue() or (children().count() > id.count())}
ext-1:Must have either extensions or value[x], not both {extension.exists() != value.exists()}","n/a"
"Composition.category.coding","Composition.category.coding","","","",0,*,"","","Y","Coding {[]} {[]}
","Code defined by a terminology system","Berisi data kode kategori Composition dengan tipe data Coding yang nilainya mengacu pada data terminologi LOINC.","Codes may be defined very casually in enumerations, or code lists, up to very formal definitions such as SNOMED CT - see the HL7 v3 Core Principles for more information.  Ordering of codings is undefined and SHALL NOT be used to infer meaning. Generally, at most only one of the coding values will be labeled as UserSelected = true.","Allows for alternative encodings within a code system, and translations to other code systems.","","","","","","","",,,,,"",,,,"CodeableConcept.coding",0,*,"","ele-1:All FHIR elements must have a @value or children {hasValue() or (children().count() > id.count())}
","union(., ./translation)"
"Composition.category.text","Composition.category.text","","","",0,1,"","","Y","string {[]} {[]}
","Plain text representation of the concept","A human language representation of the concept as seen/selected/uttered by the user who entered the data and/or which represents the intended meaning of the user.","Very often the text is the same as a displayName of one of the codings.","The codes from the terminologies do not always capture the correct meaning with all the nuances of the human using them, or sometimes there is no appropriate code at all. In these cases, the text is used to capture the full meaning of the source.","","","","","","","",,,,,"",,,,"CodeableConcept.text",0,1,"","ele-1:All FHIR elements must have a @value or children {hasValue() or (children().count() > id.count())}
","./originalText[mediaType/code=""text/plain""]/data"
"Composition.subject","Composition.subject","","","",1,1,"","","Y","Reference {[]} {[CanonicalType[http://hl7.org/fhir/StructureDefinition/Patient], CanonicalType[http://hl7.org/fhir/StructureDefinition/Practitioner], CanonicalType[http://hl7.org/fhir/StructureDefinition/Group], CanonicalType[http://hl7.org/fhir/StructureDefinition/Device], CanonicalType[http://hl7.org/fhir/StructureDefinition/Location]]}
","Who and/or what the composition is about","Berkaitan dengan subjek dari Composition itu sendiri yang setiap datanya direpresentasikan dengan tipe data Reference yang direferensikan ke data yang tersimpan di resource Patient.","For clinical documents, this is usually the patient.","Essential metadata for searching for the composition. Identifies who and/or what the composition/document is about.","","","","","","","",,,,,"",,,,"Composition.subject",0,1,"","ele-1:All FHIR elements must have a @value or children {hasValue() or (children().count() > id.count())}
",".participation[typeCode=""SBJ""].role[typeCode=""PAT""]",".recordTarget","DocumentReference.subject","FiveWs.subject[x]","FiveWs.subject"
"Composition.subject.id","Composition.subject.id","","","",0,1,"","","","string {[]} {[]}
","Unique id for inter-element referencing","Unique id for the element within a resource (for internal references). This may be any string value that does not contain spaces.","","","","","","","","","",,,,,"",,,,"Element.id",0,1,"","","n/a"
"Composition.subject.extension","Composition.subject.extension","","extensions
user content","",0,*,"","","","Extension {[]} {[]}
","Additional content defined by implementations","May be used to represent additional information that is not part of the basic definition of the element. To make the use of extensions safe and manageable, there is a strict set of governance  applied to the definition and use of extensions. Though any implementer can define an extension, there is a set of requirements that SHALL be met as part of the definition of the extension.","There can be no stigma associated with the use of extensions by any application, project, or standard - regardless of the institution or jurisdiction that uses or defines the extensions.  The use of extensions is what allows the FHIR specification to retain a core level of simplicity for everyone.","","","","","","","","",,,,,"","value:url}
","Extensions are always sliced by (at least) url",,"open","Element.extension",0,*,"","ele-1:All FHIR elements must have a @value or children {hasValue() or (children().count() > id.count())}
ext-1:Must have either extensions or value[x], not both {extension.exists() != value.exists()}","n/a"
"Composition.subject.reference","Composition.subject.reference","","","",0,1,"","","Y","string {[]} {[]}
","Literal reference, Relative, internal or absolute URL","Berisi subjek dari Composition, yang diisikan dengan ID Patient.","Using absolute URLs provides a stable scalable approach suitable for a cloud/web context, while using relative/logical references provides a flexible approach suitable for use when trading across closed eco-system boundaries.   Absolute URLs do not need to point to a FHIR RESTful server, though this is the preferred approach. If the URL conforms to the structure ""/[type]/[id]"" then it should be assumed that the reference is to a FHIR RESTful server.","","","","","","","","",,,,,"",,,,"Reference.reference",0,1,"ref-1
","ele-1:All FHIR elements must have a @value or children {hasValue() or (children().count() > id.count())}
","N/A"
"Composition.subject.type","Composition.subject.type","","","",0,1,"","","Y","uri {[]} {[]}
","Type the reference refers to (e.g. ""Patient"")","The expected type of the target of the reference. If both Reference.type and Reference.reference are populated and Reference.reference is a FHIR URL, both SHALL be consistent.

The type is the Canonical URL of Resource Definition that is the type this reference refers to. References are URLs that are relative to http://hl7.org/fhir/StructureDefinition/ e.g. ""Patient"" is a reference to http://hl7.org/fhir/StructureDefinition/Patient. Absolute URLs are only allowed for logical models (and can only be used in references in logical models, not resources).","This element is used to indicate the type of  the target of the reference. This may be used which ever of the other elements are populated (or not). In some cases, the type of the target may be determined by inspection of the reference (e.g. a RESTful URL) or by resolving the target of the reference; if both the type and a reference is provided, the reference SHALL resolve to a resource of the same type as that specified.","","","","","","","","",,"extensible","Aa resource (or, for logical models, the URI of the logical model).","http://hl7.org/fhir/ValueSet/resource-types|4.0.1","",,,,"Reference.type",0,1,"","ele-1:All FHIR elements must have a @value or children {hasValue() or (children().count() > id.count())}
","N/A"
"Composition.subject.identifier","Composition.subject.identifier","","","",0,1,"","","Y","Identifier {[]} {[]}
","Logical reference, when literal reference is not known","An identifier for the target resource. This is used when there is no way to reference the other resource directly, either because the entity it represents is not available through a FHIR server, or because there is no way for the author of the resource to convert a known identifier to an actual location. There is no requirement that a Reference.identifier point to something that is actually exposed as a FHIR instance, but it SHALL point to a business concept that would be expected to be exposed as a FHIR instance, and that instance would need to be of a FHIR resource type allowed by the reference.","When an identifier is provided in place of a reference, any system processing the reference will only be able to resolve the identifier to a reference if it understands the business context in which the identifier is used. Sometimes this is global (e.g. a national identifier) but often it is not. For this reason, none of the useful mechanisms described for working with references (e.g. chaining, includes) are possible, nor should servers be expected to be able resolve the reference. Servers may accept an identifier based reference untouched, resolve it, and/or reject it - see CapabilityStatement.rest.resource.referencePolicy. 

When both an identifier and a literal reference are provided, the literal reference is preferred. Applications processing the resource are allowed - but not required - to check that the identifier matches the literal reference

Applications converting a logical reference to a literal reference may choose to leave the logical reference present, or remove it.

Reference is intended to point to a structure that can potentially be expressed as a FHIR resource, though there is no need for it to exist as an actual FHIR resource instance - except in as much as an application wishes to actual find the target of the reference. The content referred to be the identifier must meet the logical constraints implied by any limitations on what resource types are permitted for the reference.  For example, it would not be legitimate to send the identifier for a drug prescription if the type were Reference(Observation|DiagnosticReport).  One of the use-cases for Reference.identifier is the situation where no FHIR representation exists (where the type is Reference (Any).","","","","","","","","",,,,,"",,,,"Reference.identifier",0,1,"","ele-1:All FHIR elements must have a @value or children {hasValue() or (children().count() > id.count())}
",".identifier"
"Composition.subject.display","Composition.subject.display","","","",0,1,"","","Y","string {[]} {[]}
","Text alternative for the resource","Berisi Nama pasien dalam bentuk free text.","This is generally not the same as the Resource.text of the referenced resource.  The purpose is to identify what's being referenced, not to fully describe it.","","","","","","","","",,,,,"",,,,"Reference.display",0,1,"","ele-1:All FHIR elements must have a @value or children {hasValue() or (children().count() > id.count())}
","N/A"
"Composition.encounter","Composition.encounter","","","",0,1,"","","Y","Reference {[]} {[CanonicalType[http://hl7.org/fhir/StructureDefinition/Encounter|4.0.1]]}
","Context of the Composition","Berisi informasi terkait kunjungan di mana diagnosis ditegakkan yang setiap datanya direpresentasikan dengan tipe data Reference yang direferensikan ke data yang tersimpan di resources Encounter di mana diagnosis ini dibuat.","","Provides context for the composition and supports searching.","","","","","","","",,,,,"",,,,"Composition.encounter",0,1,"","ele-1:All FHIR elements must have a @value or children {hasValue() or (children().count() > id.count())}
","Event.context","unique(highest(./outboundRelationship[typeCode=""SUBJ"" and isNormalActRelationship()], priorityNumber)/target[moodCode=""EVN"" and classCode=(""ENC"", ""PCPR"") and isNormalAct])",".componentOf.encompassingEncounter","DocumentReference.context.encounter","FiveWs.context"
"Composition.date","Composition.date","","","",1,1,"","","Y","dateTime {[]} {[]}
","Composition editing time","Berisi waktu terakhir composition dibuat atau diedit dengan tipe data dateTime, dengan format yang diperbolehkan YYYY, YYYY-MM, YYYY-MM-DD atau YYYY-MM-DDThh:mm:ss+zz:zz.","The Last Modified Date on the composition may be after the date of the document was attested without being changed.","dateTime is used for tracking, organizing versions and searching. Note that this is the time of *authoring*. When packaged in a document, [Bundle.timestamp](http://hl7.org/fhir/R4/bundle-definitions.html#Bundle.timestamp) is the date of packaging.","","","","","","","",,,,,"",,,,"Composition.date",1,1,"","ele-1:All FHIR elements must have a @value or children {hasValue() or (children().count() > id.count())}
","Event.occurrence[x]",".effectiveTime[type=""TS""]",".effectiveTime","DocumentReference.content.attachment.date, DocumentReference.created","FiveWs.done[x]"
"Composition.author","Composition.author","","","",1,1,"","","Y","Reference {[]} {[CanonicalType[http://hl7.org/fhir/StructureDefinition/Practitioner|4.0.1], CanonicalType[http://hl7.org/fhir/StructureDefinition/PractitionerRole|4.0.1], CanonicalType[http://hl7.org/fhir/StructureDefinition/Device|4.0.1], CanonicalType[http://hl7.org/fhir/StructureDefinition/Patient|4.0.1], CanonicalType[http://hl7.org/fhir/StructureDefinition/RelatedPerson|4.0.1], CanonicalType[http://hl7.org/fhir/StructureDefinition/Organization|4.0.1]]}
","Who and/or what authored the composition","Berisi informasi siapa saja yang membuat Composition. Pada bagian ini berisi data dengan tipe data Reference yang direferensikan ke data yang tersimpan di resource Practitioner | PractitionerRole | Device | Patient | RelatedPerson | Organization.","","Identifies who is responsible for the content.","","","","","","","",,,,,"",,,,"Composition.author",1,*,"","ele-1:All FHIR elements must have a @value or children {hasValue() or (children().count() > id.count())}
","Event.performer",".participation[typeCode=""AUT""].role[classCode=""ASSIGNED""]",".author.assignedAuthor","DocumentReference.agent","FiveWs.author"
"Composition.title","Composition.title","","","",1,1,"","","Y","string {[]} {[]}
","Human Readable name/title","Berisi judul dari dokumen Composition dengan tipe data string.","For many compositions, the title is the same as the text or a display name of Composition.type (e.g. a ""consultation"" or ""progress note""). Note that CDA does not make title mandatory, but there are no known cases where it is useful for title to be omitted, so it is mandatory here. Feedback on this requirement is welcome during the trial use period.","","","","","","","","",,,,,"",,,,"Composition.title",1,1,"","ele-1:All FHIR elements must have a @value or children {hasValue() or (children().count() > id.count())}
","./title",".title","DocumentReference.description, DocumentReference.content.attachment.title"
"Composition.confidentiality","Composition.confidentiality","","","",0,1,"","","Y","code {[]} {[]}
","As defined by affinity domain","Berisi status terkait kerahasiaan dokumen yang setiap datanya direpresentasikan dengan tipe data code, yang nilainya mengacu pada data terminologi v3.ConfidentialityClassification.","The exact use of this element, and enforcement and issues related to highly sensitive documents are out of scope for the base specification, and delegated to implementation profiles (see security section).  This element is labeled as a modifier because highly confidential documents must not be treated as if they are not.","","","","","","","","",,"required","Codes specifying the level of confidentiality of the composition.","http://terminology.hl7.org/ValueSet/v3-ConfidentialityClassification|2014-03-26","",,,,"Composition.confidentiality",0,1,"","ele-1:All FHIR elements must have a @value or children {hasValue() or (children().count() > id.count())}
",".confidentialityCode",".confidentialityCode","DocumentReference.securityLabel"
"Composition.attester","Composition.attester","","","",0,*,"","","","BackboneElement {[]} {[]}
","Attests to accuracy of composition","Berisi satu atau lebih data peserta yang telah membuktikan keakuratan komposisi/dokumen dengan tipe BackboneElement.","Only list each attester once.","Identifies responsibility for the accuracy of the composition content.","","","","","","","",,,,,"",,,,"Composition.attester",0,*,"","ele-1:All FHIR elements must have a @value or children {hasValue() or (children().count() > id.count())}
",".participation[typeCode=""AUTHEN""].role[classCode=""ASSIGNED""]",".authenticator/.legalAuthenticator","DocumentReference.authenticator"
"Composition.attester.id","Composition.attester.id","","","",0,1,"","","","string {[]} {[]}
","Unique id for inter-element referencing","Unique id for the element within a resource (for internal references). This may be any string value that does not contain spaces.","","","","","","","","","",,,,,"",,,,"Element.id",0,1,"","","n/a"
"Composition.attester.extension","Composition.attester.extension","","extensions
user content","",0,*,"","","","Extension {[]} {[]}
","Additional content defined by implementations","May be used to represent additional information that is not part of the basic definition of the element. To make the use of extensions safe and manageable, there is a strict set of governance  applied to the definition and use of extensions. Though any implementer can define an extension, there is a set of requirements that SHALL be met as part of the definition of the extension.","There can be no stigma associated with the use of extensions by any application, project, or standard - regardless of the institution or jurisdiction that uses or defines the extensions.  The use of extensions is what allows the FHIR specification to retain a core level of simplicity for everyone.","","","","","","","","",,,,,"",,,,"Element.extension",0,*,"","ele-1:All FHIR elements must have a @value or children {hasValue() or (children().count() > id.count())}
ext-1:Must have either extensions or value[x], not both {extension.exists() != value.exists()}","n/a"
"Composition.attester.modifierExtension","Composition.attester.modifierExtension","","extensions
user contentmodifiers","",0,*,"","Y","Y","Extension {[]} {[]}
","Extensions that cannot be ignored even if unrecognized","May be used to represent additional information that is not part of the basic definition of the element and that modifies the understanding of the element in which it is contained and/or the understanding of the containing element's descendants. Usually modifier elements provide negation or qualification. To make the use of extensions safe and manageable, there is a strict set of governance applied to the definition and use of extensions. Though any implementer can define an extension, there is a set of requirements that SHALL be met as part of the definition of the extension. Applications processing a resource are required to check for modifier extensions.

Modifier extensions SHALL NOT change the meaning of any elements on Resource or DomainResource (including cannot change the meaning of modifierExtension itself).","There can be no stigma associated with the use of extensions by any application, project, or standard - regardless of the institution or jurisdiction that uses or defines the extensions.  The use of extensions is what allows the FHIR specification to retain a core level of simplicity for everyone.","Modifier extensions allow for extensions that *cannot* be safely ignored to be clearly distinguished from the vast majority of extensions which can be safely ignored.  This promotes interoperability by eliminating the need for implementers to prohibit the presence of extensions. For further information, see the [definition of modifier extensions](http://hl7.org/fhir/R4/extensibility.html#modifierExtension).","","","","","","","",,,,,"",,,,"BackboneElement.modifierExtension",0,*,"","ele-1:All FHIR elements must have a @value or children {hasValue() or (children().count() > id.count())}
ext-1:Must have either extensions or value[x], not both {extension.exists() != value.exists()}","N/A"
"Composition.attester.mode","Composition.attester.mode","","","",1,1,"","","","code {[]} {[]}
","personal | professional | legal | official","Berisi informasi bagaimana seorang individu mengautentifikasi sebuah dokumen yang setiap datanya direpresentasikan dengan tipe data code, yang nilainya mengacu pada data terminologi Composition Attestation Mode.","","Indicates the level of authority of the attestation.","","","","","","","",,"required","The way in which a person authenticated a composition.","http://hl7.org/fhir/ValueSet/composition-attestation-mode|4.0.1","",,,,"Composition.attester.mode",1,1,"","ele-1:All FHIR elements must have a @value or children {hasValue() or (children().count() > id.count())}
","unique(./modeCode)","implied by .authenticator/.legalAuthenticator"
"Composition.attester.time","Composition.attester.time","","","",0,1,"","","","dateTime {[]} {[]}
","When the composition was attested","Berisi informasi mengenai kapan dokumen diautentifikasi dengan tipe data dateTime, dengan format yang diperbolehkan YYYY, YYYY-MM, YYYY-MM-DD atau YYYY-MM-DDThh:mm:ss+zz:zz.","","Identifies when the information in the composition was deemed accurate.  (Things may have changed since then.).","","","","","","","",,,,,"",,,,"Composition.attester.time",0,1,"","ele-1:All FHIR elements must have a @value or children {hasValue() or (children().count() > id.count())}
","./time[type=""TS"" and isNormalDatatype()]",".authenticator.time"
"Composition.attester.party","Composition.attester.party","","","",1,1,"","","","Reference {[]} {[CanonicalType[http://hl7.org/fhir/StructureDefinition/Patient|4.0.1], CanonicalType[http://hl7.org/fhir/StructureDefinition/RelatedPerson|4.0.1], CanonicalType[http://hl7.org/fhir/StructureDefinition/Practitioner|4.0.1], CanonicalType[http://hl7.org/fhir/StructureDefinition/PractitionerRole|4.0.1], CanonicalType[http://hl7.org/fhir/StructureDefinition/Organization|4.0.1]]}
","Who attested the composition","Berisi informasi siapa saja yang melakukan autentifikasi. Pada bagian ini berisi data dengan tipe data Reference yang direferensikan ke data yang tersimpan di resource Patient | RelatedPerson | Practitioner | PractitionerRole | Organization.","","Identifies who has taken on the responsibility for accuracy of the composition content.","","","","","","","",,,,,"",,,,"Composition.attester.party",0,1,"","ele-1:All FHIR elements must have a @value or children {hasValue() or (children().count() > id.count())}
","./role[classCode=""ASSIGNED"" and isNormalRole]/player[determinerCode=""INST"" and classCode=(""DEV"", ""PSN"") and isNormalEntity()] or ./role[classCode=""ASSIGNED"" and isNormalRole and not(player)]/scoper[determinerCode=""INST"" and classCode=""ORG"" and isNormalEntity()]",".authenticator.assignedEnttty","FiveWs.witness"
"Composition.custodian","Composition.custodian","","","",0,1,"","","Y","Reference {[]} {[CanonicalType[http://hl7.org/fhir/StructureDefinition/Organization|4.0.1]]}
","Organization which maintains the composition","Berisi informasi mengenai organisasi yang melakukan pemeliharaan terhadap dokumen dengan tipe data Reference yang direferensikan ke data yang tersimpan di resource Organization.","This is useful when documents are derived from a composition - provides guidance for how to get the latest version of the document. This is optional because this is sometimes not known by the authoring system, and can be inferred by context. However, it is important that this information be known when working with a derived document, so providing a custodian is encouraged.","Identifies where to go to find the current version, where to report issues, etc.","","","","","","","",,,,,"",,,,"Composition.custodian",0,1,"","ele-1:All FHIR elements must have a @value or children {hasValue() or (children().count() > id.count())}
",".participation[typeCode=""RCV""].role[classCode=""CUST""].scoper[classCode=""ORG"" and determinerCode=""INST""]",".custodian.assignedCustodian","DocumentReference.custodian"
"Composition.relatesTo","Composition.relatesTo","","","",0,*,"","","","BackboneElement {[]} {[]}
","Relationships to other compositions/documents","Berisi satu atau lebih data mengenai informasi hubungan komposisi ini dengan komposisi atau dokumen lain yang sudah ada dengan tipe data BackboneElement.","A document is a version specific composition.","","","","","","","","",,,,,"",,,,"Composition.relatesTo",0,*,"","ele-1:All FHIR elements must have a @value or children {hasValue() or (children().count() > id.count())}
",".outboundRelationship",".relatedDocument","DocumentReference.relatesTo"
"Composition.relatesTo.id","Composition.relatesTo.id","","","",0,1,"","","","string {[]} {[]}
","Unique id for inter-element referencing","Unique id for the element within a resource (for internal references). This may be any string value that does not contain spaces.","","","","","","","","","",,,,,"",,,,"Element.id",0,1,"","","n/a"
"Composition.relatesTo.extension","Composition.relatesTo.extension","","extensions
user content","",0,*,"","","","Extension {[]} {[]}
","Additional content defined by implementations","May be used to represent additional information that is not part of the basic definition of the element. To make the use of extensions safe and manageable, there is a strict set of governance  applied to the definition and use of extensions. Though any implementer can define an extension, there is a set of requirements that SHALL be met as part of the definition of the extension.","There can be no stigma associated with the use of extensions by any application, project, or standard - regardless of the institution or jurisdiction that uses or defines the extensions.  The use of extensions is what allows the FHIR specification to retain a core level of simplicity for everyone.","","","","","","","","",,,,,"",,,,"Element.extension",0,*,"","ele-1:All FHIR elements must have a @value or children {hasValue() or (children().count() > id.count())}
ext-1:Must have either extensions or value[x], not both {extension.exists() != value.exists()}","n/a"
"Composition.relatesTo.modifierExtension","Composition.relatesTo.modifierExtension","","extensions
user contentmodifiers","",0,*,"","Y","Y","Extension {[]} {[]}
","Extensions that cannot be ignored even if unrecognized","May be used to represent additional information that is not part of the basic definition of the element and that modifies the understanding of the element in which it is contained and/or the understanding of the containing element's descendants. Usually modifier elements provide negation or qualification. To make the use of extensions safe and manageable, there is a strict set of governance applied to the definition and use of extensions. Though any implementer can define an extension, there is a set of requirements that SHALL be met as part of the definition of the extension. Applications processing a resource are required to check for modifier extensions.

Modifier extensions SHALL NOT change the meaning of any elements on Resource or DomainResource (including cannot change the meaning of modifierExtension itself).","There can be no stigma associated with the use of extensions by any application, project, or standard - regardless of the institution or jurisdiction that uses or defines the extensions.  The use of extensions is what allows the FHIR specification to retain a core level of simplicity for everyone.","Modifier extensions allow for extensions that *cannot* be safely ignored to be clearly distinguished from the vast majority of extensions which can be safely ignored.  This promotes interoperability by eliminating the need for implementers to prohibit the presence of extensions. For further information, see the [definition of modifier extensions](http://hl7.org/fhir/R4/extensibility.html#modifierExtension).","","","","","","","",,,,,"",,,,"BackboneElement.modifierExtension",0,*,"","ele-1:All FHIR elements must have a @value or children {hasValue() or (children().count() > id.count())}
ext-1:Must have either extensions or value[x], not both {extension.exists() != value.exists()}","N/A"
"Composition.relatesTo.code","Composition.relatesTo.code","","","",1,1,"","","","code {[]} {[]}
","replaces | transforms | signs | appends","Berisi informasi mengenai tipe hubungan antar dokumen yang setiap datanya direpresentasikan dengan tipe data code, yang nilainya mengacu pada data terminologi DocumentRelationshipType.","If this document appends another document, then the document cannot be fully understood without also accessing the referenced document.","","","","","","","","",,"required","The type of relationship between documents.","http://hl7.org/fhir/ValueSet/document-relationship-type|4.0.1","",,,,"Composition.relatesTo.code",1,1,"","ele-1:All FHIR elements must have a @value or children {hasValue() or (children().count() > id.count())}
",".outboundRelationship.typeCode",".relatedDocument.typeCode","DocumentReference.relatesTo.code"
"Composition.relatesTo.target[x]","Composition.relatesTo.target[x]","","","",1,1,"","","","Identifier {[]} {[]}
Reference {[]} {[CanonicalType[http://hl7.org/fhir/StructureDefinition/Composition|4.0.1]]}","Target of the relationship","Merupakan target dari hubungan antar dokumen.","","","","","","","","","",,,,,"","type:$this}
","",,"closed","Composition.relatesTo.target[x]",1,1,"","ele-1:All FHIR elements must have a @value or children {hasValue() or (children().count() > id.count())}
",".target[classCode=""DOC"", moodCode=""EVN""].id",".relatedDocument.id","DocumentReference.relatesTo.target"
"Composition.relatesTo.target[x]:targetIdentifier","Composition.relatesTo.target[x]","targetIdentifier","","",0,1,"","","","Identifier {[]} {[]}
","Target of the relationship","Berisi target dari hubungan antar dokumen dengan tipe data Identifier.","","","","","","","","","",,,,,"",,,,"Composition.relatesTo.target[x]",1,1,"","ele-1:All FHIR elements must have a @value or children {hasValue() or (children().count() > id.count())}
",".target[classCode=""DOC"", moodCode=""EVN""].id",".relatedDocument.id","DocumentReference.relatesTo.target"
"Composition.relatesTo.target[x]:targetReference","Composition.relatesTo.target[x]","targetReference","","",0,1,"","","","Reference {[]} {[CanonicalType[http://hl7.org/fhir/StructureDefinition/Composition]]}
","Target of the relationship","Berisi target dari hubungan antar dokumen dengan tipe data Reference, yang direferensikan ke data yang tersimpan di resource Composition.","","","","","","","","","",,,,,"",,,,"Composition.relatesTo.target[x]",1,1,"","ele-1:All FHIR elements must have a @value or children {hasValue() or (children().count() > id.count())}
",".target[classCode=""DOC"", moodCode=""EVN""].id",".relatedDocument.id","DocumentReference.relatesTo.target"
"Composition.event","Composition.event","","","",0,*,"","","Y","BackboneElement {[]} {[]}
","The clinical service(s) being documented","Berisi satu atau lebih data layanan klinis, seperti kolonoskopi atau usus buntu, didokumentasikan dengan tipe data BackboneElement.","The event needs to be consistent with the type element, though can provide further information if desired.","Provides context for the composition and creates a linkage between a resource describing an event and the composition created describing the event.","","","","","","","",,,,,"",,,,"Composition.event",0,*,"","ele-1:All FHIR elements must have a @value or children {hasValue() or (children().count() > id.count())}
","outboundRelationship[typeCode=""SUBJ""].target[classCode<'ACT']",".documentationOf.serviceEvent","DocumentReference.event"
"Composition.event.id","Composition.event.id","","","",0,1,"","","","string {[]} {[]}
","Unique id for inter-element referencing","Unique id for the element within a resource (for internal references). This may be any string value that does not contain spaces.","","","","","","","","","",,,,,"",,,,"Element.id",0,1,"","","n/a"
"Composition.event.extension","Composition.event.extension","","extensions
user content","",0,*,"","","","Extension {[]} {[]}
","Additional content defined by implementations","May be used to represent additional information that is not part of the basic definition of the element. To make the use of extensions safe and manageable, there is a strict set of governance  applied to the definition and use of extensions. Though any implementer can define an extension, there is a set of requirements that SHALL be met as part of the definition of the extension.","There can be no stigma associated with the use of extensions by any application, project, or standard - regardless of the institution or jurisdiction that uses or defines the extensions.  The use of extensions is what allows the FHIR specification to retain a core level of simplicity for everyone.","","","","","","","","",,,,,"",,,,"Element.extension",0,*,"","ele-1:All FHIR elements must have a @value or children {hasValue() or (children().count() > id.count())}
ext-1:Must have either extensions or value[x], not both {extension.exists() != value.exists()}","n/a"
"Composition.event.modifierExtension","Composition.event.modifierExtension","","extensions
user contentmodifiers","",0,*,"","Y","Y","Extension {[]} {[]}
","Extensions that cannot be ignored even if unrecognized","May be used to represent additional information that is not part of the basic definition of the element and that modifies the understanding of the element in which it is contained and/or the understanding of the containing element's descendants. Usually modifier elements provide negation or qualification. To make the use of extensions safe and manageable, there is a strict set of governance applied to the definition and use of extensions. Though any implementer can define an extension, there is a set of requirements that SHALL be met as part of the definition of the extension. Applications processing a resource are required to check for modifier extensions.

Modifier extensions SHALL NOT change the meaning of any elements on Resource or DomainResource (including cannot change the meaning of modifierExtension itself).","There can be no stigma associated with the use of extensions by any application, project, or standard - regardless of the institution or jurisdiction that uses or defines the extensions.  The use of extensions is what allows the FHIR specification to retain a core level of simplicity for everyone.","Modifier extensions allow for extensions that *cannot* be safely ignored to be clearly distinguished from the vast majority of extensions which can be safely ignored.  This promotes interoperability by eliminating the need for implementers to prohibit the presence of extensions. For further information, see the [definition of modifier extensions](http://hl7.org/fhir/R4/extensibility.html#modifierExtension).","","","","","","","",,,,,"",,,,"BackboneElement.modifierExtension",0,*,"","ele-1:All FHIR elements must have a @value or children {hasValue() or (children().count() > id.count())}
ext-1:Must have either extensions or value[x], not both {extension.exists() != value.exists()}","N/A"
"Composition.event.code","Composition.event.code","","","",0,*,"","","Y","CodeableConcept {[]} {[]}
","Code(s) that apply to the event being documented","Berisi satu atau lebih data kode yang digunakan untuk mendokumentasikan informasi layanan klinis yang setiap datanya direpresentasikan dengan tipe data CodeableConcept.","An event can further specialize the act inherent in the typeCode, such as where it is simply ""Procedure Report"" and the procedure was a ""colonoscopy"". If one or more eventCodes are included, they SHALL NOT conflict with the values inherent in the classCode, practiceSettingCode or typeCode, as such a conflict would create an ambiguous situation. This short list of codes is provided to be used as key words for certain types of queries.","","","","","","","","",,"example","This list of codes represents the main clinical acts being documented.","http://terminology.hl7.org/ValueSet/v3-ActCode","",,,,"Composition.event.code",0,*,"","ele-1:All FHIR elements must have a @value or children {hasValue() or (children().count() > id.count())}
",".code",".code","DocumentReference.event.code"
"Composition.event.period","Composition.event.period","","","",0,1,"","","Y","Period {[]} {[]}
","The period covered by the documentation","Berisi informasi mengenai periode yang dicakup oleh dokumentasi layanan klinis dengan tipe data Period.","","","","","","","","","",,,,,"",,,,"Composition.event.period",0,1,"","ele-1:All FHIR elements must have a @value or children {hasValue() or (children().count() > id.count())}
",".effectiveTime",".effectiveTime","DocumentReference.event.period"
"Composition.event.detail","Composition.event.detail","","","",0,*,"","","Y","Reference {[]} {[CanonicalType[http://hl7.org/fhir/StructureDefinition/Resource|4.0.1]]}
","The event(s) being documented","Berisi satu atau lebih data mengenai detail event layanan klinis dengan tipe data Reference, yang direferensikan ke data yang tersimpan di resource Resource.","","","","","","","","","",,,,,"",,,,"Composition.event.detail",0,*,"","ele-1:All FHIR elements must have a @value or children {hasValue() or (children().count() > id.count())}
",".outboundRelationship[typeCode=""SUBJ""].target","n/a"
"Composition.section","Composition.section","","","",0,*,"","","","BackboneElement {[]} {[]}
","Composition is broken into sections","Berisi data awal dari bagian yang membentuk komposisi dengan tipe data BackboneElement.","","","","","","","","","",,,,,"",,,,"Composition.section",0,*,"","cmp-1:A section must contain at least one of text, entries, or sub-sections {text.exists() or entry.exists() or section.exists()}
cmp-2:A section can only have an emptyReason if it is empty {emptyReason.empty() or entry.empty()}ele-1:All FHIR elements must have a @value or children {hasValue() or (children().count() > id.count())}","./outboundRelationship[typeCode=""COMP"" and isNormalActRelationship()]/target[moodCode=""EVN"" and classCode=""DOCSECT"" and isNormalAct]",".component.structuredBody.component.section"
"Composition.section.id","Composition.section.id","","","",0,1,"","","","string {[]} {[]}
","Unique id for inter-element referencing","Unique id for the element within a resource (for internal references). This may be any string value that does not contain spaces.","","","","","","","","","",,,,,"",,,,"Element.id",0,1,"","","n/a"
"Composition.section.extension","Composition.section.extension","","extensions
user content","",0,*,"","","","Extension {[]} {[]}
","Additional content defined by implementations","May be used to represent additional information that is not part of the basic definition of the element. To make the use of extensions safe and manageable, there is a strict set of governance  applied to the definition and use of extensions. Though any implementer can define an extension, there is a set of requirements that SHALL be met as part of the definition of the extension.","There can be no stigma associated with the use of extensions by any application, project, or standard - regardless of the institution or jurisdiction that uses or defines the extensions.  The use of extensions is what allows the FHIR specification to retain a core level of simplicity for everyone.","","","","","","","","",,,,,"",,,,"Element.extension",0,*,"","ele-1:All FHIR elements must have a @value or children {hasValue() or (children().count() > id.count())}
ext-1:Must have either extensions or value[x], not both {extension.exists() != value.exists()}","n/a"
"Composition.section.modifierExtension","Composition.section.modifierExtension","","extensions
user contentmodifiers","",0,*,"","Y","Y","Extension {[]} {[]}
","Extensions that cannot be ignored even if unrecognized","May be used to represent additional information that is not part of the basic definition of the element and that modifies the understanding of the element in which it is contained and/or the understanding of the containing element's descendants. Usually modifier elements provide negation or qualification. To make the use of extensions safe and manageable, there is a strict set of governance applied to the definition and use of extensions. Though any implementer can define an extension, there is a set of requirements that SHALL be met as part of the definition of the extension. Applications processing a resource are required to check for modifier extensions.

Modifier extensions SHALL NOT change the meaning of any elements on Resource or DomainResource (including cannot change the meaning of modifierExtension itself).","There can be no stigma associated with the use of extensions by any application, project, or standard - regardless of the institution or jurisdiction that uses or defines the extensions.  The use of extensions is what allows the FHIR specification to retain a core level of simplicity for everyone.","Modifier extensions allow for extensions that *cannot* be safely ignored to be clearly distinguished from the vast majority of extensions which can be safely ignored.  This promotes interoperability by eliminating the need for implementers to prohibit the presence of extensions. For further information, see the [definition of modifier extensions](http://hl7.org/fhir/R4/extensibility.html#modifierExtension).","","","","","","","",,,,,"",,,,"BackboneElement.modifierExtension",0,*,"","ele-1:All FHIR elements must have a @value or children {hasValue() or (children().count() > id.count())}
ext-1:Must have either extensions or value[x], not both {extension.exists() != value.exists()}","N/A"
"Composition.section.title","Composition.section.title","","header
labelcaption","",0,1,"","","","string {[]} {[]}
","Label for section (e.g. for ToC)","Berisi informasi mengenai judul dari bagian Composition dengan tipe data string.","The title identifies the section for a human reader. The title must be consistent with the narrative of the resource that is the target of the section.content reference. Generally, sections SHOULD have titles, but in some documents, it is unnecessary or inappropriate. Typically, this is where a section has subsections that have their own adequately distinguishing title,  or documents that only have a single section. Most Implementation Guides will make section title to be a required element.","Section headings are often standardized for different types of documents.  They give guidance to humans on how the document is organized.","","","","","","","",,,,,"",,,,"Composition.section.title",0,1,"","ele-1:All FHIR elements must have a @value or children {hasValue() or (children().count() > id.count())}
","./title",".title"
"Composition.section.code","Composition.section.code","","","",0,1,"","","","CodeableConcept {[]} {[]}
","Classification of section (recommended)","Berisi data informasi yang berkaitan dengan kode yang mengidentifikasi jenis konten yang terkandung dalam bagian dimaksud yang harus konsisten dengan judul bagian dengan tipe data CodeableConcept.","The code identifies the section for an automated processor of the document. This is particularly relevant when using profiles to control the structure of the document.   

If the section has content (instead of sub-sections), the section.code does not change the meaning or interpretation of the resource that is the content of the section in the comments for the section.code.","Provides computable standardized labels to topics within the document.","","","","","","","",,"example","Classification of a section of a composition/document.","http://hl7.org/fhir/ValueSet/doc-section-codes|4.0.1","",,,,"Composition.section.code",0,1,"","ele-1:All FHIR elements must have a @value or children {hasValue() or (children().count() > id.count())}
","./code",".code"
"Composition.section.code.id","Composition.section.code.id","","","",0,1,"","","","string {[]} {[]}
","Unique id for inter-element referencing","Unique id for the element within a resource (for internal references). This may be any string value that does not contain spaces.","","","","","","","","","",,,,,"",,,,"Element.id",0,1,"","","n/a"
"Composition.section.code.extension","Composition.section.code.extension","","extensions
user content","",0,*,"","","","Extension {[]} {[]}
","Additional content defined by implementations","May be used to represent additional information that is not part of the basic definition of the element. To make the use of extensions safe and manageable, there is a strict set of governance  applied to the definition and use of extensions. Though any implementer can define an extension, there is a set of requirements that SHALL be met as part of the definition of the extension.","There can be no stigma associated with the use of extensions by any application, project, or standard - regardless of the institution or jurisdiction that uses or defines the extensions.  The use of extensions is what allows the FHIR specification to retain a core level of simplicity for everyone.","","","","","","","","",,,,,"","value:url}
","Extensions are always sliced by (at least) url",,"open","Element.extension",0,*,"","ele-1:All FHIR elements must have a @value or children {hasValue() or (children().count() > id.count())}
ext-1:Must have either extensions or value[x], not both {extension.exists() != value.exists()}","n/a"
"Composition.section.code.coding","Composition.section.code.coding","","","",0,*,"","","Y","Coding {[]} {[]}
","Code defined by a terminology system","Berisi satu atau lebih data kode status yang mengidentifikasi jenis konten yang terkandung dalam bagian dimaksud yang harus konsisten dengan judul bagian dengan tipe data Coding yang nilainya mengacu pada data terminologi LOINC.","Codes may be defined very casually in enumerations, or code lists, up to very formal definitions such as SNOMED CT - see the HL7 v3 Core Principles for more information.  Ordering of codings is undefined and SHALL NOT be used to infer meaning. Generally, at most only one of the coding values will be labeled as UserSelected = true.","Allows for alternative encodings within a code system, and translations to other code systems.","","","","","","","",,,,,"",,,,"CodeableConcept.coding",0,*,"","ele-1:All FHIR elements must have a @value or children {hasValue() or (children().count() > id.count())}
","union(., ./translation)"
"Composition.section.code.text","Composition.section.code.text","","","",0,1,"","","Y","string {[]} {[]}
","Plain text representation of the concept","A human language representation of the concept as seen/selected/uttered by the user who entered the data and/or which represents the intended meaning of the user.","Very often the text is the same as a displayName of one of the codings.","The codes from the terminologies do not always capture the correct meaning with all the nuances of the human using them, or sometimes there is no appropriate code at all. In these cases, the text is used to capture the full meaning of the source.","","","","","","","",,,,,"",,,,"CodeableConcept.text",0,1,"","ele-1:All FHIR elements must have a @value or children {hasValue() or (children().count() > id.count())}
","./originalText[mediaType/code=""text/plain""]/data"
"Composition.section.author","Composition.section.author","","","",0,*,"","","","Reference {[]} {[CanonicalType[http://hl7.org/fhir/StructureDefinition/Practitioner|4.0.1], CanonicalType[http://hl7.org/fhir/StructureDefinition/PractitionerRole|4.0.1], CanonicalType[http://hl7.org/fhir/StructureDefinition/Device|4.0.1], CanonicalType[http://hl7.org/fhir/StructureDefinition/Patient|4.0.1], CanonicalType[http://hl7.org/fhir/StructureDefinition/RelatedPerson|4.0.1], CanonicalType[http://hl7.org/fhir/StructureDefinition/Organization|4.0.1]]}
","Who and/or what authored the section","Berisi satu atau lebih data mengenai individu yang menuliskan bagian dari Composition. Pada bagian ini berisi data dengan tipe data Reference yang direferensikan ke data yang tersimpan di resource Practitioner | PractitionerRole | Device | Patient | RelatedPerson | Organization.","","Identifies who is responsible for the content.","","","","","","","",,,,,"",,,,"Composition.section.author",0,*,"","ele-1:All FHIR elements must have a @value or children {hasValue() or (children().count() > id.count())}
",".participation[typeCode=""AUT""].role[classCode=""ASSIGNED""]",".author.assignedAuthor","FiveWs.author"
"Composition.section.focus","Composition.section.focus","","","",0,1,"","","","Reference {[]} {[CanonicalType[http://hl7.org/fhir/StructureDefinition/Resource|4.0.1]]}
","Who/what the section is about, when it is not about the subject of composition","Berisi data mengenai fokus dari bagian Composition.","Typically, sections in a doument are about the subject of the document, whether that is a  patient, or group of patients, location, or device, or whatever. For some kind of documents, some sections actually contain data about related entities. Typical examples are  a section in a newborn discharge summary concerning the mother, or family history documents, with a section about each family member, though there are many other examples.","","","","","","","","",,,,,"",,,,"Composition.section.focus",0,1,"","ele-1:All FHIR elements must have a @value or children {hasValue() or (children().count() > id.count())}
",".subject? (CDA did not differentiate between subject and focus)"
"Composition.section.text","Composition.section.text","","","",0,1,"","","","Narrative {[]} {[]}
","Text summary of the section, for human interpretation","Berisi data mengenai ringkasan teks yang diambil dari Composition dengan tipe data Narrative.","Document profiles may define what content should be represented in the narrative to ensure clinical safety.","","","","","","","","",,,,,"",,,,"Composition.section.text",0,1,"cmp-1
","ele-1:All FHIR elements must have a @value or children {hasValue() or (children().count() > id.count())}
",".text",".text"
"Composition.section.text.id","Composition.section.text.id","","","",0,1,"","","","string {[]} {[]}
","Unique id for inter-element referencing","Unique id for the element within a resource (for internal references). This may be any string value that does not contain spaces.","","","","","","","","","",,,,,"",,,,"Element.id",0,1,"","","n/a"
"Composition.section.text.extension","Composition.section.text.extension","","extensions
user content","",0,*,"","","","Extension {[]} {[]}
","Additional content defined by implementations","May be used to represent additional information that is not part of the basic definition of the element. To make the use of extensions safe and manageable, there is a strict set of governance  applied to the definition and use of extensions. Though any implementer can define an extension, there is a set of requirements that SHALL be met as part of the definition of the extension.","There can be no stigma associated with the use of extensions by any application, project, or standard - regardless of the institution or jurisdiction that uses or defines the extensions.  The use of extensions is what allows the FHIR specification to retain a core level of simplicity for everyone.","","","","","","","","",,,,,"","value:url}
","Extensions are always sliced by (at least) url",,"open","Element.extension",0,*,"","ele-1:All FHIR elements must have a @value or children {hasValue() or (children().count() > id.count())}
ext-1:Must have either extensions or value[x], not both {extension.exists() != value.exists()}","n/a"
"Composition.section.text.status","Composition.section.text.status","","","",1,1,"","","","code {[]} {[]}
","generated | extensions | additional | empty","Berisi status dari ringkasan teks yang diambil, di mana setiap datanya direpresentasikan dengan tipe data code yang mengacu pada CodeSystem narrative-status.","","","","","","","","","",,"required","The status of a resource narrative.","http://hl7.org/fhir/ValueSet/narrative-status|4.0.1","",,,,"Narrative.status",1,1,"","ele-1:All FHIR elements must have a @value or children {hasValue() or (children().count() > id.count())}
","N/A"
"Composition.section.text.div","Composition.section.text.div","","","",1,1,"","","","xhtml {[]} {[]}
","Limited xhtml content","Berisi informasi yang berkaitan dengan konten narasi faktual pada versi XHTML yang terbagi dan mengikuti.","The contents of the html element are an XHTML fragment containing only the basic html formatting elements described in chapters 7-11 and 15 of the HTML 4.0 standard, <a> elements (either name or href), images and internally contained stylesheets. The XHTML content SHALL NOT contain a head, a body, external stylesheet references, scripts, forms, base/link/xlink, frames, iframes and objects.","","","","","","","","",,,,,"",,,,"Narrative.div",1,1,"","ele-1:All FHIR elements must have a @value or children {hasValue() or (children().count() > id.count())}
txt-1:The narrative SHALL contain only the basic html formatting elements and attributes described in chapters 7-11 (except section 4 of chapter 9) and 15 of the HTML 4.0 standard, <a> elements (either name or href), images and internally contained style attributes {htmlChecks()}txt-2:The narrative SHALL have some non-whitespace content {htmlChecks()}","N/A"
"Composition.section.mode","Composition.section.mode","","","",0,1,"","","","code {[]} {[]}
","working | snapshot | changes","Berisi informasi mengenai bagaimana suatu entri disiapkan untuk dijadikan ke dalam dokumentasi Composition yang setiap datanya direpresentasikan dengan tipe data code yang mengacu pada CodeSystem list-mode.","This element is labeled as a modifier because a change list must not be misunderstood as a complete list.","Sections are used in various ways, and it must be known in what way it is safe to use the entries in them.","","","","","","","",,"required","The processing mode that applies to this section.","http://hl7.org/fhir/ValueSet/list-mode|4.0.1","",,,,"Composition.section.mode",0,1,"","ele-1:All FHIR elements must have a @value or children {hasValue() or (children().count() > id.count())}
",".outBoundRelationship[typeCode=COMP].target[classCode=OBS""].value","n/a","FiveWs.class"
"Composition.section.orderedBy","Composition.section.orderedBy","","","",0,1,"","","","CodeableConcept {[]} {[]}
","Order of section entries","Berisi informasi mengenai bagaimana suatu urutan item dalam bagian Composition diurutkan dengan tipe data CodeableConcept.","Applications SHOULD render ordered lists in the order provided, but MAY allow users to re-order based on their own preferences as well. If there is no order specified, the order is unknown, though there may still be some order.","Important for presentation and rendering.  Lists may be sorted to place more important information first or to group related entries.","","","","","","","",,"preferred","What order applies to the items in the entry.","http://hl7.org/fhir/ValueSet/list-order|4.0.1","",,,,"Composition.section.orderedBy",0,1,"","ele-1:All FHIR elements must have a @value or children {hasValue() or (children().count() > id.count())}
",".outboundRelationship[typeCode=COMP].sequenceNumber > 1","n/a"
"Composition.section.orderedBy.id","Composition.section.orderedBy.id","","","",0,1,"","","","string {[]} {[]}
","Unique id for inter-element referencing","Unique id for the element within a resource (for internal references). This may be any string value that does not contain spaces.","","","","","","","","","",,,,,"",,,,"Element.id",0,1,"","","n/a"
"Composition.section.orderedBy.extension","Composition.section.orderedBy.extension","","extensions
user content","",0,*,"","","","Extension {[]} {[]}
","Additional content defined by implementations","May be used to represent additional information that is not part of the basic definition of the element. To make the use of extensions safe and manageable, there is a strict set of governance  applied to the definition and use of extensions. Though any implementer can define an extension, there is a set of requirements that SHALL be met as part of the definition of the extension.","There can be no stigma associated with the use of extensions by any application, project, or standard - regardless of the institution or jurisdiction that uses or defines the extensions.  The use of extensions is what allows the FHIR specification to retain a core level of simplicity for everyone.","","","","","","","","",,,,,"","value:url}
","Extensions are always sliced by (at least) url",,"open","Element.extension",0,*,"","ele-1:All FHIR elements must have a @value or children {hasValue() or (children().count() > id.count())}
ext-1:Must have either extensions or value[x], not both {extension.exists() != value.exists()}","n/a"
"Composition.section.orderedBy.coding","Composition.section.orderedBy.coding","","","",0,*,"","","Y","Coding {[]} {[]}
","Code defined by a terminology system","Berisi data kode urutan item Composition dengan tipe data coding yang nilainya mengacu pada data terminologi list-order.","Codes may be defined very casually in enumerations, or code lists, up to very formal definitions such as SNOMED CT - see the HL7 v3 Core Principles for more information.  Ordering of codings is undefined and SHALL NOT be used to infer meaning. Generally, at most only one of the coding values will be labeled as UserSelected = true.","Allows for alternative encodings within a code system, and translations to other code systems.","","","","","","","",,,,,"",,,,"CodeableConcept.coding",0,*,"","ele-1:All FHIR elements must have a @value or children {hasValue() or (children().count() > id.count())}
","union(., ./translation)"
"Composition.section.orderedBy.text","Composition.section.orderedBy.text","","","",0,1,"","","Y","string {[]} {[]}
","Plain text representation of the concept","A human language representation of the concept as seen/selected/uttered by the user who entered the data and/or which represents the intended meaning of the user.","Very often the text is the same as a displayName of one of the codings.","The codes from the terminologies do not always capture the correct meaning with all the nuances of the human using them, or sometimes there is no appropriate code at all. In these cases, the text is used to capture the full meaning of the source.","","","","","","","",,,,,"",,,,"CodeableConcept.text",0,1,"","ele-1:All FHIR elements must have a @value or children {hasValue() or (children().count() > id.count())}
","./originalText[mediaType/code=""text/plain""]/data"
"Composition.section.entry","Composition.section.entry","","","",0,*,"","","","Reference {[]} {[CanonicalType[http://hl7.org/fhir/StructureDefinition/Resource|4.0.1]]}
","A reference to data that supports this section","Berisi satu atau lebih data mengenai referensi data yang mendukung pada bagian Composition ini. Pada bagian ini berisi data dengan tipe data Reference yang direferensikan ke data yang tersimpan di semua resource yang ada dalam FHIR.","If there are no entries in the list, an emptyReason SHOULD be provided.","","","","","","","","",,,,,"",,,,"Composition.section.entry",0,*,"cmp-2
","ele-1:All FHIR elements must have a @value or children {hasValue() or (children().count() > id.count())}
",".outboundRelationship[typeCode=COMP] or  .participation[typeCode=SBJ]",".entry"
"Composition.section.emptyReason","Composition.section.emptyReason","","","",0,1,"","","","CodeableConcept {[]} {[]}
","Why the section is empty","Berisi informasi mengenai alasan mengapa suatu bagian dari Composition kosong yang setiap datanya direpresentasikan dengan tipe data CodeableConcept.","The various reasons for an empty section make a significant interpretation to its interpretation. Note that this code is for use when the entire section content has been suppressed, and not for when individual items are omitted - implementers may consider using a text note or a flag on an entry in these cases.","Allows capturing things like ""none exist"" or ""not asked"" which can be important for most lists.","","","","","","","",,"preferred","If a section is empty, why it is empty.","http://hl7.org/fhir/ValueSet/list-empty-reason|4.0.1","",,,,"Composition.section.emptyReason",0,1,"cmp-2
","ele-1:All FHIR elements must have a @value or children {hasValue() or (children().count() > id.count())}
",".inboundRelationship[typeCode=SUBJ,code<ListEmptyReason].value[type=CD]","n/a"
"Composition.section.emptyReason.id","Composition.section.emptyReason.id","","","",0,1,"","","","string {[]} {[]}
","Unique id for inter-element referencing","Unique id for the element within a resource (for internal references). This may be any string value that does not contain spaces.","","","","","","","","","",,,,,"",,,,"Element.id",0,1,"","","n/a"
"Composition.section.emptyReason.extension","Composition.section.emptyReason.extension","","extensions
user content","",0,*,"","","","Extension {[]} {[]}
","Additional content defined by implementations","May be used to represent additional information that is not part of the basic definition of the element. To make the use of extensions safe and manageable, there is a strict set of governance  applied to the definition and use of extensions. Though any implementer can define an extension, there is a set of requirements that SHALL be met as part of the definition of the extension.","There can be no stigma associated with the use of extensions by any application, project, or standard - regardless of the institution or jurisdiction that uses or defines the extensions.  The use of extensions is what allows the FHIR specification to retain a core level of simplicity for everyone.","","","","","","","","",,,,,"","value:url}
","Extensions are always sliced by (at least) url",,"open","Element.extension",0,*,"","ele-1:All FHIR elements must have a @value or children {hasValue() or (children().count() > id.count())}
ext-1:Must have either extensions or value[x], not both {extension.exists() != value.exists()}","n/a"
"Composition.section.emptyReason.coding","Composition.section.emptyReason.coding","","","",0,*,"","","Y","Coding {[]} {[]}
","Code defined by a terminology system","Berisi data kode status mengapa suatu Composition kosong dengan tipe data Coding yang nilainya mengacu pada data terminologi list-empty-reason.","Codes may be defined very casually in enumerations, or code lists, up to very formal definitions such as SNOMED CT - see the HL7 v3 Core Principles for more information.  Ordering of codings is undefined and SHALL NOT be used to infer meaning. Generally, at most only one of the coding values will be labeled as UserSelected = true.","Allows for alternative encodings within a code system, and translations to other code systems.","","","","","","","",,,,,"",,,,"CodeableConcept.coding",0,*,"","ele-1:All FHIR elements must have a @value or children {hasValue() or (children().count() > id.count())}
","union(., ./translation)"
"Composition.section.emptyReason.text","Composition.section.emptyReason.text","","","",0,1,"","","Y","string {[]} {[]}
","Plain text representation of the concept","A human language representation of the concept as seen/selected/uttered by the user who entered the data and/or which represents the intended meaning of the user.","Very often the text is the same as a displayName of one of the codings.","The codes from the terminologies do not always capture the correct meaning with all the nuances of the human using them, or sometimes there is no appropriate code at all. In these cases, the text is used to capture the full meaning of the source.","","","","","","","",,,,,"",,,,"CodeableConcept.text",0,1,"","ele-1:All FHIR elements must have a @value or children {hasValue() or (children().count() > id.count())}
","./originalText[mediaType/code=""text/plain""]/data"
"Composition.section.section","Composition.section.section","","","",0,*,"","","","null {[]} {[]}
","Nested Section","Berisi data sub-bagian dengan tipe data see (section).","Nested sections are primarily used to help human readers navigate to particular portions of the document.","","","","","","","","",,,,,"",,,,"Composition.section.section",0,*,"cmp-1
","ele-1:All FHIR elements must have a @value or children {hasValue() or (children().count() > id.count())}
","./outboundRelationship[typeCode=""COMP"" and isNormalActRelationship()]/target[moodCode=""EVN"" and classCode=""DOCSECT"" and isNormalAct]",".component.section"
