"Id","Path","Slice Name","Alias(s)","Label","Min","Max","Must Support?","Is Modifier?","Is Summary?","Type(s)","Short","Definition","Comments","Requirements","Default Value","Meaning When Missing","Fixed Value","Pattern","Example","Minimum Value","Maximum Value","Maximum Length","Binding Strength","Binding Description","Binding Value Set","Code","Slicing Discriminator","Slicing Description","Slicing Ordered","Slicing Rules","Base Path","Base Min","Base Max","Condition(s)","Constraint(s)","Mapping: Workflow Pattern","Mapping: Mapping to NCPDP SCRIPT 10.6","Mapping: RIM Mapping","Mapping: FiveWs Pattern Mapping","Mapping: HL7 v2 Mapping"
"MedicationRequest","MedicationRequest","","Prescription
Order","",0,*,"","","","null {[]} {[]}
","Ordering of medication for patient or group","An order or request for both supply of the medication and the instructions for administration of the medication to a patient. The resource is called ""MedicationRequest"" rather than ""MedicationPrescription"" or ""MedicationOrder"" to generalize the use across inpatient and outpatient settings, including care plans, etc., and to harmonize with workflow patterns.","","","","","","","","","",,,,,"",,,,"MedicationRequest",0,*,"","dom-2:If the resource is contained in another resource, it SHALL NOT contain nested Resources {contained.contained.empty()}
dom-3:If the resource is contained in another resource, it SHALL be referred to from elsewhere in the resource or SHALL refer to the containing resource {contained.where((('#'+id in (%resource.descendants().reference | %resource.descendants().as(canonical) | %resource.descendants().as(uri) | %resource.descendants().as(url))) or descendants().where(reference = '#').exists() or descendants().where(as(canonical) = '#').exists() or descendants().where(as(canonical) = '#').exists()).not()).trace('unmatched', id).empty()}dom-4:If a resource is contained in another resource, it SHALL NOT have a meta.versionId or a meta.lastUpdated {contained.meta.versionId.empty() and contained.meta.lastUpdated.empty()}dom-5:If a resource is contained in another resource, it SHALL NOT have a security label {contained.meta.security.empty()}dom-6:A resource should have narrative for robust management {text.`div`.exists()}","Request","Message/Body/NewRx","Entity. Role, or Act","CombinedMedicationRequest"
"MedicationRequest.id","MedicationRequest.id","","","",0,1,"","","Y","id {[]} {[]}
","Logical id of this artifact","The logical id of the resource, as used in the URL for the resource. Once assigned, this value never changes.","The only time that a resource does not have an id is when it is being submitted to the server using a create operation.","","","","","","","","",,,,,"",,,,"Resource.id",0,1,"",""
"MedicationRequest.meta","MedicationRequest.meta","","","",0,1,"","","Y","Meta {[]} {[]}
","Metadata about the resource","The metadata about the resource. This is content that is maintained by the infrastructure. Changes to the content might not always be associated with version changes to the resource.","","","","","","","","","",,,,,"",,,,"Resource.meta",0,1,"","ele-1:All FHIR elements must have a @value or children {hasValue() or (children().count() > id.count())}
"
"MedicationRequest.implicitRules","MedicationRequest.implicitRules","","","",0,1,"","Y","Y","uri {[]} {[]}
","A set of rules under which this content was created","A reference to a set of rules that were followed when the resource was constructed, and which must be understood when processing the content. Often, this is a reference to an implementation guide that defines the special rules along with other profiles etc.","Asserting this rule set restricts the content to be only understood by a limited set of trading partners. This inherently limits the usefulness of the data in the long term. However, the existing health eco-system is highly fractured, and not yet ready to define, collect, and exchange data in a generally computable sense. Wherever possible, implementers and/or specification writers should avoid using this element. Often, when used, the URL is a reference to an implementation guide that defines these special rules as part of it's narrative along with other profiles, value sets, etc.","","","","","","","","",,,,,"",,,,"Resource.implicitRules",0,1,"","ele-1:All FHIR elements must have a @value or children {hasValue() or (children().count() > id.count())}
"
"MedicationRequest.language","MedicationRequest.language","","","",0,1,"","","","code {[]} {[]}
","Language of the resource content","The base language in which the resource is written.","Language is provided to support indexing and accessibility (typically, services such as text to speech use the language tag). The html language tag in the narrative applies  to the narrative. The language tag on the resource may be used to specify the language of other presentations generated from the data in the resource. Not all the content has to be in the base language. The Resource.language should not be assumed to apply to the narrative automatically. If a language is specified, it should it also be specified on the div element in the html (see rules in HTML5 for information about the relationship between xml:lang and the html lang attribute).","","","","","","","","",,"preferred","A human language.","http://hl7.org/fhir/ValueSet/languages|4.0.1","",,,,"Resource.language",0,1,"","ele-1:All FHIR elements must have a @value or children {hasValue() or (children().count() > id.count())}
"
"MedicationRequest.text","MedicationRequest.text","","narrative
htmlxhtmldisplay","",0,1,"","","","Narrative {[]} {[]}
","Text summary of the resource, for human interpretation","A human-readable narrative that contains a summary of the resource and can be used to represent the content of the resource to a human. The narrative need not encode all the structured data, but is required to contain sufficient detail to make it ""clinically safe"" for a human to just read the narrative. Resource definitions may define what content should be represented in the narrative to ensure clinical safety.","Contained resources do not have narrative. Resources that are not contained SHOULD have a narrative. In some cases, a resource may only have text with little or no additional discrete data (as long as all minOccurs=1 elements are satisfied).  This may be necessary for data from legacy systems where information is captured as a ""text blob"" or where text is additionally entered raw or narrated and encoded information is added later.","","","","","","","","",,,,,"",,,,"DomainResource.text",0,1,"","ele-1:All FHIR elements must have a @value or children {hasValue() or (children().count() > id.count())}
","Act.text?"
"MedicationRequest.contained","MedicationRequest.contained","","inline resources
anonymous resourcescontained resources","",0,*,"","","","Resource {[]} {[]}
","Contained, inline Resources","These resources do not have an independent existence apart from the resource that contains them - they cannot be identified independently, and nor can they have their own independent transaction scope.","This should never be done when the content can be identified properly, as once identification is lost, it is extremely difficult (and context dependent) to restore it again. Contained resources may have profiles and tags In their meta elements, but SHALL NOT have security labels.","","","","","","","","",,,,,"",,,,"DomainResource.contained",0,*,"","","N/A"
"MedicationRequest.extension","MedicationRequest.extension","","extensions
user content","",0,*,"","","","Extension {[]} {[]}
","Additional content defined by implementations","May be used to represent additional information that is not part of the basic definition of the resource. To make the use of extensions safe and manageable, there is a strict set of governance  applied to the definition and use of extensions. Though any implementer can define an extension, there is a set of requirements that SHALL be met as part of the definition of the extension.","There can be no stigma associated with the use of extensions by any application, project, or standard - regardless of the institution or jurisdiction that uses or defines the extensions.  The use of extensions is what allows the FHIR specification to retain a core level of simplicity for everyone.","","","","","","","","",,,,,"",,,,"DomainResource.extension",0,*,"","ele-1:All FHIR elements must have a @value or children {hasValue() or (children().count() > id.count())}
ext-1:Must have either extensions or value[x], not both {extension.exists() != value.exists()}","N/A"
"MedicationRequest.modifierExtension","MedicationRequest.modifierExtension","","extensions
user content","",0,*,"","Y","","Extension {[]} {[]}
","Extensions that cannot be ignored","May be used to represent additional information that is not part of the basic definition of the resource and that modifies the understanding of the element that contains it and/or the understanding of the containing element's descendants. Usually modifier elements provide negation or qualification. To make the use of extensions safe and manageable, there is a strict set of governance applied to the definition and use of extensions. Though any implementer is allowed to define an extension, there is a set of requirements that SHALL be met as part of the definition of the extension. Applications processing a resource are required to check for modifier extensions.

Modifier extensions SHALL NOT change the meaning of any elements on Resource or DomainResource (including cannot change the meaning of modifierExtension itself).","There can be no stigma associated with the use of extensions by any application, project, or standard - regardless of the institution or jurisdiction that uses or defines the extensions.  The use of extensions is what allows the FHIR specification to retain a core level of simplicity for everyone.","Modifier extensions allow for extensions that *cannot* be safely ignored to be clearly distinguished from the vast majority of extensions which can be safely ignored.  This promotes interoperability by eliminating the need for implementers to prohibit the presence of extensions. For further information, see the [definition of modifier extensions](http://hl7.org/fhir/R4/extensibility.html#modifierExtension).","","","","","","","",,,,,"",,,,"DomainResource.modifierExtension",0,*,"","ele-1:All FHIR elements must have a @value or children {hasValue() or (children().count() > id.count())}
ext-1:Must have either extensions or value[x], not both {extension.exists() != value.exists()}","N/A"
"MedicationRequest.identifier","MedicationRequest.identifier","","","",0,1,"","","","Identifier {[]} {[]}
","External ids for this request","Berisi satu atau lebih data mengenai ID internal faskes untuk peresepan obat. Ini adalah ID resmi yang diterbitkan oleh faskes untuk menandai data peresepan obat, yang setiap datanya direpresentasikan dengan tipe data Identifier.","This is a business identifier, not a resource identifier.","","","","","","","","",,,,,"",,,,"MedicationRequest.identifier",0,*,"","ele-1:All FHIR elements must have a @value or children {hasValue() or (children().count() > id.count())}
","Request.identifier","Message/Header/PrescriberOrderNumber",".id","FiveWs.identifier","ORC-2-Placer Order Number / ORC-3-Filler Order Number"
"MedicationRequest.status","MedicationRequest.status","","","",1,1,"","Y","Y","code {[]} {[]}
","active | on-hold | cancelled | completed | entered-in-error | stopped | draft | unknown","Berisi data berkaitan dengan kode spesifik yang menunjukkan status pengobatan saat ini yang umumnya akan berupa status aktif atau komplit dengan tipe data code, yang nilainya mengacu pada data terminologi medicationrequest Status.","This element is labeled as a modifier because the status contains codes that mark the resource as not currently valid.","","","","","","","","",,"required","A coded concept specifying the state of the prescribing event. Describes the lifecycle of the prescription.","http://hl7.org/fhir/ValueSet/medicationrequest-status|4.0.1","",,,,"MedicationRequest.status",1,1,"","ele-1:All FHIR elements must have a @value or children {hasValue() or (children().count() > id.count())}
","Request.status","no mapping",".statusCode","FiveWs.status"
"MedicationRequest.statusReason","MedicationRequest.statusReason","","","",0,1,"","","","CodeableConcept {[]} {[]}
","Reason for current status","Berisi data yang menjelaskan alasan status terkini dari MedicationRequest dengan tipe data CodeableConcept, yang nilainya merujuk pada MedicationRequest Status Reason Codes.","This is generally only used for ""exception"" statuses such as ""suspended"" or ""cancelled"". The reason why the MedicationRequest was created at all is captured in reasonCode, not here.","","","","","","","","",,"example","Identifies the reasons for a given status.","http://hl7.org/fhir/ValueSet/medicationrequest-status-reason|4.0.1","",,,,"MedicationRequest.statusReason",0,1,"","ele-1:All FHIR elements must have a @value or children {hasValue() or (children().count() > id.count())}
","Request.statusReason",".inboundRelationship[typeCode=SUBJ].source[classCode=CACT, moodCode=EVN].reasonCOde"
"MedicationRequest.intent","MedicationRequest.intent","","","",1,1,"","Y","Y","code {[]} {[]}
","proposal | plan | order | original-order | reflex-order | filler-order | instance-order | option","Berisi data berkaitan dengan tujuan pengobatan yang diresepkan apakah usulan, rencana, atau rencana pengobatan asli dengan tipe data code, yang nilainya mengacu pada data terminologi medicationRequest Intent.","It is expected that the type of requester will be restricted for different stages of a MedicationRequest.  For example, Proposals can be created by a patient, relatedPerson, Practitioner or Device.  Plans can be created by Practitioners, Patients, RelatedPersons and Devices.  Original orders can be created by a Practitioner only.An instance-order is an instantiation of a request or order and may be used to populate Medication Administration Record.This element is labeled as a modifier because the intent alters when and how the resource is actually applicable.","","","","","","","","",,"required","The kind of medication order.","http://hl7.org/fhir/ValueSet/medicationrequest-intent|4.0.1","",,,,"MedicationRequest.intent",1,1,"","ele-1:All FHIR elements must have a @value or children {hasValue() or (children().count() > id.count())}
","Request.intent",".moodCode (nuances beyond PRP/PLAN/RQO would need to be elsewhere)","FiveWs.class"
"MedicationRequest.category","MedicationRequest.category","","","",0,1,"","","","CodeableConcept {[]} {[]}
","Type of medication usage","Berisi data berkaitan dengan tipe permintaan pengobatan, seperti pengobatan yang diberikan/dikonsumsi pada rawat inap atau rawat jalan dengan tipe data CodeableConcept, yang nilainya mengacu pada data terminologi MedicationRequest Category Codes.","The category can be used to include where the medication is expected to be consumed or other types of requests.","","","","","","","","",,"example","A coded concept identifying the category of medication request.  For example, where the medication is to be consumed or administered, or the type of medication treatment.","http://hl7.org/fhir/ValueSet/medicationrequest-category|4.0.1","",,,,"MedicationRequest.category",0,*,"","ele-1:All FHIR elements must have a @value or children {hasValue() or (children().count() > id.count())}
","Message/Body/NewRx/MedicationPrescribed/Directionsor Message/Body/NewRx/MedicationPrescribed/StructuredSIG",".inboundRelationship[typeCode=COMP].source[classCode=OBS, moodCode=EVN, code=""type of medication usage""].value","FiveWs.class"
"MedicationRequest.priority","MedicationRequest.priority","","","",0,1,"","","Y","code {[]} {[]}
","routine | urgent | asap | stat","Berisi data yang mengindikasikan seberapa cepat permintaan pengobatan sebaiknya ditangani terkait dengan permintaan lainnya dengan tipe data code, yang nilainya mengacu pada data terminologi RequestPriority.","","","","","","","","","",,"required","Identifies the level of importance to be assigned to actioning the request.","http://hl7.org/fhir/ValueSet/request-priority|4.0.1","",,,,"MedicationRequest.priority",0,1,"","ele-1:All FHIR elements must have a @value or children {hasValue() or (children().count() > id.count())}
","Request.priority",".priorityCode","FiveWs.grade"
"MedicationRequest.doNotPerform","MedicationRequest.doNotPerform","","","",0,1,"","Y","Y","boolean {[]} {[]}
","True if request is prohibiting action","Berisi data indikasi apakah permintaan pengobatan tidak boleh dilakukan dengan tipe data boolean.","If do not perform is not specified, the request is a positive request e.g. ""do perform"".","","","","","","","","",,,,,"",,,,"MedicationRequest.doNotPerform",0,1,"","ele-1:All FHIR elements must have a @value or children {hasValue() or (children().count() > id.count())}
","SubstanceAdministration.actionNegationInd"
"MedicationRequest.reported[x]","MedicationRequest.reported[x]","","","",0,1,"","","Y","boolean {[]} {[]}
Reference {[]} {[CanonicalType[http://hl7.org/fhir/StructureDefinition/Patient|4.0.1], CanonicalType[http://hl7.org/fhir/StructureDefinition/Practitioner|4.0.1], CanonicalType[http://hl7.org/fhir/StructureDefinition/PractitionerRole|4.0.1], CanonicalType[http://hl7.org/fhir/StructureDefinition/RelatedPerson|4.0.1], CanonicalType[http://hl7.org/fhir/StructureDefinition/Organization|4.0.1]]}","Reported rather than primary record","Indicates if this record was captured as a secondary 'reported' record rather than as an original primary source-of-truth record.  It may also indicate the source of the report.","","","","","","","","","",,,,,"","type:$this}
","",,"closed","MedicationRequest.reported[x]",0,1,"","ele-1:All FHIR elements must have a @value or children {hasValue() or (children().count() > id.count())}
",".participation[typeCode=INF].role"
"MedicationRequest.reported[x]:reportedBoolean","MedicationRequest.reported[x]","reportedBoolean","","",0,1,"","","Y","boolean {[]} {[]}
","Reported rather than primary record","Berisi data yang menunjukkan apakah data Medication Request yang diinput berasal dari resep yang langsung dituliskan oleh dokter atau diinput ulang oleh tenaga kesehatan lain (resep sekunder) dengan format pengisian adalah boolean.","","","","","","","","","",,,,,"",,,,"MedicationRequest.reported[x]",0,1,"","ele-1:All FHIR elements must have a @value or children {hasValue() or (children().count() > id.count())}
",".participation[typeCode=INF].role"
"MedicationRequest.reported[x]:reportedReference","MedicationRequest.reported[x]","reportedReference","","",0,1,"","","Y","Reference {[]} {[CanonicalType[http://hl7.org/fhir/StructureDefinition/Patient], CanonicalType[http://hl7.org/fhir/StructureDefinition/Practitioner], CanonicalType[http://hl7.org/fhir/StructureDefinition/PractitionerRole], CanonicalType[http://hl7.org/fhir/StructureDefinition/RelatedPerson], CanonicalType[http://hl7.org/fhir/StructureDefinition/Organization]]}
","Reported rather than primary record","Berisi data referensi untuk laporan MedicationRequest dengan tipe data Reference.","","","","","","","","","",,,,,"",,,,"MedicationRequest.reported[x]",0,1,"","ele-1:All FHIR elements must have a @value or children {hasValue() or (children().count() > id.count())}
",".participation[typeCode=INF].role"
"MedicationRequest.medication[x]","MedicationRequest.medication[x]","","","",1,1,"","","Y","CodeableConcept {[]} {[]}
Reference {[]} {[CanonicalType[http://hl7.org/fhir/StructureDefinition/Medication|4.0.1]]}","Medication to be taken","Identifies the medication being requested. This is a link to a resource that represents the medication which may be the details of the medication or simply an attribute carrying a code that identifies the medication from a known list of medications.","If only a code is specified, then it needs to be a code for a specific product. If more information is required, then the use of the Medication resource is recommended.  For example, if you require form or lot number or if the medication is compounded or extemporaneously prepared, then you must reference the Medication resource.","","","","","","","","",,"example","A coded concept identifying substance or product that can be ordered.","http://hl7.org/fhir/ValueSet/medication-codes|4.0.1","","type:$this}
","",,"closed","MedicationRequest.medication[x]",1,1,"","ele-1:All FHIR elements must have a @value or children {hasValue() or (children().count() > id.count())}
","Request.code","Message/Body/NewRx/MedicationPrescribedMedication.code.coding.code = Message/Body/NewRx/MedicationPrescribed/DrugCoded/ProductCodeMedication.code.coding.system = Message/Body/NewRx/MedicationPrescribed/DrugCoded/ProductCodeQualifierMedication.code.coding.display = Message/Body/NewRx/MedicationPrescribed/DrugDescription","consumable.administrableMedication","FiveWs.what[x]","RXE-2-Give Code / RXO-1-Requested Give Code / RXC-2-Component Code"
"MedicationRequest.medication[x]:medicationCodeableConcept","MedicationRequest.medication[x]","medicationCodeableConcept","","",0,1,"","","Y","CodeableConcept {[]} {[]}
","Medication to be taken","Identifies the medication being requested. This is a link to a resource that represents the medication which may be the details of the medication or simply an attribute carrying a code that identifies the medication from a known list of medications.","If only a code is specified, then it needs to be a code for a specific product. If more information is required, then the use of the Medication resource is recommended.  For example, if you require form or lot number or if the medication is compounded or extemporaneously prepared, then you must reference the Medication resource.","","","","","","","","",,"example","A coded concept identifying substance or product that can be ordered.","http://hl7.org/fhir/ValueSet/medication-codes|4.0.1","",,,,"MedicationRequest.medication[x]",1,1,"","ele-1:All FHIR elements must have a @value or children {hasValue() or (children().count() > id.count())}
","Request.code","Message/Body/NewRx/MedicationPrescribedMedication.code.coding.code = Message/Body/NewRx/MedicationPrescribed/DrugCoded/ProductCodeMedication.code.coding.system = Message/Body/NewRx/MedicationPrescribed/DrugCoded/ProductCodeQualifierMedication.code.coding.display = Message/Body/NewRx/MedicationPrescribed/DrugDescription","consumable.administrableMedication","FiveWs.what[x]","RXE-2-Give Code / RXO-1-Requested Give Code / RXC-2-Component Code"
"MedicationRequest.medication[x]:medicationReference","MedicationRequest.medication[x]","medicationReference","","",0,1,"","","Y","Reference {[]} {[CanonicalType[http://hl7.org/fhir/StructureDefinition/Medication]]}
","Medication to be taken","Berisi data informasi obat yang diresepkan dengan tipe data Reference, yang direferensikan ke data yang tersimpan di resource Medication.","If only a code is specified, then it needs to be a code for a specific product. If more information is required, then the use of the Medication resource is recommended.  For example, if you require form or lot number or if the medication is compounded or extemporaneously prepared, then you must reference the Medication resource.","","","","","","","","",,,,,"",,,,"MedicationRequest.medication[x]",1,1,"","ele-1:All FHIR elements must have a @value or children {hasValue() or (children().count() > id.count())}
","Request.code","Message/Body/NewRx/MedicationPrescribedMedication.code.coding.code = Message/Body/NewRx/MedicationPrescribed/DrugCoded/ProductCodeMedication.code.coding.system = Message/Body/NewRx/MedicationPrescribed/DrugCoded/ProductCodeQualifierMedication.code.coding.display = Message/Body/NewRx/MedicationPrescribed/DrugDescription","consumable.administrableMedication","FiveWs.what[x]","RXE-2-Give Code / RXO-1-Requested Give Code / RXC-2-Component Code"
"MedicationRequest.subject","MedicationRequest.subject","","","",1,1,"","","Y","Reference {[]} {[CanonicalType[http://hl7.org/fhir/StructureDefinition/Patient|4.0.1], CanonicalType[http://hl7.org/fhir/StructureDefinition/Group|4.0.1]]}
","Who or group medication request is for","Berisi data informasi pasien yang diresepkan obat dengan tipe data Reference, yang direferensikan ke data yang tersimpan di resource Patient | Group.","The subject on a medication request is mandatory.  For the secondary use case where the actual subject is not provided, there still must be an anonymized subject specified.","","","","","","","","",,,,,"",,,,"MedicationRequest.subject",1,1,"","ele-1:All FHIR elements must have a @value or children {hasValue() or (children().count() > id.count())}
","Request.subject","Message/Body/NewRx/Patient(need detail to link to specific patient … Patient.Identification in SCRIPT)",".participation[typeCode=AUT].role","FiveWs.subject[x]","FiveWs.subject","PID-3-Patient ID List"
"MedicationRequest.encounter","MedicationRequest.encounter","","","",0,1,"","","","Reference {[]} {[CanonicalType[http://hl7.org/fhir/StructureDefinition/Encounter|4.0.1]]}
","Encounter created as part of encounter/admission/stay","Berisi data informasi terkait kunjungan di mana peresepan obat dilakukan dengan tipe data Reference, yang direferensikan ke data yang tersimpan di resource Encounter.","This will typically be the encounter the event occurred within, but some activities may be initiated prior to or after the official completion of an encounter but still be tied to the context of the encounter.""    If there is a need to link to episodes of care they will be handled with an extension.","","","","","","","","",,,,,"",,,,"MedicationRequest.encounter",0,1,"","ele-1:All FHIR elements must have a @value or children {hasValue() or (children().count() > id.count())}
","Request.context","no mapping",".inboundRelationship[typeCode=COMP].source[classCode=ENC, moodCode=EVN, code=""type of encounter or episode""]","FiveWs.context","PV1-19-Visit Number"
"MedicationRequest.supportingInformation","MedicationRequest.supportingInformation","","","",0,1,"","","","Reference {[]} {[CanonicalType[http://hl7.org/fhir/StructureDefinition/Resource|4.0.1]]}
","Information to support ordering of the medication","Berisi data informasi pendukung terkait peresepan obat dengan tipe data Reference.","","","","","","","","","",,,,,"",,,,"MedicationRequest.supportingInformation",0,*,"","ele-1:All FHIR elements must have a @value or children {hasValue() or (children().count() > id.count())}
","Request.supportingInfo",".outboundRelationship[typeCode=PERT].target[A_SupportingClinicalStatement CMET minimal with many different choices of classCodes(ORG, ENC, PROC, SPLY, SBADM, OBS) and each of the act class codes draws from one or more of the following moodCodes (EVN, DEF, INT PRMS, RQO, PRP, APT, ARQ, GOL)]","FiveWs.context"
"MedicationRequest.authoredOn","MedicationRequest.authoredOn","","","",0,1,"","","Y","dateTime {[]} {[]}
","When request was initially authored","Berisi data waktu peresepan dengan tipe data dateTime, dengan format yang diperbolehkan YYYY, YYYY-MM, YYYY-MM-DD atau YYYY-MM-DDThh:mm:ss+zz:zz.","","","","","","","","","",,,,,"",,,,"MedicationRequest.authoredOn",0,1,"","ele-1:All FHIR elements must have a @value or children {hasValue() or (children().count() > id.count())}
","Request.authoredOn","Message/Body/NewRx/MedicationPrescribed/WrittenDate","author.time","FiveWs.recorded","RXE-32-Original Order Date/Time / ORC-9-Date/Time of Transaction"
"MedicationRequest.requester","MedicationRequest.requester","","","",0,1,"","","Y","Reference {[]} {[CanonicalType[http://hl7.org/fhir/StructureDefinition/Practitioner|4.0.1], CanonicalType[http://hl7.org/fhir/StructureDefinition/PractitionerRole|4.0.1], CanonicalType[http://hl7.org/fhir/StructureDefinition/Organization|4.0.1], CanonicalType[http://hl7.org/fhir/StructureDefinition/Patient|4.0.1], CanonicalType[http://hl7.org/fhir/StructureDefinition/RelatedPerson|4.0.1], CanonicalType[http://hl7.org/fhir/StructureDefinition/Device|4.0.1]]}
","Who/What requested the Request","Berisi data siapa yang melakukan peresepan dengan tipe data Reference, yang direferensikan ke data yang tersimpan di resource Practitioner | PractitionerRole | Organization | Patient | RelatedPerson | Device.","","","","","","","","","",,,,,"",,,,"MedicationRequest.requester",0,1,"","ele-1:All FHIR elements must have a @value or children {hasValue() or (children().count() > id.count())}
","Request.requester",".participation[typeCode=AUT].role","FiveWs.author"
"MedicationRequest.performer","MedicationRequest.performer","","","",0,1,"","","","Reference {[]} {[CanonicalType[http://hl7.org/fhir/StructureDefinition/Practitioner|4.0.1], CanonicalType[http://hl7.org/fhir/StructureDefinition/PractitionerRole|4.0.1], CanonicalType[http://hl7.org/fhir/StructureDefinition/Organization|4.0.1], CanonicalType[http://hl7.org/fhir/StructureDefinition/Patient|4.0.1], CanonicalType[http://hl7.org/fhir/StructureDefinition/Device|4.0.1], CanonicalType[http://hl7.org/fhir/StructureDefinition/RelatedPerson|4.0.1], CanonicalType[http://hl7.org/fhir/StructureDefinition/CareTeam|4.0.1]]}
","Intended performer of administration","Berisi satu atau lebih data mengenai siapa yang akan melakukan administrasi obat dengan tipe data Reference, yang direferensikan ke data yang tersimpan di resource Practitioner | PractitionerRole | Organization | Patient | Device | RelatedPerson | CareTeam.","","","","","","","","","",,,,,"",,,,"MedicationRequest.performer",0,1,"","ele-1:All FHIR elements must have a @value or children {hasValue() or (children().count() > id.count())}
","Request.performer",".participation[typeCode=PRF].role[scoper.determinerCode=INSTANCE]","FiveWs.actor"
"MedicationRequest.performerType","MedicationRequest.performerType","","","",0,1,"","","Y","CodeableConcept {[]} {[]}
","Desired kind of performer of the medication administration","Berisi data yang mengindikasikan jenis pelaku atau pemberi pengobatan dengan tipe data CodeableConcept, yang nilainya mengacu pada data terminologi SNOMED CT.","If specified without indicating a performer, this indicates that the performer must be of the specified type. If specified with a performer then it indicates the requirements of the performer if the designated performer is not available.","","","","","","","","",,"example","Identifies the type of individual that is desired to administer the medication.","http://hl7.org/fhir/ValueSet/performer-role|4.0.1","",,,,"MedicationRequest.performerType",0,1,"","ele-1:All FHIR elements must have a @value or children {hasValue() or (children().count() > id.count())}
","Request.performerType",".participation[typeCode=PRF].role[scoper.determinerCode=KIND].code"
"MedicationRequest.recorder","MedicationRequest.recorder","","","",0,1,"","","","Reference {[]} {[CanonicalType[http://hl7.org/fhir/StructureDefinition/Practitioner|4.0.1], CanonicalType[http://hl7.org/fhir/StructureDefinition/PractitionerRole|4.0.1]]}
","Person who entered the request","Berisi data mengenai siapa yang mencatatkan resep ke dalam sistem dengan tipe data Reference, yang direferensikan ke data yang tersimpan di resource Practitioner | PractitionerRole.","","","","","","","","","",,,,,"",,,,"MedicationRequest.recorder",0,1,"","ele-1:All FHIR elements must have a @value or children {hasValue() or (children().count() > id.count())}
",".participation[typeCode=TRANS].role[classCode=ASSIGNED].code (HealthcareProviderType)","FiveWs.who"
"MedicationRequest.reasonCode","MedicationRequest.reasonCode","","","",0,1,"","","","CodeableConcept {[]} {[]}
","Reason or indication for ordering or not ordering the medication","Berisi data mengenai alasan atau indikasi untuk meminta atau tidak meminta pengobatan dengan tipe data CodeableConcept.","This could be a diagnosis code. If a full condition record exists or additional detail is needed, use reasonReference.","","","","","","","","",,"example","A coded concept indicating why the medication was ordered.","http://hl7.org/fhir/ValueSet/condition-code|4.0.1","",,,,"MedicationRequest.reasonCode",0,*,"","ele-1:All FHIR elements must have a @value or children {hasValue() or (children().count() > id.count())}
","Request.reasonCode","Message/Body/NewRx/MedicationPrescribed/Diagnosis/Primary/Value","reason.observation.reasonCode","FiveWs.why[x]","ORC-16-Order Control Code Reason /RXE-27-Give Indication/RXO-20-Indication / RXD-21-Indication / RXG-22-Indication / RXA-19-Indication"
"MedicationRequest.reasonReference","MedicationRequest.reasonReference","","","",0,1,"","","","Reference {[]} {[CanonicalType[http://hl7.org/fhir/StructureDefinition/Condition|4.0.1], CanonicalType[http://hl7.org/fhir/StructureDefinition/Observation|4.0.1]]}
","Condition or observation that supports why the prescription is being written","Berisi data mengenai alasan dilakukanya peresepan obat dengan tipe data Reference, yang direferensikan ke data yang tersimpan di resource Condition | Observation.","This is a reference to a condition or observation that is the reason for the medication order.  If only a code exists, use reasonCode.","","","","","","","","",,,,,"",,,,"MedicationRequest.reasonReference",0,*,"","ele-1:All FHIR elements must have a @value or children {hasValue() or (children().count() > id.count())}
","Request.reasonReference","no mapping","reason.observation[code=ASSERTION].value","FiveWs.why[x]"
"MedicationRequest.instantiatesCanonical","MedicationRequest.instantiatesCanonical","","","",0,1,"","","Y","canonical {[]} {[]}
","Instantiates FHIR protocol or definition","Berisi data instansiasi kanonik untuk MedicationRequest dengan tipe data canonical.","","","","","","","","","",,,,,"",,,,"MedicationRequest.instantiatesCanonical",0,*,"","ele-1:All FHIR elements must have a @value or children {hasValue() or (children().count() > id.count())}
","Request.instantiates",".outboundRelationship[typeCode=DEFN].target"
"MedicationRequest.instantiatesUri","MedicationRequest.instantiatesUri","","","",0,1,"","","Y","uri {[]} {[]}
","Instantiates external protocol or definition","Berisi data instansiasi URI untuk MedicationRequest dengan tipe data uri.","","","","","","","","","",,,,,"",,,,"MedicationRequest.instantiatesUri",0,*,"","ele-1:All FHIR elements must have a @value or children {hasValue() or (children().count() > id.count())}
",".outboundRelationship[typeCode=DEFN].target"
"MedicationRequest.basedOn","MedicationRequest.basedOn","","","",0,1,"","","Y","Reference {[]} {[CanonicalType[http://hl7.org/fhir/StructureDefinition/CarePlan|4.0.1], CanonicalType[http://hl7.org/fhir/StructureDefinition/MedicationRequest|4.0.1], CanonicalType[http://hl7.org/fhir/StructureDefinition/ServiceRequest|4.0.1], CanonicalType[http://hl7.org/fhir/StructureDefinition/ImmunizationRecommendation|4.0.1]]}
","What request fulfills","Berisi data mengenai informasi terkait peresepan obat memenuhi permintaan apa dengan tipe data Reference, yang direferensikan ke data yang tersimpan di resource CarePlan | MedicationRequest | ServiceRequest | ImmunizationRecommendation.","","","","","","","","","",,,,,"",,,,"MedicationRequest.basedOn",0,*,"","ele-1:All FHIR elements must have a @value or children {hasValue() or (children().count() > id.count())}
","Request.basedOn",".outboundRelationship[typeCode=FLFS].target[classCode=SBADM or PROC or PCPR or OBS, moodCode=RQO orPLAN or PRP]"
"MedicationRequest.groupIdentifier","MedicationRequest.groupIdentifier","","","",0,1,"","","Y","Identifier {[]} {[]}
","Composite request this is part of","Berisi data identifikasi grup untuk MedicationRequest dengan tipe data Identifier.","","Requests are linked either by a ""basedOn"" relationship (i.e. one request is fulfilling another) or by having a common requisition. Requests that are part of the same requisition are generally treated independently from the perspective of changing their state or maintaining them after initial creation.","","","","","","","",,,,,"",,,,"MedicationRequest.groupIdentifier",0,1,"","ele-1:All FHIR elements must have a @value or children {hasValue() or (children().count() > id.count())}
","Request.groupIdentifier",".outboundRelationship(typeCode=COMP].target[classCode=SBADM, moodCode=INT].id"
"MedicationRequest.courseOfTherapyType","MedicationRequest.courseOfTherapyType","","","",0,1,"","","","CodeableConcept {[]} {[]}
","Overall pattern of medication administration","Berisi satu atau lebih data yang mendeskripsikan keseluruhan pola pemberian obat pada pasien dengan tipe data CodeableConcept.","This attribute should not be confused with the protocol of the medication.","","","","","","","","",,"example","Identifies the overall pattern of medication administratio.","http://hl7.org/fhir/ValueSet/medicationrequest-course-of-therapy|4.0.1","",,,,"MedicationRequest.courseOfTherapyType",0,1,"","ele-1:All FHIR elements must have a @value or children {hasValue() or (children().count() > id.count())}
","Act.code where classCode = LIST and moodCode = EVN"
"MedicationRequest.insurance","MedicationRequest.insurance","","","",0,1,"","","","Reference {[]} {[CanonicalType[http://hl7.org/fhir/StructureDefinition/Coverage|4.0.1], CanonicalType[http://hl7.org/fhir/StructureDefinition/ClaimResponse|4.0.1]]}
","Associated insurance coverage","Berisi data mengenai informasi terkait asuransi yang melingkupi peresepan obat dengan tipe data Reference, yang direferensikan ke data yang tersimpan di resource Coverage | ClaimResponse.","","","","","","","","","",,,,,"",,,,"MedicationRequest.insurance",0,*,"","ele-1:All FHIR elements must have a @value or children {hasValue() or (children().count() > id.count())}
","Request.insurance",".outboundRelationship[typeCode=COVBY].target"
"MedicationRequest.note","MedicationRequest.note","","","",0,1,"","","","Annotation {[]} {[]}
","Information about the prescription","Berisi satu atau lebih data catatan tambahan untuk peresepan obat yang tidak bisa diakomodir di elemen lain dengan tipe data Annotation.","","","","","","","","","",,,,,"",,,,"MedicationRequest.note",0,*,"","ele-1:All FHIR elements must have a @value or children {hasValue() or (children().count() > id.count())}
","Request.note","Message/Body/NewRx/MedicationPrescribed/Note",".inboundRelationship[typeCode=SUBJ]/source[classCode=OBS,moodCode=EVN,code=""annotation""].value"
"MedicationRequest.dosageInstruction","MedicationRequest.dosageInstruction","","","",0,1,"","","","Dosage {[]} {[]}
","How the medication should be taken","Berisi satu atau lebih daftar data mengenai urutan aturan pemakaian dari obat masing-masing lokasi induk yang setiap datanya direpresentasikan dengan tipe data Dosage.","There are examples where a medication request may include the option of an oral dose or an Intravenous or Intramuscular dose.  For example, ""Ondansetron 8mg orally or IV twice a day as needed for nausea"" or ""Compazine® (prochlorperazine) 5-10mg PO or 25mg PR bid prn nausea or vomiting"".  In these cases, two medication requests would be created that could be grouped together.  The decision on which dose and route of administration to use is based on the patient's condition at the time the dose is needed.","","","","","","","","",,,,,"",,,,"MedicationRequest.dosageInstruction",0,*,"","ele-1:All FHIR elements must have a @value or children {hasValue() or (children().count() > id.count())}
","Request.occurrence[x]","see dosageInstruction mapping"
"MedicationRequest.dispenseRequest","MedicationRequest.dispenseRequest","","","",0,1,"","","","BackboneElement {[]} {[]}
","Medication supply authorization","Berisi data permintaan dispense untuk MedicationRequest dengan tipe data BackboneElement.","","","","","","","","","",,,,,"",,,,"MedicationRequest.dispenseRequest",0,1,"","ele-1:All FHIR elements must have a @value or children {hasValue() or (children().count() > id.count())}
","Message/Body/NewRx/MedicationPrescribed/ExpirationDate","component.supplyEvent"
"MedicationRequest.dispenseRequest.id","MedicationRequest.dispenseRequest.id","","","",0,1,"","","","string {[]} {[]}
","Unique id for inter-element referencing","Unique id for the element within a resource (for internal references). This may be any string value that does not contain spaces.","","","","","","","","","",,,,,"",,,,"Element.id",0,1,"","","n/a"
"MedicationRequest.dispenseRequest.extension","MedicationRequest.dispenseRequest.extension","","extensions
user content","",0,*,"","","","Extension {[]} {[]}
","Additional content defined by implementations","May be used to represent additional information that is not part of the basic definition of the element. To make the use of extensions safe and manageable, there is a strict set of governance  applied to the definition and use of extensions. Though any implementer can define an extension, there is a set of requirements that SHALL be met as part of the definition of the extension.","There can be no stigma associated with the use of extensions by any application, project, or standard - regardless of the institution or jurisdiction that uses or defines the extensions.  The use of extensions is what allows the FHIR specification to retain a core level of simplicity for everyone.","","","","","","","","",,,,,"",,,,"Element.extension",0,*,"","ele-1:All FHIR elements must have a @value or children {hasValue() or (children().count() > id.count())}
ext-1:Must have either extensions or value[x], not both {extension.exists() != value.exists()}","n/a"
"MedicationRequest.dispenseRequest.modifierExtension","MedicationRequest.dispenseRequest.modifierExtension","","extensions
user contentmodifiers","",0,*,"","Y","Y","Extension {[]} {[]}
","Extensions that cannot be ignored even if unrecognized","May be used to represent additional information that is not part of the basic definition of the element and that modifies the understanding of the element in which it is contained and/or the understanding of the containing element's descendants. Usually modifier elements provide negation or qualification. To make the use of extensions safe and manageable, there is a strict set of governance applied to the definition and use of extensions. Though any implementer can define an extension, there is a set of requirements that SHALL be met as part of the definition of the extension. Applications processing a resource are required to check for modifier extensions.

Modifier extensions SHALL NOT change the meaning of any elements on Resource or DomainResource (including cannot change the meaning of modifierExtension itself).","There can be no stigma associated with the use of extensions by any application, project, or standard - regardless of the institution or jurisdiction that uses or defines the extensions.  The use of extensions is what allows the FHIR specification to retain a core level of simplicity for everyone.","Modifier extensions allow for extensions that *cannot* be safely ignored to be clearly distinguished from the vast majority of extensions which can be safely ignored.  This promotes interoperability by eliminating the need for implementers to prohibit the presence of extensions. For further information, see the [definition of modifier extensions](http://hl7.org/fhir/R4/extensibility.html#modifierExtension).","","","","","","","",,,,,"",,,,"BackboneElement.modifierExtension",0,*,"","ele-1:All FHIR elements must have a @value or children {hasValue() or (children().count() > id.count())}
ext-1:Must have either extensions or value[x], not both {extension.exists() != value.exists()}","N/A"
"MedicationRequest.dispenseRequest.initialFill","MedicationRequest.dispenseRequest.initialFill","","","",0,1,"","","","BackboneElement {[]} {[]}
","First fill details","Berisi data pengisian awal untuk dispense dengan tipe data BackboneElement.","If populating this element, either the quantity or the duration must be included.","","","","","","","","",,,,,"",,,,"MedicationRequest.dispenseRequest.initialFill",0,1,"","ele-1:All FHIR elements must have a @value or children {hasValue() or (children().count() > id.count())}
","SubstanceAdministration -> ActRelationship[sequenceNumber = '1'] -> Supply"
"MedicationRequest.dispenseRequest.initialFill.id","MedicationRequest.dispenseRequest.initialFill.id","","","",0,1,"","","","string {[]} {[]}
","Unique id for inter-element referencing","Unique id for the element within a resource (for internal references). This may be any string value that does not contain spaces.","","","","","","","","","",,,,,"",,,,"Element.id",0,1,"","","n/a"
"MedicationRequest.dispenseRequest.initialFill.extension","MedicationRequest.dispenseRequest.initialFill.extension","","extensions
user content","",0,*,"","","","Extension {[]} {[]}
","Additional content defined by implementations","May be used to represent additional information that is not part of the basic definition of the element. To make the use of extensions safe and manageable, there is a strict set of governance  applied to the definition and use of extensions. Though any implementer can define an extension, there is a set of requirements that SHALL be met as part of the definition of the extension.","There can be no stigma associated with the use of extensions by any application, project, or standard - regardless of the institution or jurisdiction that uses or defines the extensions.  The use of extensions is what allows the FHIR specification to retain a core level of simplicity for everyone.","","","","","","","","",,,,,"",,,,"Element.extension",0,*,"","ele-1:All FHIR elements must have a @value or children {hasValue() or (children().count() > id.count())}
ext-1:Must have either extensions or value[x], not both {extension.exists() != value.exists()}","n/a"
"MedicationRequest.dispenseRequest.initialFill.modifierExtension","MedicationRequest.dispenseRequest.initialFill.modifierExtension","","extensions
user contentmodifiers","",0,*,"","Y","Y","Extension {[]} {[]}
","Extensions that cannot be ignored even if unrecognized","May be used to represent additional information that is not part of the basic definition of the element and that modifies the understanding of the element in which it is contained and/or the understanding of the containing element's descendants. Usually modifier elements provide negation or qualification. To make the use of extensions safe and manageable, there is a strict set of governance applied to the definition and use of extensions. Though any implementer can define an extension, there is a set of requirements that SHALL be met as part of the definition of the extension. Applications processing a resource are required to check for modifier extensions.

Modifier extensions SHALL NOT change the meaning of any elements on Resource or DomainResource (including cannot change the meaning of modifierExtension itself).","There can be no stigma associated with the use of extensions by any application, project, or standard - regardless of the institution or jurisdiction that uses or defines the extensions.  The use of extensions is what allows the FHIR specification to retain a core level of simplicity for everyone.","Modifier extensions allow for extensions that *cannot* be safely ignored to be clearly distinguished from the vast majority of extensions which can be safely ignored.  This promotes interoperability by eliminating the need for implementers to prohibit the presence of extensions. For further information, see the [definition of modifier extensions](http://hl7.org/fhir/R4/extensibility.html#modifierExtension).","","","","","","","",,,,,"",,,,"BackboneElement.modifierExtension",0,*,"","ele-1:All FHIR elements must have a @value or children {hasValue() or (children().count() > id.count())}
ext-1:Must have either extensions or value[x], not both {extension.exists() != value.exists()}","N/A"
"MedicationRequest.dispenseRequest.initialFill.quantity","MedicationRequest.dispenseRequest.initialFill.quantity","","","",0,1,"","","","Quantity {[CanonicalType[http://hl7.org/fhir/StructureDefinition/SimpleQuantity|4.0.1]]} {[]}
","First fill quantity","The amount or quantity to provide as part of the first dispense.","","","","","","","","","",,,,,"",,,,"MedicationRequest.dispenseRequest.initialFill.quantity",0,1,"","ele-1:All FHIR elements must have a @value or children {hasValue() or (children().count() > id.count())}
","Supply.quantity[moodCode=RQO]"
"MedicationRequest.dispenseRequest.initialFill.duration","MedicationRequest.dispenseRequest.initialFill.duration","","","",0,1,"","","","Duration {[]} {[]}
","First fill duration","The length of time that the first dispense is expected to last.","","","","","","","","","",,,,,"",,,,"MedicationRequest.dispenseRequest.initialFill.duration",0,1,"","ele-1:All FHIR elements must have a @value or children {hasValue() or (children().count() > id.count())}
","Supply.effectivetime[moodCode=RQO]"
"MedicationRequest.dispenseRequest.dispenseInterval","MedicationRequest.dispenseRequest.dispenseInterval","","","",0,1,"","","","Duration {[]} {[]}
","Minimum period of time between dispenses","Berisi data yang Berkaitan dengan periode waktu minimal yang harus dilakukan antara pengeluaran obat dengan tipe data Duration yang nilai satuan kekuatan zat aktifnya merujuk pada CommonUCUMCodesForDuration.","","","","","","","","","",,,,,"",,,,"MedicationRequest.dispenseRequest.dispenseInterval",0,1,"","ele-1:All FHIR elements must have a @value or children {hasValue() or (children().count() > id.count())}
","Supply.effectivetime[moodCode=RQO]"
"MedicationRequest.dispenseRequest.validityPeriod","MedicationRequest.dispenseRequest.validityPeriod","","","",0,1,"","","","Period {[]} {[]}
","Time period supply is authorized for","Berisi data Periode waktu peresepan obat valid dengan tipe data Period.","It reflects the prescribers' perspective for the validity of the prescription. Dispenses must not be made against the prescription outside of this period. The lower-bound of the Dispensing Window signifies the earliest date that the prescription can be filled for the first time. If an upper-bound is not specified then the Prescription is open-ended or will default to a stale-date based on regulations.","Indicates when the Prescription becomes valid, and when it ceases to be a dispensable Prescription.","","","","","","","",,,,,"",,,,"MedicationRequest.dispenseRequest.validityPeriod",0,1,"","ele-1:All FHIR elements must have a @value or children {hasValue() or (children().count() > id.count())}
","Message/Body/NewRx/MedicationPrescribed/Refills","effectiveTime"
"MedicationRequest.dispenseRequest.numberOfRepeatsAllowed","MedicationRequest.dispenseRequest.numberOfRepeatsAllowed","","","",0,1,"","","","unsignedInt {[]} {[]}
","Number of refills authorized","Berisi satu atau lebih data terkait Berapa kali resep obat dapat diulang (iter). Angka yang tertulis merupakan jumlah resep boleh diulang diluar resep asli.","If displaying ""number of authorized fills"", add 1 to this number.","","","","","","","","",,,,,"",,,,"MedicationRequest.dispenseRequest.numberOfRepeatsAllowed",0,1,"","ele-1:All FHIR elements must have a @value or children {hasValue() or (children().count() > id.count())}
","Message/Body/NewRx/MedicationPrescribed/Quantity","repeatNumber","RXE-12-Number of Refills"
"MedicationRequest.dispenseRequest.quantity","MedicationRequest.dispenseRequest.quantity","","","",0,1,"","","","Quantity {[CanonicalType[http://hl7.org/fhir/StructureDefinition/SimpleQuantity|4.0.1]]} {[]}
","Amount of medication to supply per dispense","Berisi data jumlah obat yang diberikan dalam 1 kali resep dengan tipe data SimpleQuantity, yang nilai satuan kekuatan zat aktif mengacu pada tiga data terminologi, yaitu OrderableDrugForm, UCUM, dan SNOMED CT.","","","","","","","","","",,,,,"",,,,"MedicationRequest.dispenseRequest.quantity",0,1,"","ele-1:All FHIR elements must have a @value or children {hasValue() or (children().count() > id.count())}
","Message/Body/NewRx/MedicationPrescribed/DaysSupply","quantity","RXD-4-Actual Dispense Amount / RXD-5.1-Actual Dispense Units.code / RXD-5.3-Actual Dispense Units.name of coding system"
"MedicationRequest.dispenseRequest.expectedSupplyDuration","MedicationRequest.dispenseRequest.expectedSupplyDuration","","","",0,1,"","","","Duration {[]} {[]}
","Number of days supply per dispense","Berisi data identifikasi periode waktu selama produk yang diberikan diharapkan digunakan atau lamanya waktu pengeluaran yang diharapkan dengan tipe data Duration.","In some situations, this attribute may be used instead of quantity to identify the amount supplied by how long it is expected to last, rather than the physical quantity issued, e.g. 90 days supply of medication (based on an ordered dosage). When possible, it is always better to specify quantity, as this tends to be more precise. expectedSupplyDuration will always be an estimate that can be influenced by external factors.","","","","","","","","",,,,,"",,,,"MedicationRequest.dispenseRequest.expectedSupplyDuration",0,1,"","ele-1:All FHIR elements must have a @value or children {hasValue() or (children().count() > id.count())}
","Message/Body/NewRx/MedicationPrescribed/Substitutions","expectedUseTime"
"MedicationRequest.dispenseRequest.performer","MedicationRequest.dispenseRequest.performer","","","",0,1,"","","","Reference {[]} {[CanonicalType[http://hl7.org/fhir/StructureDefinition/Organization|4.0.1]]}
","Intended dispenser","Berisi data organisasi yang ditunjuk untuk melakukan dispensing obat dengan tipe data Reference, yang direferensikan ke data yang tersimpan di resource Organization.","","","","","","","","","",,,,,"",,,,"MedicationRequest.dispenseRequest.performer",0,1,"","ele-1:All FHIR elements must have a @value or children {hasValue() or (children().count() > id.count())}
",".outboundRelationship[typeCode=COMP].target[classCode=SPLY, moodCode=RQO] .participation[typeCode=PRF].role[scoper.determinerCode=INSTANCE]","FiveWs.who"
"MedicationRequest.substitution","MedicationRequest.substitution","","","",0,1,"","","","BackboneElement {[]} {[]}
","Any restrictions on medication substitution","Berisi data substitusi untuk MedicationRequest dengan tipe data BackboneElement.","","","","","","","","","",,,,,"",,,,"MedicationRequest.substitution",0,1,"","ele-1:All FHIR elements must have a @value or children {hasValue() or (children().count() > id.count())}
","specific values within Message/Body/NewRx/MedicationPrescribed/Substitutions","subjectOf.substitutionPersmission"
"MedicationRequest.substitution.id","MedicationRequest.substitution.id","","","",0,1,"","","","string {[]} {[]}
","Unique id for inter-element referencing","Unique id for the element within a resource (for internal references). This may be any string value that does not contain spaces.","","","","","","","","","",,,,,"",,,,"Element.id",0,1,"","","n/a"
"MedicationRequest.substitution.extension","MedicationRequest.substitution.extension","","extensions
user content","",0,*,"","","","Extension {[]} {[]}
","Additional content defined by implementations","May be used to represent additional information that is not part of the basic definition of the element. To make the use of extensions safe and manageable, there is a strict set of governance  applied to the definition and use of extensions. Though any implementer can define an extension, there is a set of requirements that SHALL be met as part of the definition of the extension.","There can be no stigma associated with the use of extensions by any application, project, or standard - regardless of the institution or jurisdiction that uses or defines the extensions.  The use of extensions is what allows the FHIR specification to retain a core level of simplicity for everyone.","","","","","","","","",,,,,"",,,,"Element.extension",0,*,"","ele-1:All FHIR elements must have a @value or children {hasValue() or (children().count() > id.count())}
ext-1:Must have either extensions or value[x], not both {extension.exists() != value.exists()}","n/a"
"MedicationRequest.substitution.modifierExtension","MedicationRequest.substitution.modifierExtension","","extensions
user contentmodifiers","",0,*,"","Y","Y","Extension {[]} {[]}
","Extensions that cannot be ignored even if unrecognized","May be used to represent additional information that is not part of the basic definition of the element and that modifies the understanding of the element in which it is contained and/or the understanding of the containing element's descendants. Usually modifier elements provide negation or qualification. To make the use of extensions safe and manageable, there is a strict set of governance applied to the definition and use of extensions. Though any implementer can define an extension, there is a set of requirements that SHALL be met as part of the definition of the extension. Applications processing a resource are required to check for modifier extensions.

Modifier extensions SHALL NOT change the meaning of any elements on Resource or DomainResource (including cannot change the meaning of modifierExtension itself).","There can be no stigma associated with the use of extensions by any application, project, or standard - regardless of the institution or jurisdiction that uses or defines the extensions.  The use of extensions is what allows the FHIR specification to retain a core level of simplicity for everyone.","Modifier extensions allow for extensions that *cannot* be safely ignored to be clearly distinguished from the vast majority of extensions which can be safely ignored.  This promotes interoperability by eliminating the need for implementers to prohibit the presence of extensions. For further information, see the [definition of modifier extensions](http://hl7.org/fhir/R4/extensibility.html#modifierExtension).","","","","","","","",,,,,"",,,,"BackboneElement.modifierExtension",0,*,"","ele-1:All FHIR elements must have a @value or children {hasValue() or (children().count() > id.count())}
ext-1:Must have either extensions or value[x], not both {extension.exists() != value.exists()}","N/A"
"MedicationRequest.substitution.allowed[x]","MedicationRequest.substitution.allowed[x]","","","",1,1,"","","","boolean {[]} {[]}
CodeableConcept {[]} {[]}","Whether substitution is allowed or not","Berisi data informasi apakah obat yang diresepkan boleh disubstitusi.","This element is labeled as a modifier because whether substitution is allow or not, it cannot be ignored.","","","","","","","","",,"example","Identifies the type of substitution allowed.","http://terminology.hl7.org/ValueSet/v3-ActSubstanceAdminSubstitutionCode","","type:$this}
","",,"closed","MedicationRequest.substitution.allowed[x]",1,1,"","ele-1:All FHIR elements must have a @value or children {hasValue() or (children().count() > id.count())}
","specific values within Message/Body/NewRx/MedicationPrescribed/Substitutions","code","RXO-9-Allow Substitutions / RXE-9-Substitution Status"
"MedicationRequest.substitution.allowed[x]:allowedBoolean","MedicationRequest.substitution.allowed[x]","allowedBoolean","","",0,1,"","","","boolean {[]} {[]}
","Whether substitution is allowed or not","Berisi data informasi apakah obat yang diresepkan boleh disubstitusi dengan tipe data boolean.","This element is labeled as a modifier because whether substitution is allow or not, it cannot be ignored.","","","","","","","","",,,,,"",,,,"MedicationRequest.substitution.allowed[x]",1,1,"","ele-1:All FHIR elements must have a @value or children {hasValue() or (children().count() > id.count())}
","specific values within Message/Body/NewRx/MedicationPrescribed/Substitutions","code","RXO-9-Allow Substitutions / RXE-9-Substitution Status"
"MedicationRequest.substitution.allowed[x]:allowedCodeableConcept","MedicationRequest.substitution.allowed[x]","allowedCodeableConcept","","",0,1,"","","","CodeableConcept {[]} {[]}
","Whether substitution is allowed or not","Berisi data informasi apakah obat yang diresepkan boleh disubstitusi dengan tipe data CodeableConcept.","This element is labeled as a modifier because whether substitution is allow or not, it cannot be ignored.","","","","","","","","",,"example","Identifies the type of substitution allowed.","http://terminology.hl7.org/ValueSet/v3-ActSubstanceAdminSubstitutionCode","",,,,"MedicationRequest.substitution.allowed[x]",1,1,"","ele-1:All FHIR elements must have a @value or children {hasValue() or (children().count() > id.count())}
","specific values within Message/Body/NewRx/MedicationPrescribed/Substitutions","code","RXO-9-Allow Substitutions / RXE-9-Substitution Status"
"MedicationRequest.substitution.reason","MedicationRequest.substitution.reason","","","",0,1,"","","","CodeableConcept {[]} {[]}
","Why should (not) substitution be made","Berisi data yang mengindikasikan alasan untuk mengganti atau mengapa penggantian harus/tidak harus dilakukan dengan tipe data CodeableConcept.","","","","","","","","","",,"example","A coded concept describing the reason that a different medication should (or should not) be substituted from what was prescribed.","http://terminology.hl7.org/ValueSet/v3-SubstanceAdminSubstitutionReason","",,,,"MedicationRequest.substitution.reason",0,1,"","ele-1:All FHIR elements must have a @value or children {hasValue() or (children().count() > id.count())}
","not mapped","reasonCode","RXE-9 Substition status"
"MedicationRequest.priorPrescription","MedicationRequest.priorPrescription","","","",0,1,"","","","Reference {[]} {[CanonicalType[http://hl7.org/fhir/StructureDefinition/MedicationRequest|4.0.1]]}
","An order/prescription that is being replaced","Berisi data resep sebelumnya untuk MedicationRequest dengan tipe data Reference.","","","","","","","","","",,,,,"",,,,"MedicationRequest.priorPrescription",0,1,"","ele-1:All FHIR elements must have a @value or children {hasValue() or (children().count() > id.count())}
","Request.replaces","not mapped",".outboundRelationship[typeCode=?RPLC or ?SUCC]/target[classCode=SBADM,moodCode=RQO]"
"MedicationRequest.detectedIssue","MedicationRequest.detectedIssue","","Contraindication
Drug Utilization Review (DUR)Alert","",0,1,"","","","Reference {[]} {[CanonicalType[http://hl7.org/fhir/StructureDefinition/DetectedIssue|4.0.1]]}
","Clinical Issue with action","Berisi data isu yang terdeteksi untuk MedicationRequest dengan tipe data Reference.","This element can include a detected issue that has been identified either by a decision support system or by a clinician and may include information on the steps that were taken to address the issue.","","","","","","","","",,,,,"",,,,"MedicationRequest.detectedIssue",0,*,"","ele-1:All FHIR elements must have a @value or children {hasValue() or (children().count() > id.count())}
",".inboundRelationship[typeCode=SUBJ]/source[classCode=ALRT,moodCode=EVN].value"
"MedicationRequest.eventHistory","MedicationRequest.eventHistory","","","",0,1,"","","","Reference {[]} {[CanonicalType[http://hl7.org/fhir/StructureDefinition/Provenance|4.0.1]]}
","A list of events of interest in the lifecycle","Berisi data riwayat event untuk MedicationRequest dengan tipe data Reference.","This might not include provenances for all versions of the request – only those deemed “relevant” or important. This SHALL NOT include the provenance associated with this current version of the resource. (If that provenance is deemed to be a “relevant” change, it will need to be added as part of a later update. Until then, it can be queried directly as the provenance that points to this version using _revinclude All Provenances should have some historical version of this Request as their subject.).","","","","","","","","",,,,,"",,,,"MedicationRequest.eventHistory",0,*,"","ele-1:All FHIR elements must have a @value or children {hasValue() or (children().count() > id.count())}
","Request.relevantHistory",".inboundRelationship(typeCode=SUBJ].source[classCode=CACT, moodCode=EVN]"
