"Id","Path","Slice Name","Alias(s)","Label","Min","Max","Must Support?","Is Modifier?","Is Summary?","Type(s)","Short","Definition","Comments","Requirements","Default Value","Meaning When Missing","Fixed Value","Pattern","Example","Minimum Value","Maximum Value","Maximum Length","Binding Strength","Binding Description","Binding Value Set","Code","Slicing Discriminator","Slicing Description","Slicing Ordered","Slicing Rules","Base Path","Base Min","Base Max","Condition(s)","Constraint(s)","Mapping: RIM Mapping"
"Extension","Extension","","","",0,*,"","","","null {[]} {[]}
","Purification Decision","Extension for purification decision information","","","","","","","","","",,,,,"",,,,"Extension",0,*,"ele-1
","ele-1:All FHIR elements must have a @value or children {hasValue() or (children().count() > id.count())}
ext-1:Must have either extensions or value[x], not both {extension.exists() != value.exists()}"
"Extension.id","Extension.id","","","",0,1,"","","","string {[]} {[]}
","Unique id for inter-element referencing","Unique id for the element within a resource (for internal references). This may be any string value that does not contain spaces.","","","","","","","","","",,,,,"",,,,"Element.id",0,1,"","","n/a"
"Extension.extension","Extension.extension","","","",2,*,"","","","Extension {[]} {[]}
","Extension","An Extension","","","","","","","","","",,,,,"","value:url}
","Extensions are always sliced by (at least) url",,"open","Element.extension",0,*,"","ele-1:All FHIR elements must have a @value or children {hasValue() or (children().count() > id.count())}
ext-1:Must have either extensions or value[x], not both {extension.exists() != value.exists()}"
"Extension.extension:identifier","Extension.extension","identifier","","",0,1,"","","","Extension {[CanonicalType[https://fhir.kemkes.go.id/r4/StructureDefinition/purification-decision-identifier]]} {[]}
","Purification Decision Identifier","ID lokal yang ditetapkan untuk respons klaim","","","","","","","","","",,,,,"",,,,"Element.extension",0,*,"","ele-1:All FHIR elements must have a @value or children {hasValue() or (children().count() > id.count())}
ext-1:Must have either extensions or value[x], not both {extension.exists() != value.exists()}"
"Extension.extension:identifier.id","Extension.extension.id","","","",0,1,"","","","string {[]} {[]}
","Unique id for inter-element referencing","Unique id for the element within a resource (for internal references). This may be any string value that does not contain spaces.","","","","","","","","","",,,,,"",,,,"Element.id",0,1,"","","n/a"
"Extension.extension:identifier.extension","Extension.extension.extension","","","",0,0,"","","","Extension {[]} {[]}
","Extension","An Extension","","","","","","","","","",,,,,"","value:url}
","Extensions are always sliced by (at least) url",,"open","Element.extension",0,*,"","ele-1:All FHIR elements must have a @value or children {hasValue() or (children().count() > id.count())}
ext-1:Must have either extensions or value[x], not both {extension.exists() != value.exists()}"
"Extension.extension:identifier.url","Extension.extension.url","","","",1,1,"","","","uri {[]} {[]}
","identifies the meaning of the extension","Source of the definition for the extension code - a logical name or a URL.","The definition may point directly to a computable or human-readable definition of the extensibility codes, or it may be a logical URI as declared in some other specification. The definition SHALL be a URI for the Structure Definition defining the extension.","","","","<valueUri xmlns=""http://hl7.org/fhir"" value=""identifier""/>","","","","",,,,,"",,,,"Extension.url",1,1,"","","N/A"
"Extension.extension:identifier.value[x]","Extension.extension.value[x]","","","",1,1,"","","","Identifier {[]} {[]}
","ID lokal respons klaim","Berisi data ID lokal yang ditetapkan untuk respons klaim dengan tipe data Identifier.","","","","","","","","","",,,,,"",,,,"Extension.value[x]",0,1,"","ele-1:All FHIR elements must have a @value or children {hasValue() or (children().count() > id.count())}
","N/A"
"Extension.extension:status","Extension.extension","status","","",1,1,"","","","Extension {[CanonicalType[https://fhir.kemkes.go.id/r4/StructureDefinition/purification-decision-status]]} {[]}
","Purification Decision Status","Status purifikasi","","","","","","","","","",,,,,"",,,,"Element.extension",0,*,"","ele-1:All FHIR elements must have a @value or children {hasValue() or (children().count() > id.count())}
ext-1:Must have either extensions or value[x], not both {extension.exists() != value.exists()}"
"Extension.extension:status.id","Extension.extension.id","","","",0,1,"","","","string {[]} {[]}
","Unique id for inter-element referencing","Unique id for the element within a resource (for internal references). This may be any string value that does not contain spaces.","","","","","","","","","",,,,,"",,,,"Element.id",0,1,"","","n/a"
"Extension.extension:status.extension","Extension.extension.extension","","","",0,0,"","","","Extension {[]} {[]}
","Extension","An Extension","","","","","","","","","",,,,,"","value:url}
","Extensions are always sliced by (at least) url",,"open","Element.extension",0,*,"","ele-1:All FHIR elements must have a @value or children {hasValue() or (children().count() > id.count())}
ext-1:Must have either extensions or value[x], not both {extension.exists() != value.exists()}"
"Extension.extension:status.url","Extension.extension.url","","","",1,1,"","","","uri {[]} {[]}
","identifies the meaning of the extension","Source of the definition for the extension code - a logical name or a URL.","The definition may point directly to a computable or human-readable definition of the extensibility codes, or it may be a logical URI as declared in some other specification. The definition SHALL be a URI for the Structure Definition defining the extension.","","","","<valueUri xmlns=""http://hl7.org/fhir"" value=""status""/>","","","","",,,,,"",,,,"Extension.url",1,1,"","","N/A"
"Extension.extension:status.value[x]","Extension.extension.value[x]","","","",1,1,"","","","CodeableConcept {[]} {[]}
","Status purifikasi","Berisi data status purifikasi dengan tipe data CodeableConcept.","","","","","","","","","",,,,,"",,,,"Extension.value[x]",0,1,"","ele-1:All FHIR elements must have a @value or children {hasValue() or (children().count() > id.count())}
","N/A"
"Extension.extension:insurer","Extension.extension","insurer","","",0,1,"","","","Extension {[CanonicalType[https://fhir.kemkes.go.id/r4/StructureDefinition/purification-decision-insurer]]} {[]}
","Purification Decision Insurer","Organisasi yang mengeluarkan hasil purifikasi","","","","","","","","","",,,,,"",,,,"Element.extension",0,*,"","ele-1:All FHIR elements must have a @value or children {hasValue() or (children().count() > id.count())}
ext-1:Must have either extensions or value[x], not both {extension.exists() != value.exists()}"
"Extension.extension:insurer.id","Extension.extension.id","","","",0,1,"","","","string {[]} {[]}
","Unique id for inter-element referencing","Unique id for the element within a resource (for internal references). This may be any string value that does not contain spaces.","","","","","","","","","",,,,,"",,,,"Element.id",0,1,"","","n/a"
"Extension.extension:insurer.extension","Extension.extension.extension","","","",0,0,"","","","Extension {[]} {[]}
","Extension","An Extension","","","","","","","","","",,,,,"","value:url}
","Extensions are always sliced by (at least) url",,"open","Element.extension",0,*,"","ele-1:All FHIR elements must have a @value or children {hasValue() or (children().count() > id.count())}
ext-1:Must have either extensions or value[x], not both {extension.exists() != value.exists()}"
"Extension.extension:insurer.url","Extension.extension.url","","","",1,1,"","","","uri {[]} {[]}
","identifies the meaning of the extension","Source of the definition for the extension code - a logical name or a URL.","The definition may point directly to a computable or human-readable definition of the extensibility codes, or it may be a logical URI as declared in some other specification. The definition SHALL be a URI for the Structure Definition defining the extension.","","","","<valueUri xmlns=""http://hl7.org/fhir"" value=""insurer""/>","","","","",,,,,"",,,,"Extension.url",1,1,"","","N/A"
"Extension.extension:insurer.value[x]","Extension.extension.value[x]","","","",1,1,"","","","Reference {[]} {[CanonicalType[http://hl7.org/fhir/StructureDefinition/Organization]]}
","Organisasi pengeluara hasil purifikasi","Berisi data organisasi yang mengeluarkan hasil purifikasi dengan tipe data Reference yang direferensikan ke data yang disimpan di resource Organization.","","","","","","","","","",,,,,"",,,,"Extension.value[x]",0,1,"","ele-1:All FHIR elements must have a @value or children {hasValue() or (children().count() > id.count())}
","N/A"
"Extension.extension:provider","Extension.extension","provider","","",0,1,"","","","Extension {[CanonicalType[https://fhir.kemkes.go.id/r4/StructureDefinition/purification-decision-provider]]} {[]}
","Purification Decision Provider","Provider yang memberikan tindak lanjut atas hasil purifikasi","","","","","","","","","",,,,,"",,,,"Element.extension",0,*,"","ele-1:All FHIR elements must have a @value or children {hasValue() or (children().count() > id.count())}
ext-1:Must have either extensions or value[x], not both {extension.exists() != value.exists()}"
"Extension.extension:provider.id","Extension.extension.id","","","",0,1,"","","","string {[]} {[]}
","Unique id for inter-element referencing","Unique id for the element within a resource (for internal references). This may be any string value that does not contain spaces.","","","","","","","","","",,,,,"",,,,"Element.id",0,1,"","","n/a"
"Extension.extension:provider.extension","Extension.extension.extension","","","",0,0,"","","","Extension {[]} {[]}
","Extension","An Extension","","","","","","","","","",,,,,"","value:url}
","Extensions are always sliced by (at least) url",,"open","Element.extension",0,*,"","ele-1:All FHIR elements must have a @value or children {hasValue() or (children().count() > id.count())}
ext-1:Must have either extensions or value[x], not both {extension.exists() != value.exists()}"
"Extension.extension:provider.url","Extension.extension.url","","","",1,1,"","","","uri {[]} {[]}
","identifies the meaning of the extension","Source of the definition for the extension code - a logical name or a URL.","The definition may point directly to a computable or human-readable definition of the extensibility codes, or it may be a logical URI as declared in some other specification. The definition SHALL be a URI for the Structure Definition defining the extension.","","","","<valueUri xmlns=""http://hl7.org/fhir"" value=""provider""/>","","","","",,,,,"",,,,"Extension.url",1,1,"","","N/A"
"Extension.extension:provider.value[x]","Extension.extension.value[x]","","","",1,1,"","","","Reference {[]} {[CanonicalType[http://hl7.org/fhir/StructureDefinition/Organization]]}
","Provider tindak lanjut","Berisi data provider yang memberikan tindak lanjut atas hasil purifikasi dengan tipe data Reference yang direferensikan ke data yang disimpan di resource Organization.","","","","","","","","","",,,,,"",,,,"Extension.value[x]",0,1,"","ele-1:All FHIR elements must have a @value or children {hasValue() or (children().count() > id.count())}
","N/A"
"Extension.extension:claimResponse","Extension.extension","claimResponse","","",0,1,"","","","Extension {[CanonicalType[https://fhir.kemkes.go.id/r4/StructureDefinition/purification-decision-claim-response]]} {[]}
","Purification Decision Claim Response","Respon klaim terkait dengan hasil purifikasi","","","","","","","","","",,,,,"",,,,"Element.extension",0,*,"","ele-1:All FHIR elements must have a @value or children {hasValue() or (children().count() > id.count())}
ext-1:Must have either extensions or value[x], not both {extension.exists() != value.exists()}"
"Extension.extension:claimResponse.id","Extension.extension.id","","","",0,1,"","","","string {[]} {[]}
","Unique id for inter-element referencing","Unique id for the element within a resource (for internal references). This may be any string value that does not contain spaces.","","","","","","","","","",,,,,"",,,,"Element.id",0,1,"","","n/a"
"Extension.extension:claimResponse.extension","Extension.extension.extension","","","",0,0,"","","","Extension {[]} {[]}
","Extension","An Extension","","","","","","","","","",,,,,"","value:url}
","Extensions are always sliced by (at least) url",,"open","Element.extension",0,*,"","ele-1:All FHIR elements must have a @value or children {hasValue() or (children().count() > id.count())}
ext-1:Must have either extensions or value[x], not both {extension.exists() != value.exists()}"
"Extension.extension:claimResponse.url","Extension.extension.url","","","",1,1,"","","","uri {[]} {[]}
","identifies the meaning of the extension","Source of the definition for the extension code - a logical name or a URL.","The definition may point directly to a computable or human-readable definition of the extensibility codes, or it may be a logical URI as declared in some other specification. The definition SHALL be a URI for the Structure Definition defining the extension.","","","","<valueUri xmlns=""http://hl7.org/fhir"" value=""claimResponse""/>","","","","",,,,,"",,,,"Extension.url",1,1,"","","N/A"
"Extension.extension:claimResponse.value[x]","Extension.extension.value[x]","","","",1,1,"","","","Reference {[]} {[CanonicalType[http://hl7.org/fhir/StructureDefinition/ClaimResponse]]}
","Respon klaim terkait","Berisi data respon klaim terkait dengan hasil purifikasi dengan tipe data Reference yang direferensikan ke data yang disimpan di resource ClaimResponse.","","","","","","","","","",,,,,"",,,,"Extension.value[x]",0,1,"","ele-1:All FHIR elements must have a @value or children {hasValue() or (children().count() > id.count())}
","N/A"
"Extension.extension:created","Extension.extension","created","","",1,1,"","","","Extension {[CanonicalType[https://fhir.kemkes.go.id/r4/StructureDefinition/purification-decision-created]]} {[]}
","Purification Decision Created","Tanggal dan waktu pembuatan tindak lanjut hasil purifikasi","","","","","","","","","",,,,,"",,,,"Element.extension",0,*,"","ele-1:All FHIR elements must have a @value or children {hasValue() or (children().count() > id.count())}
ext-1:Must have either extensions or value[x], not both {extension.exists() != value.exists()}"
"Extension.extension:created.id","Extension.extension.id","","","",0,1,"","","","string {[]} {[]}
","Unique id for inter-element referencing","Unique id for the element within a resource (for internal references). This may be any string value that does not contain spaces.","","","","","","","","","",,,,,"",,,,"Element.id",0,1,"","","n/a"
"Extension.extension:created.extension","Extension.extension.extension","","","",0,0,"","","","Extension {[]} {[]}
","Extension","An Extension","","","","","","","","","",,,,,"","value:url}
","Extensions are always sliced by (at least) url",,"open","Element.extension",0,*,"","ele-1:All FHIR elements must have a @value or children {hasValue() or (children().count() > id.count())}
ext-1:Must have either extensions or value[x], not both {extension.exists() != value.exists()}"
"Extension.extension:created.url","Extension.extension.url","","","",1,1,"","","","uri {[]} {[]}
","identifies the meaning of the extension","Source of the definition for the extension code - a logical name or a URL.","The definition may point directly to a computable or human-readable definition of the extensibility codes, or it may be a logical URI as declared in some other specification. The definition SHALL be a URI for the Structure Definition defining the extension.","","","","<valueUri xmlns=""http://hl7.org/fhir"" value=""created""/>","","","","",,,,,"",,,,"Extension.url",1,1,"","","N/A"
"Extension.extension:created.value[x]","Extension.extension.value[x]","","","",1,1,"","","","dateTime {[]} {[]}
","Waktu pembuatan tindak lanjut","Berisi data tanggal dan waktu pembuatan tindak lanjut hasil purifikasi dengan tipe data dateTime.","","","","","","","","","",,,,,"",,,,"Extension.value[x]",0,1,"","ele-1:All FHIR elements must have a @value or children {hasValue() or (children().count() > id.count())}
","N/A"
"Extension.url","Extension.url","","","",1,1,"","","","uri {[]} {[]}
","identifies the meaning of the extension","Source of the definition for the extension code - a logical name or a URL.","The definition may point directly to a computable or human-readable definition of the extensibility codes, or it may be a logical URI as declared in some other specification. The definition SHALL be a URI for the Structure Definition defining the extension.","","","","<valueUri xmlns=""http://hl7.org/fhir"" value=""https://fhir.kemkes.go.id/r4/StructureDefinition/PurificationDecision""/>","","","","",,,,,"",,,,"Extension.url",1,1,"","","N/A"
"Extension.value[x]","Extension.value[x]","","","",0,0,"","","","base64Binary {[]} {[]}
boolean {[]} {[]}canonical {[]} {[]}code {[]} {[]}date {[]} {[]}dateTime {[]} {[]}decimal {[]} {[]}id {[]} {[]}instant {[]} {[]}integer {[]} {[]}markdown {[]} {[]}oid {[]} {[]}positiveInt {[]} {[]}string {[]} {[]}time {[]} {[]}unsignedInt {[]} {[]}uri {[]} {[]}url {[]} {[]}uuid {[]} {[]}Address {[]} {[]}Age {[]} {[]}Annotation {[]} {[]}Attachment {[]} {[]}CodeableConcept {[]} {[]}Coding {[]} {[]}ContactPoint {[]} {[]}Count {[]} {[]}Distance {[]} {[]}Duration {[]} {[]}HumanName {[]} {[]}Identifier {[]} {[]}Money {[]} {[]}Period {[]} {[]}Quantity {[]} {[]}Range {[]} {[]}Ratio {[]} {[]}Reference {[]} {[]}SampledData {[]} {[]}Signature {[]} {[]}Timing {[]} {[]}ContactDetail {[]} {[]}Contributor {[]} {[]}DataRequirement {[]} {[]}Expression {[]} {[]}ParameterDefinition {[]} {[]}RelatedArtifact {[]} {[]}TriggerDefinition {[]} {[]}UsageContext {[]} {[]}Dosage {[]} {[]}Meta {[]} {[]}","Value of extension","Value of extension - must be one of a constrained set of the data types (see [Extensibility](http://hl7.org/fhir/R4/extensibility.html) for a list).","","","","","","","","","",,,,,"",,,,"Extension.value[x]",0,1,"","ele-1:All FHIR elements must have a @value or children {hasValue() or (children().count() > id.count())}
","N/A"
