"Id","Path","Slice Name","Alias(s)","Label","Min","Max","Must Support?","Is Modifier?","Is Summary?","Type(s)","Short","Definition","Comments","Requirements","Default Value","Meaning When Missing","Fixed Value","Pattern","Example","Minimum Value","Maximum Value","Maximum Length","Binding Strength","Binding Description","Binding Value Set","Code","Slicing Discriminator","Slicing Description","Slicing Ordered","Slicing Rules","Base Path","Base Min","Base Max","Condition(s)","Constraint(s)","Mapping: Workflow Pattern","Mapping: RIM Mapping","Mapping: FiveWs Pattern Mapping","Mapping: HL7 v2 Mapping"
"Procedure","Procedure","","","",0,*,"","","","null {[]} {[]}
","An action that is being or was performed on a patient","An action that is or was performed on or for a patient. This can be a physical intervention like an operation, or less invasive like long term services, counseling, or hypnotherapy.","","","","","","","","","",,,,,"",,,,"Procedure",0,*,"","dom-2:If the resource is contained in another resource, it SHALL NOT contain nested Resources {contained.contained.empty()}
dom-3:If the resource is contained in another resource, it SHALL be referred to from elsewhere in the resource or SHALL refer to the containing resource {contained.where((('#'+id in (%resource.descendants().reference | %resource.descendants().as(canonical) | %resource.descendants().as(uri) | %resource.descendants().as(url))) or descendants().where(reference = '#').exists() or descendants().where(as(canonical) = '#').exists() or descendants().where(as(canonical) = '#').exists()).not()).trace('unmatched', id).empty()}dom-4:If a resource is contained in another resource, it SHALL NOT have a meta.versionId or a meta.lastUpdated {contained.meta.versionId.empty() and contained.meta.lastUpdated.empty()}dom-5:If a resource is contained in another resource, it SHALL NOT have a security label {contained.meta.security.empty()}dom-6:A resource should have narrative for robust management {text.`div`.exists()}","Event","Entity. Role, or Act","Procedure[moodCode=EVN]"
"Procedure.id","Procedure.id","","","",0,1,"","","Y","id {[]} {[]}
","Logical id of this artifact","The logical id of the resource, as used in the URL for the resource. Once assigned, this value never changes.","The only time that a resource does not have an id is when it is being submitted to the server using a create operation.","","","","","","","","",,,,,"",,,,"Resource.id",0,1,"",""
"Procedure.meta","Procedure.meta","","","",0,1,"","","Y","Meta {[]} {[]}
","Metadata about the resource","The metadata about the resource. This is content that is maintained by the infrastructure. Changes to the content might not always be associated with version changes to the resource.","","","","","","","","","",,,,,"",,,,"Resource.meta",0,1,"","ele-1:All FHIR elements must have a @value or children {hasValue() or (children().count() > id.count())}
"
"Procedure.implicitRules","Procedure.implicitRules","","","",0,1,"","Y","Y","uri {[]} {[]}
","A set of rules under which this content was created","A reference to a set of rules that were followed when the resource was constructed, and which must be understood when processing the content. Often, this is a reference to an implementation guide that defines the special rules along with other profiles etc.","Asserting this rule set restricts the content to be only understood by a limited set of trading partners. This inherently limits the usefulness of the data in the long term. However, the existing health eco-system is highly fractured, and not yet ready to define, collect, and exchange data in a generally computable sense. Wherever possible, implementers and/or specification writers should avoid using this element. Often, when used, the URL is a reference to an implementation guide that defines these special rules as part of it's narrative along with other profiles, value sets, etc.","","","","","","","","",,,,,"",,,,"Resource.implicitRules",0,1,"","ele-1:All FHIR elements must have a @value or children {hasValue() or (children().count() > id.count())}
"
"Procedure.language","Procedure.language","","","",0,1,"","","","code {[]} {[]}
","Language of the resource content","The base language in which the resource is written.","Language is provided to support indexing and accessibility (typically, services such as text to speech use the language tag). The html language tag in the narrative applies  to the narrative. The language tag on the resource may be used to specify the language of other presentations generated from the data in the resource. Not all the content has to be in the base language. The Resource.language should not be assumed to apply to the narrative automatically. If a language is specified, it should it also be specified on the div element in the html (see rules in HTML5 for information about the relationship between xml:lang and the html lang attribute).","","","","","","","","",,"preferred","A human language.","http://hl7.org/fhir/ValueSet/languages|4.0.1","",,,,"Resource.language",0,1,"","ele-1:All FHIR elements must have a @value or children {hasValue() or (children().count() > id.count())}
"
"Procedure.text","Procedure.text","","narrative
htmlxhtmldisplay","",0,1,"","","","Narrative {[]} {[]}
","Text summary of the resource, for human interpretation","A human-readable narrative that contains a summary of the resource and can be used to represent the content of the resource to a human. The narrative need not encode all the structured data, but is required to contain sufficient detail to make it ""clinically safe"" for a human to just read the narrative. Resource definitions may define what content should be represented in the narrative to ensure clinical safety.","Contained resources do not have narrative. Resources that are not contained SHOULD have a narrative. In some cases, a resource may only have text with little or no additional discrete data (as long as all minOccurs=1 elements are satisfied).  This may be necessary for data from legacy systems where information is captured as a ""text blob"" or where text is additionally entered raw or narrated and encoded information is added later.","","","","","","","","",,,,,"",,,,"DomainResource.text",0,1,"","ele-1:All FHIR elements must have a @value or children {hasValue() or (children().count() > id.count())}
","Act.text?"
"Procedure.contained","Procedure.contained","","inline resources
anonymous resourcescontained resources","",0,*,"","","","Resource {[]} {[]}
","Contained, inline Resources","These resources do not have an independent existence apart from the resource that contains them - they cannot be identified independently, and nor can they have their own independent transaction scope.","This should never be done when the content can be identified properly, as once identification is lost, it is extremely difficult (and context dependent) to restore it again. Contained resources may have profiles and tags In their meta elements, but SHALL NOT have security labels.","","","","","","","","",,,,,"",,,,"DomainResource.contained",0,*,"","","N/A"
"Procedure.extension","Procedure.extension","","extensions
user content","",0,*,"","","","Extension {[]} {[]}
","Additional content defined by implementations","May be used to represent additional information that is not part of the basic definition of the resource. To make the use of extensions safe and manageable, there is a strict set of governance  applied to the definition and use of extensions. Though any implementer can define an extension, there is a set of requirements that SHALL be met as part of the definition of the extension.","There can be no stigma associated with the use of extensions by any application, project, or standard - regardless of the institution or jurisdiction that uses or defines the extensions.  The use of extensions is what allows the FHIR specification to retain a core level of simplicity for everyone.","","","","","","","","",,,,,"",,,,"DomainResource.extension",0,*,"","ele-1:All FHIR elements must have a @value or children {hasValue() or (children().count() > id.count())}
ext-1:Must have either extensions or value[x], not both {extension.exists() != value.exists()}","N/A"
"Procedure.modifierExtension","Procedure.modifierExtension","","extensions
user content","",0,*,"","Y","","Extension {[]} {[]}
","Extensions that cannot be ignored","May be used to represent additional information that is not part of the basic definition of the resource and that modifies the understanding of the element that contains it and/or the understanding of the containing element's descendants. Usually modifier elements provide negation or qualification. To make the use of extensions safe and manageable, there is a strict set of governance applied to the definition and use of extensions. Though any implementer is allowed to define an extension, there is a set of requirements that SHALL be met as part of the definition of the extension. Applications processing a resource are required to check for modifier extensions.

Modifier extensions SHALL NOT change the meaning of any elements on Resource or DomainResource (including cannot change the meaning of modifierExtension itself).","There can be no stigma associated with the use of extensions by any application, project, or standard - regardless of the institution or jurisdiction that uses or defines the extensions.  The use of extensions is what allows the FHIR specification to retain a core level of simplicity for everyone.","Modifier extensions allow for extensions that *cannot* be safely ignored to be clearly distinguished from the vast majority of extensions which can be safely ignored.  This promotes interoperability by eliminating the need for implementers to prohibit the presence of extensions. For further information, see the [definition of modifier extensions](http://hl7.org/fhir/R4/extensibility.html#modifierExtension).","","","","","","","",,,,,"",,,,"DomainResource.modifierExtension",0,*,"","ele-1:All FHIR elements must have a @value or children {hasValue() or (children().count() > id.count())}
ext-1:Must have either extensions or value[x], not both {extension.exists() != value.exists()}","N/A"
"Procedure.identifier","Procedure.identifier","","","",0,*,"","","Y","Identifier {[]} {[]}
","External Identifiers for this procedure","Berisi data id internal faskes untuk prosedur ini. Ini adalah ID resmi yang diterbitkan oleh faskes untuk menandai prosedur yang dilakukan ke pasien, yang setiap datanya direpresentasikan dengan tipe data Identifier.","This is a business identifier, not a resource identifier (see [discussion](http://hl7.org/fhir/R4/resource.html#identifiers)).  It is best practice for the identifier to only appear on a single resource instance, however business practices may occasionally dictate that multiple resource instances with the same identifier can exist - possibly even with different resource types.  For example, multiple Patient and Person resource instances might share the same social insurance number.","Allows identification of the procedure as it is known by various participating systems and in a way that remains consistent across servers.","","","","","","","",,,,,"",,,,"Procedure.identifier",0,*,"","ele-1:All FHIR elements must have a @value or children {hasValue() or (children().count() > id.count())}
","Event.identifier",".id","FiveWs.identifier","Some combination of ORC-2 / ORC-3 / OBR-2 / OBR-3 / IPC-1 / IPC-2 / IPC-3 / IPC-4"
"Procedure.instantiatesCanonical","Procedure.instantiatesCanonical","","","",0,*,"","","Y","canonical {[]} {[CanonicalType[http://hl7.org/fhir/StructureDefinition/PlanDefinition|4.0.1], CanonicalType[http://hl7.org/fhir/StructureDefinition/ActivityDefinition|4.0.1], CanonicalType[http://hl7.org/fhir/StructureDefinition/Measure|4.0.1], CanonicalType[http://hl7.org/fhir/StructureDefinition/OperationDefinition|4.0.1], CanonicalType[http://hl7.org/fhir/StructureDefinition/Questionnaire|4.0.1]]}
","Instantiates FHIR protocol or definition","Berisi data mengenai URL yang mengarah ke protokol, panduan, rangkaian pesanan, atau definisi lain yang ditentukan oleh FHIR yang dipatuhi seluruhnya atau sebagian oleh rosedur ini dengan tipe data canonical.","","","","","","","","","",,,,,"",,,,"Procedure.instantiatesCanonical",0,*,"","ele-1:All FHIR elements must have a @value or children {hasValue() or (children().count() > id.count())}
","Event.instantiatesCanonical",".outboundRelationship[typeCode=DEFN].target"
"Procedure.instantiatesUri","Procedure.instantiatesUri","","","",0,*,"","","Y","uri {[]} {[]}
","Instantiates external protocol or definition","Berisi data mengenai URL yang menunjuk ke protokol, panduan, rangkaian pesanan, atau definisi lain yang dikelola secara eksternal yang dipatuhi seluruhnya atau sebagian oleh prosedur ini dengan tipe data uri.","This might be an HTML page, PDF, etc. or could just be a non-resolvable URI identifier.","","","","","","","","",,,,,"",,,,"Procedure.instantiatesUri",0,*,"","ele-1:All FHIR elements must have a @value or children {hasValue() or (children().count() > id.count())}
","Event.instantiatesUri",".outboundRelationship[typeCode=DEFN].target"
"Procedure.basedOn","Procedure.basedOn","","fulfills
","",0,*,"","","Y","Reference {[]} {[CanonicalType[http://hl7.org/fhir/StructureDefinition/CarePlan|4.0.1], CanonicalType[http://hl7.org/fhir/StructureDefinition/ServiceRequest|4.0.1]]}
","A request for this procedure","Berisi data yang merekam permintaan dilakukannya tindakan dengan tipe data Reference, yang direferensikan ke data yang tersimpan di resource CarePlan | ServiceRequest.","","","","","","","","","",,,,,"",,,,"Procedure.basedOn",0,*,"","ele-1:All FHIR elements must have a @value or children {hasValue() or (children().count() > id.count())}
","Event.basedOn",".outboundRelationship[typeCode=FLFS].target[classCode=(various e.g. PROC, OBS, PCPR, ACT,  moodCode=RQO].code"
"Procedure.partOf","Procedure.partOf","","container
","",0,*,"","","Y","Reference {[]} {[CanonicalType[http://hl7.org/fhir/StructureDefinition/Procedure|4.0.1], CanonicalType[http://hl7.org/fhir/StructureDefinition/Observation|4.0.1], CanonicalType[http://hl7.org/fhir/StructureDefinition/MedicationAdministration|4.0.1]]}
","Part of referenced event","Berisi data peristiwa/kejadian yang lebih bisa di mana prosedur merupakan bagian, komponen atau langkah dari peristiwa tersebut dengan tipe data Reference, yang direferensikan ke data yang tersimpan di resource Procedure | Observation | MedicationAdministration.","The MedicationAdministration resource has a partOf reference to Procedure, but this is not a circular reference.   For example, the anesthesia MedicationAdministration is part of the surgical Procedure (MedicationAdministration.partOf = Procedure).  For example, the procedure to insert the IV port for an IV medication administration is part of the medication administration (Procedure.partOf = MedicationAdministration).","","","","","","","","",,,,,"",,,,"Procedure.partOf",0,*,"","ele-1:All FHIR elements must have a @value or children {hasValue() or (children().count() > id.count())}
","Event.partOf",".inboundRelationship[typeCode=COMP].source[classCode=SBADM or PROC or OBS, moodCode=EVN]"
"Procedure.status","Procedure.status","","","",1,1,"","Y","Y","code {[]} {[]}
","preparation | in-progress | not-done | on-hold | stopped | completed | entered-in-error | unknown","Berisi data yang menyatakan kondisi suatu prosedur yang umumnya dalam keadaan masih berlangsung atau telah selesai dengan tipe data code, yang nilainya mengacu pada data terminologi EventStatus.","The ""unknown"" code is not to be used to convey other statuses.  The ""unknown"" code should be used when one of the statuses applies, but the authoring system doesn't know the current state of the procedure.

This element is labeled as a modifier because the status contains codes that mark the resource as not currently valid.","","","","","","","","",,"required","A code specifying the state of the procedure.","http://hl7.org/fhir/ValueSet/event-status|4.0.1","",,,,"Procedure.status",1,1,"","ele-1:All FHIR elements must have a @value or children {hasValue() or (children().count() > id.count())}
","Event.status","statusCode","FiveWs.status"
"Procedure.statusReason","Procedure.statusReason","","Suspended Reason
Cancelled Reason","",0,1,"","","Y","CodeableConcept {[]} {[]}
","Reason for current status","Berisi data yang berkaitan dengan alasan suatu prosedur saat ini dengan tipe data CodeableConcept.","This is generally only used for ""exception"" statuses such as ""not-done"", ""suspended"" or ""aborted"". The reason for performing the event at all is captured in reasonCode, not here.","","","","","","","","",,"example","A code that identifies the reason a procedure was not performed.","http://hl7.org/fhir/ValueSet/procedure-not-performed-reason|4.0.1","",,,,"Procedure.statusReason",0,1,"","ele-1:All FHIR elements must have a @value or children {hasValue() or (children().count() > id.count())}
","Event.statusReason",".reason.Observation.value"
"Procedure.category","Procedure.category","","","",0,1,"","","Y","CodeableConcept {[]} {[]}
","Classification of the procedure","Berisi data yang berkaitan dengan klasifikasi prosedur yang dapat digunakan untuk pencarian, penyusunan, dan tampilan dengan tipe data CodeableConcept.","","","","","","","","","",,"example","A code that classifies a procedure for searching, sorting and display purposes.","http://hl7.org/fhir/ValueSet/procedure-category|4.0.1","",,,,"Procedure.category",0,1,"","ele-1:All FHIR elements must have a @value or children {hasValue() or (children().count() > id.count())}
",".outboundRelationship[typeCode=""COMP].target[classCode=""LIST"", moodCode=""EVN""].code","FiveWs.class"
"Procedure.code","Procedure.code","","type
","",1,1,"","","Y","CodeableConcept {[]} {[]}
","Identification of the procedure","Berisi data berkaitan dengan kode tindakan kepada pasien dengan tipe data CodeableConcept.","","0..1 to account for primarily narrative only resources.","","","","","","","",,"example","A code to identify a specific procedure .","http://hl7.org/fhir/ValueSet/procedure-code|4.0.1","",,,,"Procedure.code",0,1,"","ele-1:All FHIR elements must have a @value or children {hasValue() or (children().count() > id.count())}
","Event.code",".code","FiveWs.what[x]","OBR-44/OBR-45"
"Procedure.subject","Procedure.subject","","patient
","",1,1,"","","Y","Reference {[]} {[CanonicalType[http://hl7.org/fhir/StructureDefinition/Patient|4.0.1], CanonicalType[http://hl7.org/fhir/StructureDefinition/Group|4.0.1]]}
","Who the procedure was performed on","Berisi data subjek pasien yang memiliki hasil laporan tersebut dengan tipe data Reference, yang direferensikan ke data yang tersimpan di resource Patient | Group.","","","","","","","","","",,,,,"",,,,"Procedure.subject",1,1,"","ele-1:All FHIR elements must have a @value or children {hasValue() or (children().count() > id.count())}
","Event.subject",".participation[typeCode=SBJ].role","FiveWs.subject[x]","FiveWs.subject","PID-3"
"Procedure.encounter","Procedure.encounter","","","",1,1,"","","Y","Reference {[]} {[CanonicalType[http://hl7.org/fhir/StructureDefinition/Encounter|4.0.1]]}
","Encounter created as part of","Berisi data mengenai informasi terkait kode atau nomor kunjungan yang dimiliki oleh lokasi induk dengan tipe data Reference, yang direferensikan ke data yang tersimpan di resource Encounter.","This will typically be the encounter the event occurred within, but some activities may be initiated prior to or after the official completion of an encounter but still be tied to the context of the encounter.","","","","","","","","",,,,,"",,,,"Procedure.encounter",0,1,"","ele-1:All FHIR elements must have a @value or children {hasValue() or (children().count() > id.count())}
","Event.context",".inboundRelationship[typeCode=COMP].source[classCode=ENC, moodCode=EVN]","FiveWs.context","PV1-19"
"Procedure.performed[x]","Procedure.performed[x]","","","",0,1,"","","Y","dateTime {[]} {[]}
Period {[]} {[]}string {[]} {[]}Age {[]} {[]}Range {[]} {[]}","When the procedure was performed","Berisi data mengenai perkiraan atau tanggal aktual (tanggal-waktu) periode, atau usia saat prosedur dilakukan.","Age is generally used when the patient reports an age at which the procedure was performed. Range is generally used when the patient reports an age range when the procedure was performed, such as sometime between 20-25 years old.  dateTime supports a range of precision due to some procedures being reported as past procedures that might not have millisecond precision while other procedures performed and documented during the encounter might have more precise UTC timestamps with timezone.","","","","","","","","",,,,,"","type:$this}
","",,"closed","Procedure.performed[x]",0,1,"","ele-1:All FHIR elements must have a @value or children {hasValue() or (children().count() > id.count())}
","Event.occurrence[x]",".effectiveTime","FiveWs.done[x]","OBR-7"
"Procedure.performed[x]:performedDateTime","Procedure.performed[x]","performedDateTime","","",0,1,"","","Y","dateTime {[]} {[]}
","When the procedure was performed","Berisi data mengenai kapan prosedur dilakukan dengan tipe data dateTime, dengan format yang diperbolehkan YYYY, YYYY-MM, YYYY-MM-DD atau YYYY-MM-DDThh:mm:ss+zz:zz.","Age is generally used when the patient reports an age at which the procedure was performed. Range is generally used when the patient reports an age range when the procedure was performed, such as sometime between 20-25 years old.  dateTime supports a range of precision due to some procedures being reported as past procedures that might not have millisecond precision while other procedures performed and documented during the encounter might have more precise UTC timestamps with timezone.","","","","","","","","",,,,,"",,,,"Procedure.performed[x]",0,1,"","ele-1:All FHIR elements must have a @value or children {hasValue() or (children().count() > id.count())}
","Event.occurrence[x]",".effectiveTime","FiveWs.done[x]","OBR-7"
"Procedure.performed[x]:performedPeriod","Procedure.performed[x]","performedPeriod","","",0,1,"","","Y","Period {[]} {[]}
","When the procedure was performed","Berisi data waktu dari prosedur dimulai sampai selesai (arrived to finished) dengan tipe data Period.","Age is generally used when the patient reports an age at which the procedure was performed. Range is generally used when the patient reports an age range when the procedure was performed, such as sometime between 20-25 years old.  dateTime supports a range of precision due to some procedures being reported as past procedures that might not have millisecond precision while other procedures performed and documented during the encounter might have more precise UTC timestamps with timezone.","","","","","","","","",,,,,"",,,,"Procedure.performed[x]",0,1,"","ele-1:All FHIR elements must have a @value or children {hasValue() or (children().count() > id.count())}
","Event.occurrence[x]",".effectiveTime","FiveWs.done[x]","OBR-7"
"Procedure.performed[x]:performedString","Procedure.performed[x]","performedString","","",0,1,"","","Y","string {[]} {[]}
","When the procedure was performed","Berisi data mengenai kapan prosedur dilakukan dengan tipe data string.","Age is generally used when the patient reports an age at which the procedure was performed. Range is generally used when the patient reports an age range when the procedure was performed, such as sometime between 20-25 years old.  dateTime supports a range of precision due to some procedures being reported as past procedures that might not have millisecond precision while other procedures performed and documented during the encounter might have more precise UTC timestamps with timezone.","","","","","","","","",,,,,"",,,,"Procedure.performed[x]",0,1,"","ele-1:All FHIR elements must have a @value or children {hasValue() or (children().count() > id.count())}
","Event.occurrence[x]",".effectiveTime","FiveWs.done[x]","OBR-7"
"Procedure.performed[x]:performedAge","Procedure.performed[x]","performedAge","","",0,1,"","","Y","Age {[]} {[]}
","When the procedure was performed","Berisi data mengenai kapan prosedur dilakukan dengan tipe data Age.","Age is generally used when the patient reports an age at which the procedure was performed. Range is generally used when the patient reports an age range when the procedure was performed, such as sometime between 20-25 years old.  dateTime supports a range of precision due to some procedures being reported as past procedures that might not have millisecond precision while other procedures performed and documented during the encounter might have more precise UTC timestamps with timezone.","","","","","","","","",,,,,"",,,,"Procedure.performed[x]",0,1,"","ele-1:All FHIR elements must have a @value or children {hasValue() or (children().count() > id.count())}
","Event.occurrence[x]",".effectiveTime","FiveWs.done[x]","OBR-7"
"Procedure.performed[x]:performedRange","Procedure.performed[x]","performedRange","","",0,1,"","","Y","Range {[]} {[]}
","When the procedure was performed","Berisi data mengenai kapan prosedur dilakukan dengan tipe data Range.","Age is generally used when the patient reports an age at which the procedure was performed. Range is generally used when the patient reports an age range when the procedure was performed, such as sometime between 20-25 years old.  dateTime supports a range of precision due to some procedures being reported as past procedures that might not have millisecond precision while other procedures performed and documented during the encounter might have more precise UTC timestamps with timezone.","","","","","","","","",,,,,"",,,,"Procedure.performed[x]",0,1,"","ele-1:All FHIR elements must have a @value or children {hasValue() or (children().count() > id.count())}
","Event.occurrence[x]",".effectiveTime","FiveWs.done[x]","OBR-7"
"Procedure.recorder","Procedure.recorder","","","",0,1,"","","Y","Reference {[]} {[CanonicalType[http://hl7.org/fhir/StructureDefinition/Patient|4.0.1], CanonicalType[http://hl7.org/fhir/StructureDefinition/RelatedPerson|4.0.1], CanonicalType[http://hl7.org/fhir/StructureDefinition/Practitioner|4.0.1], CanonicalType[http://hl7.org/fhir/StructureDefinition/PractitionerRole|4.0.1]]}
","Who recorded the procedure","Berisi data mengenai siapa yang mencatatkan data tindakan yang dilakukan dengan tipe data Reference, yang direferensikan ke data yang tersimpan di resource Patient | RelatedPerson | Practitioner | PractitionerRole.","","","","","","","","","",,,,,"",,,,"Procedure.recorder",0,1,"","ele-1:All FHIR elements must have a @value or children {hasValue() or (children().count() > id.count())}
",".participation[typeCode=AUT].role","FiveWs.author"
"Procedure.asserter","Procedure.asserter","","","",0,1,"","","Y","Reference {[]} {[CanonicalType[http://hl7.org/fhir/StructureDefinition/Patient|4.0.1], CanonicalType[http://hl7.org/fhir/StructureDefinition/RelatedPerson|4.0.1], CanonicalType[http://hl7.org/fhir/StructureDefinition/Practitioner|4.0.1], CanonicalType[http://hl7.org/fhir/StructureDefinition/PractitionerRole|4.0.1]]}
","Person who asserts this procedure","Berisi data individu yang membuat pernyataan prosedur dengan tipe data Reference, yang direferensikan ke data yang tersimpan di resource Patient | RelatedPerson | Practitioner | PractitionerRole.","","","","","","","","","",,,,,"",,,,"Procedure.asserter",0,1,"","ele-1:All FHIR elements must have a @value or children {hasValue() or (children().count() > id.count())}
",".participation[typeCode=INF].role","FiveWs.source"
"Procedure.performer","Procedure.performer","","","",0,*,"","","Y","BackboneElement {[]} {[]}
","The people who performed the procedure","Berisi data mengenai orang yang melakukan prosedur dengan tipe data BackboneElement.","","","","","","","","","",,,,,"",,,,"Procedure.performer",0,*,"","ele-1:All FHIR elements must have a @value or children {hasValue() or (children().count() > id.count())}
","Event.performer",".participation[typeCode=PRF]"
"Procedure.performer.id","Procedure.performer.id","","","",0,1,"","","","string {[]} {[]}
","Unique id for inter-element referencing","Unique id for the element within a resource (for internal references). This may be any string value that does not contain spaces.","","","","","","","","","",,,,,"",,,,"Element.id",0,1,"","","n/a"
"Procedure.performer.extension","Procedure.performer.extension","","extensions
user content","",0,*,"","","","Extension {[]} {[]}
","Additional content defined by implementations","May be used to represent additional information that is not part of the basic definition of the element. To make the use of extensions safe and manageable, there is a strict set of governance  applied to the definition and use of extensions. Though any implementer can define an extension, there is a set of requirements that SHALL be met as part of the definition of the extension.","There can be no stigma associated with the use of extensions by any application, project, or standard - regardless of the institution or jurisdiction that uses or defines the extensions.  The use of extensions is what allows the FHIR specification to retain a core level of simplicity for everyone.","","","","","","","","",,,,,"",,,,"Element.extension",0,*,"","ele-1:All FHIR elements must have a @value or children {hasValue() or (children().count() > id.count())}
ext-1:Must have either extensions or value[x], not both {extension.exists() != value.exists()}","n/a"
"Procedure.performer.modifierExtension","Procedure.performer.modifierExtension","","extensions
user contentmodifiers","",0,*,"","Y","Y","Extension {[]} {[]}
","Extensions that cannot be ignored even if unrecognized","May be used to represent additional information that is not part of the basic definition of the element and that modifies the understanding of the element in which it is contained and/or the understanding of the containing element's descendants. Usually modifier elements provide negation or qualification. To make the use of extensions safe and manageable, there is a strict set of governance applied to the definition and use of extensions. Though any implementer can define an extension, there is a set of requirements that SHALL be met as part of the definition of the extension. Applications processing a resource are required to check for modifier extensions.

Modifier extensions SHALL NOT change the meaning of any elements on Resource or DomainResource (including cannot change the meaning of modifierExtension itself).","There can be no stigma associated with the use of extensions by any application, project, or standard - regardless of the institution or jurisdiction that uses or defines the extensions.  The use of extensions is what allows the FHIR specification to retain a core level of simplicity for everyone.","Modifier extensions allow for extensions that *cannot* be safely ignored to be clearly distinguished from the vast majority of extensions which can be safely ignored.  This promotes interoperability by eliminating the need for implementers to prohibit the presence of extensions. For further information, see the [definition of modifier extensions](http://hl7.org/fhir/R4/extensibility.html#modifierExtension).","","","","","","","",,,,,"",,,,"BackboneElement.modifierExtension",0,*,"","ele-1:All FHIR elements must have a @value or children {hasValue() or (children().count() > id.count())}
ext-1:Must have either extensions or value[x], not both {extension.exists() != value.exists()}","N/A"
"Procedure.performer.function","Procedure.performer.function","","","",0,1,"","","Y","CodeableConcept {[]} {[]}
","Type of performance","Berisi data yang membedakan jenis keterlibatan pelaku dalam prosedur. Misalnya, ahli bedah, ahli anestesi, dan ahli endoskopi dengan tipe data CodeableConcept.","","Allows disambiguation of the types of involvement of different performers.","","","","","","","",,"example","A code that identifies the role of a performer of the procedure.","http://hl7.org/fhir/ValueSet/performer-role|4.0.1","",,,,"Procedure.performer.function",0,1,"","ele-1:All FHIR elements must have a @value or children {hasValue() or (children().count() > id.count())}
","Event.performer.function",".functionCode","Some combination of STF-18 / PRA-3 / PRT-4 / ROL-3 / ORC-12 / OBR-16 / PV1-7 / PV1-8 / PV1-9 / PV1-17 / OBX-25"
"Procedure.performer.actor","Procedure.performer.actor","","","",1,1,"","","Y","Reference {[]} {[CanonicalType[http://hl7.org/fhir/StructureDefinition/Practitioner|4.0.1], CanonicalType[http://hl7.org/fhir/StructureDefinition/PractitionerRole|4.0.1], CanonicalType[http://hl7.org/fhir/StructureDefinition/Organization|4.0.1], CanonicalType[http://hl7.org/fhir/StructureDefinition/Patient|4.0.1], CanonicalType[http://hl7.org/fhir/StructureDefinition/RelatedPerson|4.0.1], CanonicalType[http://hl7.org/fhir/StructureDefinition/Device|4.0.1]]}
","The reference to the practitioner","Berisi data yang menunjukkan siapa yang melakukan prosedur tersebut dengan tipe data Reference, yang direferensikan ke data yang tersimpan di resource Practitioner | PractitionerRole | Organization | Patient | RelatedPerson | Device.","","A reference to Device supports use cases, such as pacemakers.","","","","","","","",,,,,"",,,,"Procedure.performer.actor",1,1,"","ele-1:All FHIR elements must have a @value or children {hasValue() or (children().count() > id.count())}
","Event.performer.actor",".role","FiveWs.actor","ORC-19/PRT-5"
"Procedure.performer.onBehalfOf","Procedure.performer.onBehalfOf","","","",0,1,"","","","Reference {[]} {[CanonicalType[http://hl7.org/fhir/StructureDefinition/Organization|4.0.1]]}
","Organization the device or practitioner was acting for","Berisi data organisasi di mana tindakan dilakukan, dengan tipe data Reference, yang direferensikan ke data yang tersimpan di resource Organization.","","Practitioners and Devices can be associated with multiple organizations.  This element indicates which organization they were acting on behalf of when performing the action.","","","","","","","",,,,,"",,,,"Procedure.performer.onBehalfOf",0,1,"","ele-1:All FHIR elements must have a @value or children {hasValue() or (children().count() > id.count())}
",".scoper"
"Procedure.location","Procedure.location","","","",0,1,"","","Y","Reference {[]} {[CanonicalType[http://hl7.org/fhir/StructureDefinition/Location|4.0.1]]}
","Where the procedure happened","Berisi data lokasi prosedur atau tindakan medis dilakukan dengan tipe data Reference, yang direferensikan ke data yang tersimpan di resource Location.","","Ties a procedure to where the records are likely kept.","","","","","","","",,,,,"",,,,"Procedure.location",0,1,"","ele-1:All FHIR elements must have a @value or children {hasValue() or (children().count() > id.count())}
",".participation[typeCode=LOC].role[classCode=SDLOC]","FiveWs.where[x]"
"Procedure.reasonCode","Procedure.reasonCode","","","",0,*,"","","Y","CodeableConcept {[]} {[]}
","Coded reason procedure performed","Berisi data mengenai alasan tindakan dilakukan dengan tipe data CodeableConcept.","Use Procedure.reasonCode when a code sufficiently describes the reason.  Use Procedure.reasonReference when referencing a resource, which allows more information to be conveyed, such as onset date. Procedure.reasonCode and Procedure.reasonReference are not meant to be duplicative.  For a single reason, either Procedure.reasonCode or Procedure.reasonReference can be used.  Procedure.reasonCode may be a summary code, or Procedure.reasonReference may be used to reference a very precise definition of the reason using Condition | Observation | Procedure | DiagnosticReport | DocumentReference.  Both Procedure.reasonCode and Procedure.reasonReference can be used if they are describing different reasons for the procedure.","","","","","","","","",,"example","A code that identifies the reason a procedure is  required.","http://hl7.org/fhir/ValueSet/procedure-reason|4.0.1","",,,,"Procedure.reasonCode",0,*,"","ele-1:All FHIR elements must have a @value or children {hasValue() or (children().count() > id.count())}
","Event.reasonCode",".reasonCode","FiveWs.why[x]"
"Procedure.reasonReference","Procedure.reasonReference","","","",0,*,"","","Y","Reference {[]} {[CanonicalType[http://hl7.org/fhir/StructureDefinition/Condition|4.0.1], CanonicalType[http://hl7.org/fhir/StructureDefinition/Observation|4.0.1], CanonicalType[http://hl7.org/fhir/StructureDefinition/Procedure|4.0.1], CanonicalType[http://hl7.org/fhir/StructureDefinition/DiagnosticReport|4.0.1], CanonicalType[http://hl7.org/fhir/StructureDefinition/DocumentReference|4.0.1]]}
","The justification that the procedure was performed","Berisi data mengenai alasan tindakan dilakukan dengan tipe data Reference, yang direferensikan ke data yang tersimpan di resource Condition | Observation | Procedure | DiagnosticReport | DocumentReference.","It is possible for a procedure to be a reason (such as C-Section) for another procedure (such as an epidural). Other examples include endoscopy for dilatation and biopsy (a combination of diagnostic and therapeutic use). 
Use Procedure.reasonCode when a code sufficiently describes the reason.  Use Procedure.reasonReference when referencing a resource, which allows more information to be conveyed, such as onset date. Procedure.reasonCode and Procedure.reasonReference are not meant to be duplicative.  For a single reason, either Procedure.reasonCode or Procedure.reasonReference can be used.  Procedure.reasonCode may be a summary code, or Procedure.reasonReference may be used to reference a very precise definition of the reason using Condition | Observation | Procedure | DiagnosticReport | DocumentReference.  Both Procedure.reasonCode and Procedure.reasonReference can be used if they are describing different reasons for the procedure.","","","","","","","","",,,,,"",,,,"Procedure.reasonReference",0,*,"","ele-1:All FHIR elements must have a @value or children {hasValue() or (children().count() > id.count())}
","Event.reasonReference",".reasonCode","FiveWs.why[x]"
"Procedure.bodySite","Procedure.bodySite","","","",0,*,"","","Y","CodeableConcept {[]} {[]}
","Target body sites","Berisi data yang berkaitan dengan informasi detail dan lokasi anatomis dari pemberian tindakan dengan tipe data CodeableConcept.","If the use case requires attributes from the BodySite resource (e.g. to identify and track separately) then use the standard extension [procedure-targetbodystructure](http://hl7.org/fhir/R4/extension-procedure-targetbodystructure.html).","","","","","","","","",,"example","Codes describing anatomical locations. May include laterality.","http://hl7.org/fhir/ValueSet/body-site|4.0.1","",,,,"Procedure.bodySite",0,*,"","ele-1:All FHIR elements must have a @value or children {hasValue() or (children().count() > id.count())}
",".targetSiteCode","OBX-20"
"Procedure.outcome","Procedure.outcome","","","",0,1,"","","Y","CodeableConcept {[]} {[]}
","The result of procedure","Berisi data yang berkaitan dengan jenis perubahan yang terjadi pada alat selama prosedur dengan tipe data CodeableConcept.","If outcome contains narrative text only, it can be captured using the CodeableConcept.text.","","","","","","","","",,"example","An outcome of a procedure - whether it was resolved or otherwise.","http://hl7.org/fhir/ValueSet/procedure-outcome|4.0.1","",,,,"Procedure.outcome",0,1,"","ele-1:All FHIR elements must have a @value or children {hasValue() or (children().count() > id.count())}
",".outboundRelationship[typeCode=OUT].target.text"
"Procedure.report","Procedure.report","","","",0,*,"","","","Reference {[]} {[CanonicalType[http://hl7.org/fhir/StructureDefinition/DiagnosticReport|4.0.1], CanonicalType[http://hl7.org/fhir/StructureDefinition/DocumentReference|4.0.1], CanonicalType[http://hl7.org/fhir/StructureDefinition/Composition|4.0.1]]}
","Any report resulting from the procedure","Berisi data laporan yang dihasilkan dari suatu tindakan dengan tipe data Reference, yang direferensikan ke data yang tersimpan di resource DiagnosticReport | DocumentReference | Composition.","There could potentially be multiple reports - e.g. if this was a procedure which took multiple biopsies resulting in a number of anatomical pathology reports.","","","","","","","","",,,,,"",,,,"Procedure.report",0,*,"","ele-1:All FHIR elements must have a @value or children {hasValue() or (children().count() > id.count())}
",".inboundRelationship[typeCode=SUBJ].source[classCode=OBS, moodCode=EVN]"
"Procedure.complication","Procedure.complication","","","",0,*,"","","","CodeableConcept {[]} {[]}
","Complication following the procedure","Berisi data komplikasi yang terjadi setelah dilakukan prosedur dengan tipe data CodeableConcept.","If complications are only expressed by the narrative text, they can be captured using the CodeableConcept.text.","","","","","","","","",,"example","Codes describing complications that resulted from a procedure.","http://hl7.org/fhir/ValueSet/condition-code|4.0.1","",,,,"Procedure.complication",0,*,"","ele-1:All FHIR elements must have a @value or children {hasValue() or (children().count() > id.count())}
",".outboundRelationship[typeCode=OUTC].target[classCode=OBS, code=""complication"", moodCode=EVN].value"
"Procedure.complicationDetail","Procedure.complicationDetail","","","",0,*,"","","","Reference {[]} {[CanonicalType[http://hl7.org/fhir/StructureDefinition/Condition|4.0.1]]}
","A condition that is a result of the procedure","Berisi data kondisi yang terjadi akibat dari prosedur dengan tipe data Reference, yang direferensikan ke data yang tersimpan di resource Condition.","","This is used to document a condition that is a result of the procedure, not the condition that was the reason for the procedure.","","","","","","","",,,,,"",,,,"Procedure.complicationDetail",0,*,"","ele-1:All FHIR elements must have a @value or children {hasValue() or (children().count() > id.count())}
",".outboundRelationship[typeCode=OUTC].target[classCode=OBS, code=""complication"", moodCode=EVN].value"
"Procedure.followUp","Procedure.followUp","","","",0,*,"","","","CodeableConcept {[]} {[]}
","Instructions for follow up","Berisi data instruksi untuk tindak lanjut (follow-up) dari tindakan medis dengan tipe data CodeableConcept.","","","","","","","","","",,"example","Specific follow up required for a procedure e.g. removal of sutures.","http://hl7.org/fhir/ValueSet/procedure-followup|4.0.1","",,,,"Procedure.followUp",0,*,"","ele-1:All FHIR elements must have a @value or children {hasValue() or (children().count() > id.count())}
",".outboundRelationship[typeCode=COMP].target[classCode=ACT, moodCode=INT].code"
"Procedure.note","Procedure.note","","","",0,*,"","","","Annotation {[]} {[]}
","Additional information about the procedure","Berisi data catatan tambahan terkait tindakan medis yang dilakukan dengan tipe data Annotation.","","","","","","","","","",,,,,"",,,,"Procedure.note",0,*,"","ele-1:All FHIR elements must have a @value or children {hasValue() or (children().count() > id.count())}
","Event.note",".inboundRelationship[typeCode=SUBJ].source[classCode=OBS, moodCode=EVN, code=""annotation""].value","NTE"
"Procedure.focalDevice","Procedure.focalDevice","","","",0,*,"","","","BackboneElement {[]} {[]}
","Manipulated, implanted, or removed device","Berisi data mengenai erangkat yang ditanamkan, dilepas, atau dimanipulasi (kalibrasi, penggantian baterai, pemasangan prostesis, pemasangan penyedot luka, dll.) sebagai bagian utama dari prosedur dengan tipe data BackboneElement.","","","","","","","","","",,,,,"",,,,"Procedure.focalDevice",0,*,"","ele-1:All FHIR elements must have a @value or children {hasValue() or (children().count() > id.count())}
",".participation[typeCode=DEV].role[classCode=MANU]"
"Procedure.focalDevice.id","Procedure.focalDevice.id","","","",0,1,"","","","string {[]} {[]}
","Unique id for inter-element referencing","Unique id for the element within a resource (for internal references). This may be any string value that does not contain spaces.","","","","","","","","","",,,,,"",,,,"Element.id",0,1,"","","n/a"
"Procedure.focalDevice.extension","Procedure.focalDevice.extension","","extensions
user content","",0,*,"","","","Extension {[]} {[]}
","Additional content defined by implementations","May be used to represent additional information that is not part of the basic definition of the element. To make the use of extensions safe and manageable, there is a strict set of governance  applied to the definition and use of extensions. Though any implementer can define an extension, there is a set of requirements that SHALL be met as part of the definition of the extension.","There can be no stigma associated with the use of extensions by any application, project, or standard - regardless of the institution or jurisdiction that uses or defines the extensions.  The use of extensions is what allows the FHIR specification to retain a core level of simplicity for everyone.","","","","","","","","",,,,,"",,,,"Element.extension",0,*,"","ele-1:All FHIR elements must have a @value or children {hasValue() or (children().count() > id.count())}
ext-1:Must have either extensions or value[x], not both {extension.exists() != value.exists()}","n/a"
"Procedure.focalDevice.modifierExtension","Procedure.focalDevice.modifierExtension","","extensions
user contentmodifiers","",0,*,"","Y","Y","Extension {[]} {[]}
","Extensions that cannot be ignored even if unrecognized","May be used to represent additional information that is not part of the basic definition of the element and that modifies the understanding of the element in which it is contained and/or the understanding of the containing element's descendants. Usually modifier elements provide negation or qualification. To make the use of extensions safe and manageable, there is a strict set of governance applied to the definition and use of extensions. Though any implementer can define an extension, there is a set of requirements that SHALL be met as part of the definition of the extension. Applications processing a resource are required to check for modifier extensions.

Modifier extensions SHALL NOT change the meaning of any elements on Resource or DomainResource (including cannot change the meaning of modifierExtension itself).","There can be no stigma associated with the use of extensions by any application, project, or standard - regardless of the institution or jurisdiction that uses or defines the extensions.  The use of extensions is what allows the FHIR specification to retain a core level of simplicity for everyone.","Modifier extensions allow for extensions that *cannot* be safely ignored to be clearly distinguished from the vast majority of extensions which can be safely ignored.  This promotes interoperability by eliminating the need for implementers to prohibit the presence of extensions. For further information, see the [definition of modifier extensions](http://hl7.org/fhir/R4/extensibility.html#modifierExtension).","","","","","","","",,,,,"",,,,"BackboneElement.modifierExtension",0,*,"","ele-1:All FHIR elements must have a @value or children {hasValue() or (children().count() > id.count())}
ext-1:Must have either extensions or value[x], not both {extension.exists() != value.exists()}","N/A"
"Procedure.focalDevice.action","Procedure.focalDevice.action","","","",0,1,"","","","CodeableConcept {[]} {[]}
","Kind of change to device","Berisi data mengenai informasi terkait alat yang diimplant, dilepaskan, atau dimanipulasi (kalibrasi, penggantian baterai, pemakaian protesa) selama tindakan dilakukan dengan tipe data CodeableConcept.","","","","","","","","","",,"preferred","A kind of change that happened to the device during the procedure.","http://hl7.org/fhir/ValueSet/device-action|4.0.1","",,,,"Procedure.focalDevice.action",0,1,"","ele-1:All FHIR elements must have a @value or children {hasValue() or (children().count() > id.count())}
",".inboundRelationship[typeCode=SUBJ].source[classCode=OBS, moodCode=EVN, code=""procedure device action""].value=:procedure device action codes"
"Procedure.focalDevice.manipulated","Procedure.focalDevice.manipulated","","","",1,1,"","","","Reference {[]} {[CanonicalType[http://hl7.org/fhir/StructureDefinition/Device|4.0.1]]}
","Device that was changed","Berisi data perubahan yang terjadi pada alat selama tindakan dengan tipe data Reference, yang direferensikan ke data yang tersimpan di resource Device.","","","","","","","","","",,,,,"",,,,"Procedure.focalDevice.manipulated",1,1,"","ele-1:All FHIR elements must have a @value or children {hasValue() or (children().count() > id.count())}
",".participation[typeCode=DEV].role[classCode=SDLOC]"
"Procedure.usedReference","Procedure.usedReference","","","",0,*,"","","","Reference {[]} {[CanonicalType[http://hl7.org/fhir/StructureDefinition/Device|4.0.1], CanonicalType[http://hl7.org/fhir/StructureDefinition/Medication|4.0.1], CanonicalType[http://hl7.org/fhir/StructureDefinition/Substance|4.0.1]]}
","Items used during procedure","Berisi data barang/bahan/item yang digunakan dalam prosedur dengan tipe data Reference, yang direferensikan ke data yang tersimpan di resource Device | Medication | Substance.","For devices actually implanted or removed, use Procedure.device.","Used for tracking contamination, etc.","","","","","","","",,,,,"",,,,"Procedure.usedReference",0,*,"","ele-1:All FHIR elements must have a @value or children {hasValue() or (children().count() > id.count())}
",".participation[typeCode=DEV].role[classCode=MANU] or
.participation[typeCode=CSM].role[classCode=ADMM] (for Medication or Substance)"
"Procedure.usedCode","Procedure.usedCode","","","",0,*,"","","","CodeableConcept {[]} {[]}
","Coded items used during the procedure","Berisi data yang berkaitan dengan item yang digunakan dalam melakukan suatu prosedur dengan tipe data CodeableConcept.","For devices actually implanted or removed, use Procedure.device.","","","","","","","","",,"example","Codes describing items used during a procedure.","http://hl7.org/fhir/ValueSet/device-kind|4.0.1","",,,,"Procedure.usedCode",0,*,"","ele-1:All FHIR elements must have a @value or children {hasValue() or (children().count() > id.count())}
","participation[typeCode=Dev].role[classCode=MANU]"
