"Id","Path","Slice Name","Alias(s)","Label","Min","Max","Must Support?","Is Modifier?","Is Summary?","Type(s)","Short","Definition","Comments","Requirements","Default Value","Meaning When Missing","Fixed Value","Pattern","Example","Minimum Value","Maximum Value","Maximum Length","Binding Strength","Binding Description","Binding Value Set","Code","Slicing Discriminator","Slicing Description","Slicing Ordered","Slicing Rules","Base Path","Base Min","Base Max","Condition(s)","Constraint(s)","Mapping: Workflow Pattern","Mapping: RIM Mapping","Mapping: FiveWs Pattern Mapping","Mapping: HL7 v2 Mapping"
"Encounter","Encounter","","Visit
","",0,*,"","","","null {[]} {[]}
","An interaction during which services are provided to the patient","An interaction between a patient and healthcare provider(s) for the purpose of providing healthcare service(s) or assessing the health status of a patient.","","","","","","","","","",,,,,"",,,,"Encounter",0,*,"","dom-2:If the resource is contained in another resource, it SHALL NOT contain nested Resources {contained.contained.empty()}
dom-3:If the resource is contained in another resource, it SHALL be referred to from elsewhere in the resource or SHALL refer to the containing resource {contained.where((('#'+id in (%resource.descendants().reference | %resource.descendants().as(canonical) | %resource.descendants().as(uri) | %resource.descendants().as(url))) or descendants().where(reference = '#').exists() or descendants().where(as(canonical) = '#').exists() or descendants().where(as(canonical) = '#').exists()).not()).trace('unmatched', id).empty()}dom-4:If a resource is contained in another resource, it SHALL NOT have a meta.versionId or a meta.lastUpdated {contained.meta.versionId.empty() and contained.meta.lastUpdated.empty()}dom-5:If a resource is contained in another resource, it SHALL NOT have a security label {contained.meta.security.empty()}dom-6:A resource should have narrative for robust management {text.`div`.exists()}","Event","Entity. Role, or Act","Encounter[@moodCode='EVN']"
"Encounter.id","Encounter.id","","","",0,1,"","","Y","id {[]} {[]}
","Logical id of this artifact","The logical id of the resource, as used in the URL for the resource. Once assigned, this value never changes.","The only time that a resource does not have an id is when it is being submitted to the server using a create operation.","","","","","","","","",,,,,"",,,,"Resource.id",0,1,"",""
"Encounter.meta","Encounter.meta","","","",0,1,"","","Y","Meta {[]} {[]}
","Metadata about the resource","The metadata about the resource. This is content that is maintained by the infrastructure. Changes to the content might not always be associated with version changes to the resource.","","","","","","","","","",,,,,"",,,,"Resource.meta",0,1,"","ele-1:All FHIR elements must have a @value or children {hasValue() or (children().count() > id.count())}
"
"Encounter.implicitRules","Encounter.implicitRules","","","",0,1,"","Y","Y","uri {[]} {[]}
","A set of rules under which this content was created","A reference to a set of rules that were followed when the resource was constructed, and which must be understood when processing the content. Often, this is a reference to an implementation guide that defines the special rules along with other profiles etc.","Asserting this rule set restricts the content to be only understood by a limited set of trading partners. This inherently limits the usefulness of the data in the long term. However, the existing health eco-system is highly fractured, and not yet ready to define, collect, and exchange data in a generally computable sense. Wherever possible, implementers and/or specification writers should avoid using this element. Often, when used, the URL is a reference to an implementation guide that defines these special rules as part of it's narrative along with other profiles, value sets, etc.","","","","","","","","",,,,,"",,,,"Resource.implicitRules",0,1,"","ele-1:All FHIR elements must have a @value or children {hasValue() or (children().count() > id.count())}
"
"Encounter.language","Encounter.language","","","",0,1,"","","","code {[]} {[]}
","Language of the resource content","The base language in which the resource is written.","Language is provided to support indexing and accessibility (typically, services such as text to speech use the language tag). The html language tag in the narrative applies  to the narrative. The language tag on the resource may be used to specify the language of other presentations generated from the data in the resource. Not all the content has to be in the base language. The Resource.language should not be assumed to apply to the narrative automatically. If a language is specified, it should it also be specified on the div element in the html (see rules in HTML5 for information about the relationship between xml:lang and the html lang attribute).","","","","","","","","",,"preferred","A human language.","http://hl7.org/fhir/ValueSet/languages|4.0.1","",,,,"Resource.language",0,1,"","ele-1:All FHIR elements must have a @value or children {hasValue() or (children().count() > id.count())}
"
"Encounter.text","Encounter.text","","narrative
htmlxhtmldisplay","",0,1,"","","","Narrative {[]} {[]}
","Text summary of the resource, for human interpretation","A human-readable narrative that contains a summary of the resource and can be used to represent the content of the resource to a human. The narrative need not encode all the structured data, but is required to contain sufficient detail to make it ""clinically safe"" for a human to just read the narrative. Resource definitions may define what content should be represented in the narrative to ensure clinical safety.","Contained resources do not have narrative. Resources that are not contained SHOULD have a narrative. In some cases, a resource may only have text with little or no additional discrete data (as long as all minOccurs=1 elements are satisfied).  This may be necessary for data from legacy systems where information is captured as a ""text blob"" or where text is additionally entered raw or narrated and encoded information is added later.","","","","","","","","",,,,,"",,,,"DomainResource.text",0,1,"","ele-1:All FHIR elements must have a @value or children {hasValue() or (children().count() > id.count())}
","Act.text?"
"Encounter.contained","Encounter.contained","","inline resources
anonymous resourcescontained resources","",0,*,"","","","Resource {[]} {[]}
","Contained, inline Resources","These resources do not have an independent existence apart from the resource that contains them - they cannot be identified independently, and nor can they have their own independent transaction scope.","This should never be done when the content can be identified properly, as once identification is lost, it is extremely difficult (and context dependent) to restore it again. Contained resources may have profiles and tags In their meta elements, but SHALL NOT have security labels.","","","","","","","","",,,,,"",,,,"DomainResource.contained",0,*,"","","N/A"
"Encounter.extension","Encounter.extension","","extensions
user content","",0,*,"","","","Extension {[]} {[]}
","Additional content defined by implementations","May be used to represent additional information that is not part of the basic definition of the resource. To make the use of extensions safe and manageable, there is a strict set of governance  applied to the definition and use of extensions. Though any implementer can define an extension, there is a set of requirements that SHALL be met as part of the definition of the extension.","There can be no stigma associated with the use of extensions by any application, project, or standard - regardless of the institution or jurisdiction that uses or defines the extensions.  The use of extensions is what allows the FHIR specification to retain a core level of simplicity for everyone.","","","","","","","","",,,,,"",,,,"DomainResource.extension",0,*,"","ele-1:All FHIR elements must have a @value or children {hasValue() or (children().count() > id.count())}
ext-1:Must have either extensions or value[x], not both {extension.exists() != value.exists()}","N/A"
"Encounter.modifierExtension","Encounter.modifierExtension","","extensions
user content","",0,*,"","Y","","Extension {[]} {[]}
","Extensions that cannot be ignored","May be used to represent additional information that is not part of the basic definition of the resource and that modifies the understanding of the element that contains it and/or the understanding of the containing element's descendants. Usually modifier elements provide negation or qualification. To make the use of extensions safe and manageable, there is a strict set of governance applied to the definition and use of extensions. Though any implementer is allowed to define an extension, there is a set of requirements that SHALL be met as part of the definition of the extension. Applications processing a resource are required to check for modifier extensions.

Modifier extensions SHALL NOT change the meaning of any elements on Resource or DomainResource (including cannot change the meaning of modifierExtension itself).","There can be no stigma associated with the use of extensions by any application, project, or standard - regardless of the institution or jurisdiction that uses or defines the extensions.  The use of extensions is what allows the FHIR specification to retain a core level of simplicity for everyone.","Modifier extensions allow for extensions that *cannot* be safely ignored to be clearly distinguished from the vast majority of extensions which can be safely ignored.  This promotes interoperability by eliminating the need for implementers to prohibit the presence of extensions. For further information, see the [definition of modifier extensions](http://hl7.org/fhir/R4/extensibility.html#modifierExtension).","","","","","","","",,,,,"",,,,"DomainResource.modifierExtension",0,*,"","ele-1:All FHIR elements must have a @value or children {hasValue() or (children().count() > id.count())}
ext-1:Must have either extensions or value[x], not both {extension.exists() != value.exists()}","N/A"
"Encounter.identifier","Encounter.identifier","","","",0,*,"","","Y","Identifier {[]} {[]}
","Identifier(s) by which this encounter is known","Berisi satu atau lebih daftar data mengenai informasi terkait kode atau nomor kunjungan yang dimiliki oleh lokasi induk yang setiap datanya direpresentasikan dengan tipe data Identifier.","","","","","","","","","",,,,,"",,,,"Encounter.identifier",0,*,"","ele-1:All FHIR elements must have a @value or children {hasValue() or (children().count() > id.count())}
","Event.identifier",".id","FiveWs.identifier","PV1-19"
"Encounter.status","Encounter.status","","","",1,1,"","Y","Y","code {[]} {[]}
","planned | arrived | triaged | in-progress | onleave | finished | cancelled +","Berisi data status tahapan dari pertemuan pasien dengan tipe data code, yang nilainya mengacu pada data terminologi EncounterStatus.","Note that internal business rules will determine the appropriate transitions that may occur between statuses (and also classes).","","","","","","","","",,"required","Current state of the encounter.","http://hl7.org/fhir/ValueSet/encounter-status|4.0.1","",,,,"Encounter.status",1,1,"","ele-1:All FHIR elements must have a @value or children {hasValue() or (children().count() > id.count())}
","Event.status",".statusCode","FiveWs.status","No clear equivalent in HL7 v2; active/finished could be inferred from PV1-44, PV1-45, PV2-24; inactive could be inferred from PV2-16"
"Encounter.statusHistory","Encounter.statusHistory","","","",0,*,"","","","BackboneElement {[]} {[]}
","List of past encounter statuses","The status history permits the encounter resource to contain the status history without needing to read through the historical versions of the resource, or even have the server store them.","The current status is always found in the current version of the resource, not the status history.","","","","","","","","",,,,,"",,,,"Encounter.statusHistory",0,*,"","ele-1:All FHIR elements must have a @value or children {hasValue() or (children().count() > id.count())}
","n/a"
"Encounter.statusHistory.id","Encounter.statusHistory.id","","","",0,1,"","","","string {[]} {[]}
","Unique id for inter-element referencing","Unique id for the element within a resource (for internal references). This may be any string value that does not contain spaces.","","","","","","","","","",,,,,"",,,,"Element.id",0,1,"","","n/a"
"Encounter.statusHistory.extension","Encounter.statusHistory.extension","","extensions
user content","",0,*,"","","","Extension {[]} {[]}
","Additional content defined by implementations","May be used to represent additional information that is not part of the basic definition of the element. To make the use of extensions safe and manageable, there is a strict set of governance  applied to the definition and use of extensions. Though any implementer can define an extension, there is a set of requirements that SHALL be met as part of the definition of the extension.","There can be no stigma associated with the use of extensions by any application, project, or standard - regardless of the institution or jurisdiction that uses or defines the extensions.  The use of extensions is what allows the FHIR specification to retain a core level of simplicity for everyone.","","","","","","","","",,,,,"",,,,"Element.extension",0,*,"","ele-1:All FHIR elements must have a @value or children {hasValue() or (children().count() > id.count())}
ext-1:Must have either extensions or value[x], not both {extension.exists() != value.exists()}","n/a"
"Encounter.statusHistory.modifierExtension","Encounter.statusHistory.modifierExtension","","extensions
user contentmodifiers","",0,*,"","Y","Y","Extension {[]} {[]}
","Extensions that cannot be ignored even if unrecognized","May be used to represent additional information that is not part of the basic definition of the element and that modifies the understanding of the element in which it is contained and/or the understanding of the containing element's descendants. Usually modifier elements provide negation or qualification. To make the use of extensions safe and manageable, there is a strict set of governance applied to the definition and use of extensions. Though any implementer can define an extension, there is a set of requirements that SHALL be met as part of the definition of the extension. Applications processing a resource are required to check for modifier extensions.

Modifier extensions SHALL NOT change the meaning of any elements on Resource or DomainResource (including cannot change the meaning of modifierExtension itself).","There can be no stigma associated with the use of extensions by any application, project, or standard - regardless of the institution or jurisdiction that uses or defines the extensions.  The use of extensions is what allows the FHIR specification to retain a core level of simplicity for everyone.","Modifier extensions allow for extensions that *cannot* be safely ignored to be clearly distinguished from the vast majority of extensions which can be safely ignored.  This promotes interoperability by eliminating the need for implementers to prohibit the presence of extensions. For further information, see the [definition of modifier extensions](http://hl7.org/fhir/R4/extensibility.html#modifierExtension).","","","","","","","",,,,,"",,,,"BackboneElement.modifierExtension",0,*,"","ele-1:All FHIR elements must have a @value or children {hasValue() or (children().count() > id.count())}
ext-1:Must have either extensions or value[x], not both {extension.exists() != value.exists()}","N/A"
"Encounter.statusHistory.status","Encounter.statusHistory.status","","","",1,1,"","","","code {[]} {[]}
","planned | arrived | triaged | in-progress | onleave | finished | cancelled +","Berisi satu atau lebih data penyimpanan riwayat status dari kunjungan pasien dengan tipe data code. Terdapat 3 status yang wajib dikirimkan datanya yaitu arrived, In-progress, dan finished, yang nilainya mengacu pada data terminologi EncounterStatus.","","","","","","","","","",,"required","Current state of the encounter.","http://hl7.org/fhir/ValueSet/encounter-status|4.0.1","",,,,"Encounter.statusHistory.status",1,1,"","ele-1:All FHIR elements must have a @value or children {hasValue() or (children().count() > id.count())}
","n/a"
"Encounter.statusHistory.period","Encounter.statusHistory.period","","","",1,1,"","","","Period {[]} {[]}
","The time that the episode was in the specified status","Berisi satu atau lebih data penyimpanan waktu/log dari kunjungan pasien dengan tipe data Period.","","","","","","","","","",,,,,"",,,,"Encounter.statusHistory.period",1,1,"","ele-1:All FHIR elements must have a @value or children {hasValue() or (children().count() > id.count())}
","n/a"
"Encounter.class","Encounter.class","","","",1,1,"","","Y","Coding {[]} {[]}
","Classification of patient encounter","Berisi data klasifikasi dari pertemuan pasien dengan tipe data Coding, yang nilainya mengacu pada salah satu data terminologi dengan nama ActEncounterCode.","","","","","","","","","",,"extensible","Classification of the encounter.","http://terminology.hl7.org/ValueSet/v3-ActEncounterCode","",,,,"Encounter.class",1,1,"","ele-1:All FHIR elements must have a @value or children {hasValue() or (children().count() > id.count())}
",".inboundRelationship[typeCode=SUBJ].source[classCode=LIST].code","FiveWs.class","PV1-2"
"Encounter.classHistory","Encounter.classHistory","","","",0,*,"","","","BackboneElement {[]} {[]}
","List of past encounter classes","The class history permits the tracking of the encounters transitions without needing to go  through the resource history.  This would be used for a case where an admission starts of as an emergency encounter, then transitions into an inpatient scenario. Doing this and not restarting a new encounter ensures that any lab/diagnostic results can more easily follow the patient and not require re-processing and not get lost or cancelled during a kind of discharge from emergency to inpatient.","","","","","","","","","",,,,,"",,,,"Encounter.classHistory",0,*,"","ele-1:All FHIR elements must have a @value or children {hasValue() or (children().count() > id.count())}
","n/a"
"Encounter.classHistory.id","Encounter.classHistory.id","","","",0,1,"","","","string {[]} {[]}
","Unique id for inter-element referencing","Unique id for the element within a resource (for internal references). This may be any string value that does not contain spaces.","","","","","","","","","",,,,,"",,,,"Element.id",0,1,"","","n/a"
"Encounter.classHistory.extension","Encounter.classHistory.extension","","extensions
user content","",0,*,"","","","Extension {[]} {[]}
","Additional content defined by implementations","May be used to represent additional information that is not part of the basic definition of the element. To make the use of extensions safe and manageable, there is a strict set of governance  applied to the definition and use of extensions. Though any implementer can define an extension, there is a set of requirements that SHALL be met as part of the definition of the extension.","There can be no stigma associated with the use of extensions by any application, project, or standard - regardless of the institution or jurisdiction that uses or defines the extensions.  The use of extensions is what allows the FHIR specification to retain a core level of simplicity for everyone.","","","","","","","","",,,,,"",,,,"Element.extension",0,*,"","ele-1:All FHIR elements must have a @value or children {hasValue() or (children().count() > id.count())}
ext-1:Must have either extensions or value[x], not both {extension.exists() != value.exists()}","n/a"
"Encounter.classHistory.modifierExtension","Encounter.classHistory.modifierExtension","","extensions
user contentmodifiers","",0,*,"","Y","Y","Extension {[]} {[]}
","Extensions that cannot be ignored even if unrecognized","May be used to represent additional information that is not part of the basic definition of the element and that modifies the understanding of the element in which it is contained and/or the understanding of the containing element's descendants. Usually modifier elements provide negation or qualification. To make the use of extensions safe and manageable, there is a strict set of governance applied to the definition and use of extensions. Though any implementer can define an extension, there is a set of requirements that SHALL be met as part of the definition of the extension. Applications processing a resource are required to check for modifier extensions.

Modifier extensions SHALL NOT change the meaning of any elements on Resource or DomainResource (including cannot change the meaning of modifierExtension itself).","There can be no stigma associated with the use of extensions by any application, project, or standard - regardless of the institution or jurisdiction that uses or defines the extensions.  The use of extensions is what allows the FHIR specification to retain a core level of simplicity for everyone.","Modifier extensions allow for extensions that *cannot* be safely ignored to be clearly distinguished from the vast majority of extensions which can be safely ignored.  This promotes interoperability by eliminating the need for implementers to prohibit the presence of extensions. For further information, see the [definition of modifier extensions](http://hl7.org/fhir/R4/extensibility.html#modifierExtension).","","","","","","","",,,,,"",,,,"BackboneElement.modifierExtension",0,*,"","ele-1:All FHIR elements must have a @value or children {hasValue() or (children().count() > id.count())}
ext-1:Must have either extensions or value[x], not both {extension.exists() != value.exists()}","N/A"
"Encounter.classHistory.class","Encounter.classHistory.class","","","",1,1,"","","","Coding {[]} {[]}
","inpatient | outpatient | ambulatory | emergency +","Berisi data penyimpanan riwayat klasifikasi dari kunjungan pasien dengan tipe data Coding, yang nilainya mengacu pada salah satu data terminologi dengan nama ActEncounterCode.","","","","","","","","","",,"extensible","Classification of the encounter.","http://terminology.hl7.org/ValueSet/v3-ActEncounterCode","",,,,"Encounter.classHistory.class",1,1,"","ele-1:All FHIR elements must have a @value or children {hasValue() or (children().count() > id.count())}
","n/a"
"Encounter.classHistory.period","Encounter.classHistory.period","","","",1,1,"","","","Period {[]} {[]}
","The time that the episode was in the specified class","Berisi satu atau lebih data klasifikasi kunjungan dengan tipe data Period.","","","","","","","","","",,,,,"",,,,"Encounter.classHistory.period",1,1,"","ele-1:All FHIR elements must have a @value or children {hasValue() or (children().count() > id.count())}
","n/a"
"Encounter.type","Encounter.type","","","",0,*,"","","Y","CodeableConcept {[]} {[]}
","Specific type of encounter","Berisi satu atau lebih data tipe spesifik dari kunjungan (contoh: konsultasi e-mail, surgical day-care, skilled nursing, rehabilitation) dengan tipe data CodeableConcept.","Since there are many ways to further classify encounters, this element is 0..*.","","","","","","","","",,"example","The type of encounter.","http://hl7.org/fhir/ValueSet/encounter-type|4.0.1","",,,,"Encounter.type",0,*,"","ele-1:All FHIR elements must have a @value or children {hasValue() or (children().count() > id.count())}
","Event.code",".code","FiveWs.class","PV1-4 / PV1-18"
"Encounter.serviceType","Encounter.serviceType","","","",0,1,"","","Y","CodeableConcept {[]} {[]}
","Specific type of service","Berisi data tipe spesifik dari layanan yang diberikan dengan tipe data CodeableConcept.","","","","","","","","","",,"example","Broad categorization of the service that is to be provided.","http://hl7.org/fhir/ValueSet/service-type|4.0.1","",,,,"Encounter.serviceType",0,1,"","ele-1:All FHIR elements must have a @value or children {hasValue() or (children().count() > id.count())}
","Event.code","n/a","PV1-10"
"Encounter.priority","Encounter.priority","","","",0,1,"","","","CodeableConcept {[]} {[]}
","Indicates the urgency of the encounter","Berisi data indikasi urgensi dari kunjungan dengan tipe data CodeableConcept.","","","","","","","","","",,"example","Indicates the urgency of the encounter.","http://terminology.hl7.org/ValueSet/v3-ActPriority","",,,,"Encounter.priority",0,1,"","ele-1:All FHIR elements must have a @value or children {hasValue() or (children().count() > id.count())}
",".priorityCode","FiveWs.grade","PV2-25"
"Encounter.subject","Encounter.subject","","patient
","",1,1,"","","Y","Reference {[]} {[CanonicalType[http://hl7.org/fhir/StructureDefinition/Patient|4.0.1], CanonicalType[http://hl7.org/fhir/StructureDefinition/Group|4.0.1]]}
","The patient or group present at the encounter","Berisi data subjek dari pertemuan pasien dengan tipe data Reference, yang direferensikan ke data yang tersimpan di resource Patient, yang nilainya memiliki format: 'Patient/{patient-ihs-number}' Di mana isi dari parameter {patient-ihs-number} adalah ID Patient yang didapatkan dari master pasien indeks.","While the encounter is always about the patient, the patient might not actually be known in all contexts of use, and there may be a group of patients that could be anonymous (such as in a group therapy for Alcoholics Anonymous - where the recording of the encounter could be used for billing on the number of people/staff and not important to the context of the specific patients) or alternately in veterinary care a herd of sheep receiving treatment (where the animals are not individually tracked).","","","","","","","","",,,,,"",,,,"Encounter.subject",0,1,"","ele-1:All FHIR elements must have a @value or children {hasValue() or (children().count() > id.count())}
","Event.subject",".participation[typeCode=SBJ]/role[classCode=PAT]","FiveWs.subject[x]","FiveWs.subject","PID-3"
"Encounter.episodeOfCare","Encounter.episodeOfCare","","","",0,*,"","","Y","Reference {[]} {[CanonicalType[http://hl7.org/fhir/StructureDefinition/EpisodeOfCare|4.0.1]]}
","Episode(s) of care that this encounter should be recorded against","Berisi data informasi episode perawatan yang dilakukan pada kunjungan ini dengan tipe data Reference, yang direferensikan ke data yang tersimpan di resource EpisodeOfCare, yang nilainya memiliki format: 'EpisodeOfCare/{id-resource-EpisodeOfCare}' Di mana isi dari parameter {id-resource-EpisodeOfCare} adalah ID EpisodeOfCare yang didapatkan dari server.","","","","","","","","","",,,,,"",,,,"Encounter.episodeOfCare",0,*,"","ele-1:All FHIR elements must have a @value or children {hasValue() or (children().count() > id.count())}
","Event.context","n/a","FiveWs.context","PV1-54, PV1-53"
"Encounter.basedOn","Encounter.basedOn","","incomingReferral
","",0,*,"","","","Reference {[]} {[CanonicalType[http://hl7.org/fhir/StructureDefinition/ServiceRequest|4.0.1]]}
","The ServiceRequest that initiated this encounter","Berisi data permintaan yang mendasari kunjungan ini. Misalnya, kunjungan didasari oleh permintaan rujukan menggunakan resource ServiceRequest dengan tipe data Reference, yang nilainya memiliki format: 'ServiceRequest/{id-resource-ServiceRequest}' Di mana isi dari parameter {id-resource-ServiceRequest} adalah ID ServiceRequest yang didapatkan dari server.","","","","","","","","","",,,,,"",,,,"Encounter.basedOn",0,*,"","ele-1:All FHIR elements must have a @value or children {hasValue() or (children().count() > id.count())}
","Event.basedOn",".reason.ClinicalDocument"
"Encounter.participant","Encounter.participant","","","",0,*,"","","Y","BackboneElement {[]} {[]}
","List of participants involved in the encounter","The list of people responsible for providing the service.","","","","","","","","","",,,,,"",,,,"Encounter.participant",0,*,"","ele-1:All FHIR elements must have a @value or children {hasValue() or (children().count() > id.count())}
","Event.performer",".participation[typeCode=PFM]","ROL"
"Encounter.participant.id","Encounter.participant.id","","","",0,1,"","","","string {[]} {[]}
","Unique id for inter-element referencing","Unique id for the element within a resource (for internal references). This may be any string value that does not contain spaces.","","","","","","","","","",,,,,"",,,,"Element.id",0,1,"","","n/a"
"Encounter.participant.extension","Encounter.participant.extension","","extensions
user content","",0,*,"","","","Extension {[]} {[]}
","Additional content defined by implementations","May be used to represent additional information that is not part of the basic definition of the element. To make the use of extensions safe and manageable, there is a strict set of governance  applied to the definition and use of extensions. Though any implementer can define an extension, there is a set of requirements that SHALL be met as part of the definition of the extension.","There can be no stigma associated with the use of extensions by any application, project, or standard - regardless of the institution or jurisdiction that uses or defines the extensions.  The use of extensions is what allows the FHIR specification to retain a core level of simplicity for everyone.","","","","","","","","",,,,,"",,,,"Element.extension",0,*,"","ele-1:All FHIR elements must have a @value or children {hasValue() or (children().count() > id.count())}
ext-1:Must have either extensions or value[x], not both {extension.exists() != value.exists()}","n/a"
"Encounter.participant.modifierExtension","Encounter.participant.modifierExtension","","extensions
user contentmodifiers","",0,*,"","Y","Y","Extension {[]} {[]}
","Extensions that cannot be ignored even if unrecognized","May be used to represent additional information that is not part of the basic definition of the element and that modifies the understanding of the element in which it is contained and/or the understanding of the containing element's descendants. Usually modifier elements provide negation or qualification. To make the use of extensions safe and manageable, there is a strict set of governance applied to the definition and use of extensions. Though any implementer can define an extension, there is a set of requirements that SHALL be met as part of the definition of the extension. Applications processing a resource are required to check for modifier extensions.

Modifier extensions SHALL NOT change the meaning of any elements on Resource or DomainResource (including cannot change the meaning of modifierExtension itself).","There can be no stigma associated with the use of extensions by any application, project, or standard - regardless of the institution or jurisdiction that uses or defines the extensions.  The use of extensions is what allows the FHIR specification to retain a core level of simplicity for everyone.","Modifier extensions allow for extensions that *cannot* be safely ignored to be clearly distinguished from the vast majority of extensions which can be safely ignored.  This promotes interoperability by eliminating the need for implementers to prohibit the presence of extensions. For further information, see the [definition of modifier extensions](http://hl7.org/fhir/R4/extensibility.html#modifierExtension).","","","","","","","",,,,,"",,,,"BackboneElement.modifierExtension",0,*,"","ele-1:All FHIR elements must have a @value or children {hasValue() or (children().count() > id.count())}
ext-1:Must have either extensions or value[x], not both {extension.exists() != value.exists()}","N/A"
"Encounter.participant.type","Encounter.participant.type","","","",0,*,"","","Y","CodeableConcept {[]} {[]}
","Role of participant in encounter","Berisi satu atau lebih data partisipan pertemuan pasien dengan tipe data CodeableConcept.","The participant type indicates how an individual participates in an encounter. It includes non-practitioner participants, and for practitioners this is to describe the action type in the context of this encounter (e.g. Admitting Dr, Attending Dr, Translator, Consulting Dr). This is different to the practitioner roles which are functional roles, derived from terms of employment, education, licensing, etc.","","","","","","","","",,"extensible","Role of participant in encounter.","http://hl7.org/fhir/ValueSet/encounter-participant-type|4.0.1","",,,,"Encounter.participant.type",0,*,"","ele-1:All FHIR elements must have a @value or children {hasValue() or (children().count() > id.count())}
","Event.performer.function",".functionCode","ROL-3 (or maybe PRT-4)"
"Encounter.participant.period","Encounter.participant.period","","","",0,1,"","","","Period {[]} {[]}
","Period of time during the encounter that the participant participated","The period of time that the specified participant participated in the encounter. These can overlap or be sub-sets of the overall encounter's period.","","","","","","","","","",,,,,"",,,,"Encounter.participant.period",0,1,"","ele-1:All FHIR elements must have a @value or children {hasValue() or (children().count() > id.count())}
",".time","ROL-5, ROL-6 (or maybe PRT-5)"
"Encounter.participant.individual","Encounter.participant.individual","","","",0,1,"","","Y","Reference {[]} {[CanonicalType[http://hl7.org/fhir/StructureDefinition/Practitioner|4.0.1], CanonicalType[http://hl7.org/fhir/StructureDefinition/PractitionerRole|4.0.1], CanonicalType[http://hl7.org/fhir/StructureDefinition/RelatedPerson|4.0.1]]}
","Persons involved in the encounter other than the patient","Berisi data partisipan dari pertemuan, diisikan dengan SATUSEHAT ID dokter/tenaga kesehatan dengan tipe data Reference, yang direferensikan ke data yang tersimpan di resource Practitioner, yang nilainya memiliki format: 'Practitioner/{practitioner-ihs-number}' Di mana isi dari parameter {practitioner-ihs-number} adalah ID Nakes organisasi induk yang didapatkan dari master Nakes indeks.","","","","","","","","","",,,,,"",,,,"Encounter.participant.individual",0,1,"","ele-1:All FHIR elements must have a @value or children {hasValue() or (children().count() > id.count())}
","Event.performer.actor",".role","FiveWs.who","ROL-4"
"Encounter.appointment","Encounter.appointment","","","",0,*,"","","Y","Reference {[]} {[CanonicalType[http://hl7.org/fhir/StructureDefinition/Appointment|4.0.1]]}
","The appointment that scheduled this encounter","The appointment that scheduled this encounter.","","","","","","","","","",,,,,"",,,,"Encounter.appointment",0,*,"","ele-1:All FHIR elements must have a @value or children {hasValue() or (children().count() > id.count())}
","Event.basedOn",".outboundRelationship[typeCode=FLFS].target[classCode=ENC, moodCode=APT]","SCH-1 / SCH-2"
"Encounter.period","Encounter.period","","","",0,1,"","","","Period {[]} {[]}
","The start and end time of the encounter","Berisi data waktu dari pertemuan dimulai sampai selesai (arrived to finished) dengan tipe data Period.","If not (yet) known, the end of the Period may be omitted.","","","","","","","","",,,,,"",,,,"Encounter.period",0,1,"","ele-1:All FHIR elements must have a @value or children {hasValue() or (children().count() > id.count())}
","Event.occurrence[x]",".effectiveTime (low & high)","FiveWs.done[x]","PV1-44, PV1-45"
"Encounter.length","Encounter.length","","","",0,1,"","","","Duration {[]} {[]}
","Quantity of time the encounter lasted (less time absent)","Berisi data jumlah waktu terjadinya kunjungan dengan tipe data Duration.","May differ from the time the Encounter.period lasted because of leave of absence.","","","","","","","","",,,,,"",,,,"Encounter.length",0,1,"","ele-1:All FHIR elements must have a @value or children {hasValue() or (children().count() > id.count())}
","Event.occurrence[x]",".lengthOfStayQuantity","(PV1-45 less PV1-44) iff ( (PV1-44 not empty) and (PV1-45 not empty) ); units in minutes"
"Encounter.reasonCode","Encounter.reasonCode","","Indication
Admission diagnosis","",0,*,"","","Y","CodeableConcept {[]} {[]}
","Coded reason the encounter takes place","Berisi satu atau lebih data kode alasan terjadinya kunjungan dengan tipe data CodeableConcept.","For systems that need to know which was the primary diagnosis, these will be marked with the standard extension primaryDiagnosis (which is a sequence value rather than a flag, 1 = primary diagnosis).","","","","","","","","",,"preferred","Reason why the encounter takes place.","http://hl7.org/fhir/ValueSet/encounter-reason|4.0.1","",,,,"Encounter.reasonCode",0,*,"","ele-1:All FHIR elements must have a @value or children {hasValue() or (children().count() > id.count())}
","Event.reasonCode",".reasonCode","FiveWs.why[x]","EVN-4 / PV2-3 (note: PV2-3 is nominally constrained to inpatient admissions; HL7 v2 makes no vocabulary suggestions for PV2-3; would not expect PV2 segment or PV2-3 to be in use in all implementations )"
"Encounter.reasonReference","Encounter.reasonReference","","Indication
Admission diagnosis","",0,*,"","","Y","Reference {[]} {[CanonicalType[http://hl7.org/fhir/StructureDefinition/Condition|4.0.1], CanonicalType[http://hl7.org/fhir/StructureDefinition/Procedure|4.0.1], CanonicalType[http://hl7.org/fhir/StructureDefinition/Observation|4.0.1], CanonicalType[http://hl7.org/fhir/StructureDefinition/ImmunizationRecommendation|4.0.1]]}
","Reason the encounter takes place (reference)","Berisi satu atau lebih data alasan yang mendasari terjadinya kunjungan dengan tipe data Reference, yang direferensikan ke data yang tersimpan di resource Condition | Procedure | Observation | ImmunizationRecommendation, yang nilainya memiliki format: 'Condition/{id-condition}' Di mana isi dari parameter {id-condition} adalah ID Condition yang didapatkan dari hasil response.","For systems that need to know which was the primary diagnosis, these will be marked with the standard extension primaryDiagnosis (which is a sequence value rather than a flag, 1 = primary diagnosis).","","","","","","","","",,,,,"",,,,"Encounter.reasonReference",0,*,"","ele-1:All FHIR elements must have a @value or children {hasValue() or (children().count() > id.count())}
","Event.reasonCode",".reasonCode","FiveWs.why[x]","EVN-4 / PV2-3 (note: PV2-3 is nominally constrained to inpatient admissions; HL7 v2 makes no vocabulary suggestions for PV2-3; would not expect PV2 segment or PV2-3 to be in use in all implementations )"
"Encounter.diagnosis","Encounter.diagnosis","","","",0,*,"","","Y","BackboneElement {[]} {[]}
","The list of diagnosis relevant to this encounter","The list of diagnosis relevant to this encounter.","","","","","","","","","",,,,,"",,,,"Encounter.diagnosis",0,*,"","ele-1:All FHIR elements must have a @value or children {hasValue() or (children().count() > id.count())}
",".outboundRelationship[typeCode=RSON]"
"Encounter.diagnosis.id","Encounter.diagnosis.id","","","",0,1,"","","","string {[]} {[]}
","Unique id for inter-element referencing","Unique id for the element within a resource (for internal references). This may be any string value that does not contain spaces.","","","","","","","","","",,,,,"",,,,"Element.id",0,1,"","","n/a"
"Encounter.diagnosis.extension","Encounter.diagnosis.extension","","extensions
user content","",0,*,"","","","Extension {[]} {[]}
","Additional content defined by implementations","May be used to represent additional information that is not part of the basic definition of the element. To make the use of extensions safe and manageable, there is a strict set of governance  applied to the definition and use of extensions. Though any implementer can define an extension, there is a set of requirements that SHALL be met as part of the definition of the extension.","There can be no stigma associated with the use of extensions by any application, project, or standard - regardless of the institution or jurisdiction that uses or defines the extensions.  The use of extensions is what allows the FHIR specification to retain a core level of simplicity for everyone.","","","","","","","","",,,,,"",,,,"Element.extension",0,*,"","ele-1:All FHIR elements must have a @value or children {hasValue() or (children().count() > id.count())}
ext-1:Must have either extensions or value[x], not both {extension.exists() != value.exists()}","n/a"
"Encounter.diagnosis.modifierExtension","Encounter.diagnosis.modifierExtension","","extensions
user contentmodifiers","",0,*,"","Y","Y","Extension {[]} {[]}
","Extensions that cannot be ignored even if unrecognized","May be used to represent additional information that is not part of the basic definition of the element and that modifies the understanding of the element in which it is contained and/or the understanding of the containing element's descendants. Usually modifier elements provide negation or qualification. To make the use of extensions safe and manageable, there is a strict set of governance applied to the definition and use of extensions. Though any implementer can define an extension, there is a set of requirements that SHALL be met as part of the definition of the extension. Applications processing a resource are required to check for modifier extensions.

Modifier extensions SHALL NOT change the meaning of any elements on Resource or DomainResource (including cannot change the meaning of modifierExtension itself).","There can be no stigma associated with the use of extensions by any application, project, or standard - regardless of the institution or jurisdiction that uses or defines the extensions.  The use of extensions is what allows the FHIR specification to retain a core level of simplicity for everyone.","Modifier extensions allow for extensions that *cannot* be safely ignored to be clearly distinguished from the vast majority of extensions which can be safely ignored.  This promotes interoperability by eliminating the need for implementers to prohibit the presence of extensions. For further information, see the [definition of modifier extensions](http://hl7.org/fhir/R4/extensibility.html#modifierExtension).","","","","","","","",,,,,"",,,,"BackboneElement.modifierExtension",0,*,"","ele-1:All FHIR elements must have a @value or children {hasValue() or (children().count() > id.count())}
ext-1:Must have either extensions or value[x], not both {extension.exists() != value.exists()}","N/A"
"Encounter.diagnosis.condition","Encounter.diagnosis.condition","","Admission diagnosis
discharge diagnosisindication","",1,1,"","","Y","Reference {[]} {[CanonicalType[http://hl7.org/fhir/StructureDefinition/Condition|4.0.1], CanonicalType[http://hl7.org/fhir/StructureDefinition/Procedure|4.0.1]]}
","The diagnosis or procedure relevant to the encounter","Berisi satu atau lebih data diagnosis dari pasien. Diagnosa bisa berupa diagnosa awal dan/atau pulang dengan tipe data Reference, yang direferensikan ke data yang tersimpan di resource Condition | Procedure. Condition dalam diagnosa dapat dicatat lebih dari 1. Nilainya memiliki format: 'Condition/{id-resource-Condition}' Di mana isi dari parameter {id-resource-Condition} adalah ID Condition yang didapatkan dari server.","For systems that need to know which was the primary diagnosis, these will be marked with the standard extension primaryDiagnosis (which is a sequence value rather than a flag, 1 = primary diagnosis).","","","","","","","","",,,,,"",,,,"Encounter.diagnosis.condition",1,1,"","ele-1:All FHIR elements must have a @value or children {hasValue() or (children().count() > id.count())}
","Event.reasonReference",".outboundRelationship[typeCode=RSON].target","FiveWs.why[x]","Resources that would commonly referenced at Encounter.indication would be Condition and/or Procedure. These most closely align with DG1/PRB and PR1 respectively."
"Encounter.diagnosis.use","Encounter.diagnosis.use","","","",0,1,"","","","CodeableConcept {[]} {[]}
","Role that this diagnosis has within the encounter (e.g. admission, billing, discharge …)","Berisi satu atau lebih data penggunaan kode untuk mendeskripsikan jenis diagnosa dengan tipe data CodeableConcept.","","","","","","","","","",,"preferred","The type of diagnosis this condition represents.","http://hl7.org/fhir/ValueSet/diagnosis-role|4.0.1","",,,,"Encounter.diagnosis.use",0,1,"","ele-1:All FHIR elements must have a @value or children {hasValue() or (children().count() > id.count())}
","n/a"
"Encounter.diagnosis.rank","Encounter.diagnosis.rank","","","",0,1,"","","","positiveInt {[]} {[]}
","Ranking of the diagnosis (for each role type)","Jika ada lebih dari 1 kondisi, maka gunakan elemen rank untuk mengurutkan mana diagnosa yang lebih utama. Semakin kecil angkanya, maka semakin utama, dengan tipe data positiveInt.","","","","","","","","","",,,,,"",,,,"Encounter.diagnosis.rank",0,1,"","ele-1:All FHIR elements must have a @value or children {hasValue() or (children().count() > id.count())}
",".outboundRelationship[typeCode=RSON].priority"
"Encounter.account","Encounter.account","","","",0,*,"","","","Reference {[]} {[CanonicalType[http://hl7.org/fhir/StructureDefinition/Account|4.0.1]]}
","The set of accounts that may be used for billing for this Encounter","Berisi satu atau lebih data akun yang digunakan untuk penagihan/billing untuk pertemuan ini dengan tipe data Reference, yang direferensikan ke data yang tersimpan di resource Account, yang nilainya memiliki format: 'Account/{id-account}' Di mana isi dari parameter {id-account} adalah ID Account yang didapatkan dari hasil response.","The billing system may choose to allocate billable items associated with the Encounter to different referenced Accounts based on internal business rules.","","","","","","","","",,,,,"",,,,"Encounter.account",0,*,"","ele-1:All FHIR elements must have a @value or children {hasValue() or (children().count() > id.count())}
",".pertains.A_Account"
"Encounter.hospitalization","Encounter.hospitalization","","","",0,1,"","","","BackboneElement {[]} {[]}
","Details about the admission to a healthcare service","Details about the admission to a healthcare service.","An Encounter may cover more than just the inpatient stay. Contexts such as outpatients, community clinics, and aged care facilities are also included.The duration recorded in the period of this encounter covers the entire scope of this hospitalization record.","","","","","","","","",,,,,"",,,,"Encounter.hospitalization",0,1,"","ele-1:All FHIR elements must have a @value or children {hasValue() or (children().count() > id.count())}
",".outboundRelationship[typeCode=COMP].target[classCode=ENC, moodCode=EVN]"
"Encounter.hospitalization.id","Encounter.hospitalization.id","","","",0,1,"","","","string {[]} {[]}
","Unique id for inter-element referencing","Unique id for the element within a resource (for internal references). This may be any string value that does not contain spaces.","","","","","","","","","",,,,,"",,,,"Element.id",0,1,"","","n/a"
"Encounter.hospitalization.extension","Encounter.hospitalization.extension","","extensions
user content","",0,*,"","","","Extension {[]} {[]}
","Additional content defined by implementations","May be used to represent additional information that is not part of the basic definition of the element. To make the use of extensions safe and manageable, there is a strict set of governance  applied to the definition and use of extensions. Though any implementer can define an extension, there is a set of requirements that SHALL be met as part of the definition of the extension.","There can be no stigma associated with the use of extensions by any application, project, or standard - regardless of the institution or jurisdiction that uses or defines the extensions.  The use of extensions is what allows the FHIR specification to retain a core level of simplicity for everyone.","","","","","","","","",,,,,"",,,,"Element.extension",0,*,"","ele-1:All FHIR elements must have a @value or children {hasValue() or (children().count() > id.count())}
ext-1:Must have either extensions or value[x], not both {extension.exists() != value.exists()}","n/a"
"Encounter.hospitalization.modifierExtension","Encounter.hospitalization.modifierExtension","","extensions
user contentmodifiers","",0,*,"","Y","Y","Extension {[]} {[]}
","Extensions that cannot be ignored even if unrecognized","May be used to represent additional information that is not part of the basic definition of the element and that modifies the understanding of the element in which it is contained and/or the understanding of the containing element's descendants. Usually modifier elements provide negation or qualification. To make the use of extensions safe and manageable, there is a strict set of governance applied to the definition and use of extensions. Though any implementer can define an extension, there is a set of requirements that SHALL be met as part of the definition of the extension. Applications processing a resource are required to check for modifier extensions.

Modifier extensions SHALL NOT change the meaning of any elements on Resource or DomainResource (including cannot change the meaning of modifierExtension itself).","There can be no stigma associated with the use of extensions by any application, project, or standard - regardless of the institution or jurisdiction that uses or defines the extensions.  The use of extensions is what allows the FHIR specification to retain a core level of simplicity for everyone.","Modifier extensions allow for extensions that *cannot* be safely ignored to be clearly distinguished from the vast majority of extensions which can be safely ignored.  This promotes interoperability by eliminating the need for implementers to prohibit the presence of extensions. For further information, see the [definition of modifier extensions](http://hl7.org/fhir/R4/extensibility.html#modifierExtension).","","","","","","","",,,,,"",,,,"BackboneElement.modifierExtension",0,*,"","ele-1:All FHIR elements must have a @value or children {hasValue() or (children().count() > id.count())}
ext-1:Must have either extensions or value[x], not both {extension.exists() != value.exists()}","N/A"
"Encounter.hospitalization.preAdmissionIdentifier","Encounter.hospitalization.preAdmissionIdentifier","","","",0,1,"","","","Identifier {[]} {[]}
","Pre-admission identifier","Berisi data pre-admisi dengan tipe data Identifier.","","","","","","","","","",,,,,"",,,,"Encounter.hospitalization.preAdmissionIdentifier",0,1,"","ele-1:All FHIR elements must have a @value or children {hasValue() or (children().count() > id.count())}
",".id","PV1-5"
"Encounter.hospitalization.origin","Encounter.hospitalization.origin","","","",0,1,"","","","Reference {[]} {[CanonicalType[http://hl7.org/fhir/StructureDefinition/Location|4.0.1], CanonicalType[http://hl7.org/fhir/StructureDefinition/Organization|4.0.1]]}
","The location/organization from which the patient came before admission","Berisi data lokasi atau organisasi asal pasien sebelum terjadi admisi dengan tipe data Reference, yang direferensikan ke data yang tersimpan di resource Location | Organization, yang nilainya memiliki format: 'Location/{id-resource-Location}' Di mana isi dari parameter {id-resource-Location} adalah ID Location yang didapatkan dari server.","","","","","","","","","",,,,,"",,,,"Encounter.hospitalization.origin",0,1,"","ele-1:All FHIR elements must have a @value or children {hasValue() or (children().count() > id.count())}
",".participation[typeCode=ORG].role"
"Encounter.hospitalization.admitSource","Encounter.hospitalization.admitSource","","","",0,1,"","","","CodeableConcept {[]} {[]}
","From where patient was admitted (physician referral, transfer)","Berisi data asal di mana sebelum pasien dirawat/admisia dengan tipe data CodeableConcept.","","","","","","","","","",,"preferred","From where the patient was admitted.","http://hl7.org/fhir/ValueSet/encounter-admit-source|4.0.1","",,,,"Encounter.hospitalization.admitSource",0,1,"","ele-1:All FHIR elements must have a @value or children {hasValue() or (children().count() > id.count())}
",".admissionReferralSourceCode","PV1-14"
"Encounter.hospitalization.reAdmission","Encounter.hospitalization.reAdmission","","","",0,1,"","","","CodeableConcept {[]} {[]}
","The type of hospital re-admission that has occurred (if any). If the value is absent, then this is not identified as a readmission","Berisi data tipe readmisi yang terjadi (bila ada). Bila elemen ini kosong, maka kunjungan tidak dianggap sebagai readmisi dengan tipe data CodeableConcept.","","","","","","","","","",,"example","The reason for re-admission of this hospitalization encounter.","http://terminology.hl7.org/ValueSet/v2-0092","",,,,"Encounter.hospitalization.reAdmission",0,1,"","ele-1:All FHIR elements must have a @value or children {hasValue() or (children().count() > id.count())}
","n/a","PV1-13"
"Encounter.hospitalization.dietPreference","Encounter.hospitalization.dietPreference","","","",0,*,"","","","CodeableConcept {[]} {[]}
","Diet preferences reported by the patient","Berisi satu atau lebih data preferensi diet yang dilaporkan oleh pasien dengan tipe data CodeableConcept.","For example, a patient may request both a dairy-free and nut-free diet preference (not mutually exclusive).","Used to track patient's diet restrictions and/or preference. For a complete description of the nutrition needs of a patient during their stay, one should use the nutritionOrder resource which links to Encounter.","","","","","","","",,"example","Medical, cultural or ethical food preferences to help with catering requirements.","http://hl7.org/fhir/ValueSet/encounter-diet|4.0.1","",,,,"Encounter.hospitalization.dietPreference",0,*,"","ele-1:All FHIR elements must have a @value or children {hasValue() or (children().count() > id.count())}
",".outboundRelationship[typeCode=COMP].target[classCode=SBADM, moodCode=EVN, code=""diet""]","PV1-38"
"Encounter.hospitalization.specialCourtesy","Encounter.hospitalization.specialCourtesy","","","",0,*,"","","","CodeableConcept {[]} {[]}
","Special courtesies (VIP, board member)","Special courtesies (VIP, board member).","","","","","","","","","",,"preferred","Special courtesies.","http://hl7.org/fhir/ValueSet/encounter-special-courtesy|4.0.1","",,,,"Encounter.hospitalization.specialCourtesy",0,*,"","ele-1:All FHIR elements must have a @value or children {hasValue() or (children().count() > id.count())}
",".specialCourtesiesCode","PV1-16"
"Encounter.hospitalization.specialArrangement","Encounter.hospitalization.specialArrangement","","","",0,*,"","","","CodeableConcept {[]} {[]}
","Wheelchair, translator, stretcher, etc.","Berisi satu atau lebih data permintaan khusus yang dibuat untuk kunjungan rawat inap ini seperti penyediaan peralatan khusus dan lain-lain dengan tipe data CodeableConcept.","","","","","","","","","",,"preferred","Special arrangements.","http://hl7.org/fhir/ValueSet/encounter-special-arrangements|4.0.1","",,,,"Encounter.hospitalization.specialArrangement",0,*,"","ele-1:All FHIR elements must have a @value or children {hasValue() or (children().count() > id.count())}
",".specialArrangementCode","PV1-15 / OBR-30 / OBR-43"
"Encounter.hospitalization.destination","Encounter.hospitalization.destination","","","",0,1,"","","","Reference {[]} {[CanonicalType[http://hl7.org/fhir/StructureDefinition/Location|4.0.1], CanonicalType[http://hl7.org/fhir/StructureDefinition/Organization|4.0.1]]}
","Location/organization to which the patient is discharged","Berisi data lokasi atau organisasi tempat pasien dipulangkan dengan tipe data Reference, yang direferensikan ke data yang tersimpan di resource Location | Organization, yang nilainya memiliki format: 'Location/{id-resource-Location}' Di mana isi dari parameter {id-resource-Location} adalah ID Location yang didapatkan dari server.","","","","","","","","","",,,,,"",,,,"Encounter.hospitalization.destination",0,1,"","ele-1:All FHIR elements must have a @value or children {hasValue() or (children().count() > id.count())}
",".participation[typeCode=DST]","PV1-37"
"Encounter.hospitalization.dischargeDisposition","Encounter.hospitalization.dischargeDisposition","","","",0,1,"","","","CodeableConcept {[]} {[]}
","Category or kind of location after discharge","Berisi data kategori atau tipe lokasi setelah pasien dipulangkan dengan tipe data CodeableConcept.","","","","","","","","","",,"example","Discharge Disposition.","http://hl7.org/fhir/ValueSet/encounter-discharge-disposition|4.0.1","",,,,"Encounter.hospitalization.dischargeDisposition",0,1,"","ele-1:All FHIR elements must have a @value or children {hasValue() or (children().count() > id.count())}
",".dischargeDispositionCode","PV1-36"
"Encounter.location","Encounter.location","","","",0,*,"","","","BackboneElement {[]} {[]}
","List of locations where the patient has been","List of locations where  the patient has been during this encounter.","Virtual encounters can be recorded in the Encounter by specifying a location reference to a location of type ""kind"" such as ""client's home"" and an encounter.class = ""virtual"".","","","","","","","","",,,,,"",,,,"Encounter.location",0,*,"","ele-1:All FHIR elements must have a @value or children {hasValue() or (children().count() > id.count())}
",".participation[typeCode=LOC]"
"Encounter.location.id","Encounter.location.id","","","",0,1,"","","","string {[]} {[]}
","Unique id for inter-element referencing","Unique id for the element within a resource (for internal references). This may be any string value that does not contain spaces.","","","","","","","","","",,,,,"",,,,"Element.id",0,1,"","","n/a"
"Encounter.location.extension","Encounter.location.extension","","","",0,*,"","","","Extension {[]} {[]}
","Extension","An Extension","","","","","","","","","",,,,,"","value:url}
","",,"open","Element.extension",0,*,"","ele-1:All FHIR elements must have a @value or children {hasValue() or (children().count() > id.count())}
ext-1:Must have either extensions or value[x], not both {extension.exists() != value.exists()}"
"Encounter.location.extension:serviceClass","Encounter.location.extension","serviceClass","","",0,1,"","","","Extension {[CanonicalType[https://fhir.kemkes.go.id/r4/StructureDefinition/ServiceClass]]} {[]}
","Service Class","Extension for service class information.","","","","","","","","","",,,,,"",,,,"Element.extension",0,*,"ele-1
","ele-1:All FHIR elements must have a @value or children {hasValue() or (children().count() > id.count())}
ext-1:Must have either extensions or value[x], not both {extension.exists() != value.exists()}"
"Encounter.location.modifierExtension","Encounter.location.modifierExtension","","extensions
user contentmodifiers","",0,*,"","Y","Y","Extension {[]} {[]}
","Extensions that cannot be ignored even if unrecognized","May be used to represent additional information that is not part of the basic definition of the element and that modifies the understanding of the element in which it is contained and/or the understanding of the containing element's descendants. Usually modifier elements provide negation or qualification. To make the use of extensions safe and manageable, there is a strict set of governance applied to the definition and use of extensions. Though any implementer can define an extension, there is a set of requirements that SHALL be met as part of the definition of the extension. Applications processing a resource are required to check for modifier extensions.

Modifier extensions SHALL NOT change the meaning of any elements on Resource or DomainResource (including cannot change the meaning of modifierExtension itself).","There can be no stigma associated with the use of extensions by any application, project, or standard - regardless of the institution or jurisdiction that uses or defines the extensions.  The use of extensions is what allows the FHIR specification to retain a core level of simplicity for everyone.","Modifier extensions allow for extensions that *cannot* be safely ignored to be clearly distinguished from the vast majority of extensions which can be safely ignored.  This promotes interoperability by eliminating the need for implementers to prohibit the presence of extensions. For further information, see the [definition of modifier extensions](http://hl7.org/fhir/R4/extensibility.html#modifierExtension).","","","","","","","",,,,,"",,,,"BackboneElement.modifierExtension",0,*,"","ele-1:All FHIR elements must have a @value or children {hasValue() or (children().count() > id.count())}
ext-1:Must have either extensions or value[x], not both {extension.exists() != value.exists()}","N/A"
"Encounter.location.location","Encounter.location.location","","","",1,1,"","","","Reference {[]} {[CanonicalType[http://hl7.org/fhir/StructureDefinition/Location|4.0.1]]}
","Location the encounter takes place","Berisi data lokasi dari pertemuan pasien. Dapat diisi oleh ruangan periksa pasien / poli pemeriksaannya dengan tipe data Reference, yang direferensikan ke data yang tersimpan di resource Location, yang nilainya memiliki format: 'Location/{id-resource-Location}' Di mana isi dari parameter {id-resource-Location} adalah ID Location yang didapatkan dari server.","","","","","","","","","",,,,,"",,,,"Encounter.location.location",1,1,"","ele-1:All FHIR elements must have a @value or children {hasValue() or (children().count() > id.count())}
","Event.location",".role","FiveWs.where[x]","PV1-3 / PV1-6 / PV1-11 / PV1-42 / PV1-43"
"Encounter.location.status","Encounter.location.status","","","",0,1,"","","","code {[]} {[]}
","planned | active | reserved | completed","The status of the participants' presence at the specified location during the period specified. If the participant is no longer at the location, then the period will have an end date/time.","When the patient is no longer active at a location, then the period end date is entered, and the status may be changed to completed.","","","","","","","","",,"required","The status of the location.","http://hl7.org/fhir/ValueSet/encounter-location-status|4.0.1","",,,,"Encounter.location.status",0,1,"","ele-1:All FHIR elements must have a @value or children {hasValue() or (children().count() > id.count())}
",".role.statusCode"
"Encounter.location.physicalType","Encounter.location.physicalType","","","",0,1,"","","","CodeableConcept {[]} {[]}
","The physical type of the location (usually the level in the location hierachy - bed room ward etc.)","This will be used to specify the required levels (bed/ward/room/etc.) desired to be recorded to simplify either messaging or query.","This information is de-normalized from the Location resource to support the easier understanding of the encounter resource and processing in messaging or query.

There may be many levels in the hierachy, and this may only pic specific levels that are required for a specific usage scenario.","","","","","","","","",,"example","Physical form of the location.","http://hl7.org/fhir/ValueSet/location-physical-type|4.0.1","",,,,"Encounter.location.physicalType",0,1,"","ele-1:All FHIR elements must have a @value or children {hasValue() or (children().count() > id.count())}
"
"Encounter.location.period","Encounter.location.period","","","",1,1,"","","","Period {[]} {[]}
","Time period during which the patient was present at the location","Time period during which the patient was present at the location.","","","","","","","","","",,,,,"",,,,"Encounter.location.period",0,1,"","ele-1:All FHIR elements must have a @value or children {hasValue() or (children().count() > id.count())}
",".time"
"Encounter.serviceProvider","Encounter.serviceProvider","","","",0,1,"","","","Reference {[]} {[CanonicalType[http://hl7.org/fhir/StructureDefinition/Organization|4.0.1]]}
","The organization (facility) responsible for this encounter","Berisi data organisasi pengelola lokasi dengan tipe data Reference, yang direferensikan ke data yang tersimpan di resource Organization, yang nilainya memiliki format: 'Organization/{organization-ihs-number}' Di mana isi dari parameter {organization-ihs-number} adalah ID organisasi induk yang didapatkan dari master sarana indeks.","","","","","","","","","",,,,,"",,,,"Encounter.serviceProvider",0,1,"","ele-1:All FHIR elements must have a @value or children {hasValue() or (children().count() > id.count())}
","Event.performer.actor",".particiaption[typeCode=PFM].role","PL.6  & PL.1"
"Encounter.partOf","Encounter.partOf","","","",0,1,"","","","Reference {[]} {[CanonicalType[http://hl7.org/fhir/StructureDefinition/Encounter|4.0.1]]}
","Another Encounter this encounter is part of","Berisi data kunjungan di mana kunjungan ini menjadi bagiannya (secara administratif atau dalam waktu) dengan tipe data Reference, yang direferensikan ke data yang tersimpan di resource Encounter, yang nilainya memiliki format: 'Encounter/{id-encounter}' Di mana isi dari parameter {id-encounter} adalah ID Encounter yang didapatkan dari hasil response.","This is also used for associating a child's encounter back to the mother's encounter.Refer to the Notes section in the Patient resource for further details.","","","","","","","","",,,,,"",,,,"Encounter.partOf",0,1,"","ele-1:All FHIR elements must have a @value or children {hasValue() or (children().count() > id.count())}
","Event.partOf",".inboundRelationship[typeCode=COMP].source[classCode=COMP, moodCode=EVN]"
