"Id","Path","Slice Name","Alias(s)","Label","Min","Max","Must Support?","Is Modifier?","Is Summary?","Type(s)","Short","Definition","Comments","Requirements","Default Value","Meaning When Missing","Fixed Value","Pattern","Example","Minimum Value","Maximum Value","Maximum Length","Binding Strength","Binding Description","Binding Value Set","Code","Slicing Discriminator","Slicing Description","Slicing Ordered","Slicing Rules","Base Path","Base Min","Base Max","Condition(s)","Constraint(s)","Mapping: Workflow Pattern","Mapping: HL7 v2 Mapping","Mapping: RIM Mapping","Mapping: FiveWs Pattern Mapping"
"NutritionOrder","NutritionOrder","","Nutrition Order
Diet OrderDietNutritional SupplementEnteral Nutrition","",0,*,"","","","null {[]} {[]}
","Diet, formula or nutritional supplement request","A request to supply a diet, formula feeding (enteral) or oral nutritional supplement to a patient/resident.","Referenced by an Order Request (workflow).","","","","","","","","",,,,,"",,,,"NutritionOrder",0,*,"","dom-2:If the resource is contained in another resource, it SHALL NOT contain nested Resources {contained.contained.empty()}
dom-3:If the resource is contained in another resource, it SHALL be referred to from elsewhere in the resource or SHALL refer to the containing resource {contained.where((('#'+id in (%resource.descendants().reference | %resource.descendants().as(canonical) | %resource.descendants().as(uri) | %resource.descendants().as(url))) or descendants().where(reference = '#').exists() or descendants().where(as(canonical) = '#').exists() or descendants().where(as(canonical) = '#').exists()).not()).trace('unmatched', id).empty()}dom-4:If a resource is contained in another resource, it SHALL NOT have a meta.versionId or a meta.lastUpdated {contained.meta.versionId.empty() and contained.meta.lastUpdated.empty()}dom-5:If a resource is contained in another resource, it SHALL NOT have a security label {contained.meta.security.empty()}dom-6:A resource should have narrative for robust management {text.`div`.exists()}nor-1:Nutrition Order SHALL contain either Oral Diet , Supplement, or Enteral Formula class {oralDiet.exists() or supplement.exists() or enteralFormula.exists()}","Request","ORC / ODS","Entity. Role, or Act","SupplyRequest"
"NutritionOrder.id","NutritionOrder.id","","","",0,1,"","","Y","id {[]} {[]}
","Logical id of this artifact","The logical id of the resource, as used in the URL for the resource. Once assigned, this value never changes.","The only time that a resource does not have an id is when it is being submitted to the server using a create operation.","","","","","","","","",,,,,"",,,,"Resource.id",0,1,"",""
"NutritionOrder.meta","NutritionOrder.meta","","","",0,1,"","","Y","Meta {[]} {[]}
","Metadata about the resource","The metadata about the resource. This is content that is maintained by the infrastructure. Changes to the content might not always be associated with version changes to the resource.","","","","","","","","","",,,,,"",,,,"Resource.meta",0,1,"","ele-1:All FHIR elements must have a @value or children {hasValue() or (children().count() > id.count())}
"
"NutritionOrder.implicitRules","NutritionOrder.implicitRules","","","",0,1,"","Y","Y","uri {[]} {[]}
","A set of rules under which this content was created","A reference to a set of rules that were followed when the resource was constructed, and which must be understood when processing the content. Often, this is a reference to an implementation guide that defines the special rules along with other profiles etc.","Asserting this rule set restricts the content to be only understood by a limited set of trading partners. This inherently limits the usefulness of the data in the long term. However, the existing health eco-system is highly fractured, and not yet ready to define, collect, and exchange data in a generally computable sense. Wherever possible, implementers and/or specification writers should avoid using this element. Often, when used, the URL is a reference to an implementation guide that defines these special rules as part of it's narrative along with other profiles, value sets, etc.","","","","","","","","",,,,,"",,,,"Resource.implicitRules",0,1,"","ele-1:All FHIR elements must have a @value or children {hasValue() or (children().count() > id.count())}
"
"NutritionOrder.language","NutritionOrder.language","","","",0,1,"","","","code {[]} {[]}
","Language of the resource content","The base language in which the resource is written.","Language is provided to support indexing and accessibility (typically, services such as text to speech use the language tag). The html language tag in the narrative applies  to the narrative. The language tag on the resource may be used to specify the language of other presentations generated from the data in the resource. Not all the content has to be in the base language. The Resource.language should not be assumed to apply to the narrative automatically. If a language is specified, it should it also be specified on the div element in the html (see rules in HTML5 for information about the relationship between xml:lang and the html lang attribute).","","","","","","","","",,"preferred","A human language.","http://hl7.org/fhir/ValueSet/languages|4.0.1","",,,,"Resource.language",0,1,"","ele-1:All FHIR elements must have a @value or children {hasValue() or (children().count() > id.count())}
"
"NutritionOrder.text","NutritionOrder.text","","narrative
htmlxhtmldisplay","",0,1,"","","","Narrative {[]} {[]}
","Text summary of the resource, for human interpretation","A human-readable narrative that contains a summary of the resource and can be used to represent the content of the resource to a human. The narrative need not encode all the structured data, but is required to contain sufficient detail to make it ""clinically safe"" for a human to just read the narrative. Resource definitions may define what content should be represented in the narrative to ensure clinical safety.","Contained resources do not have narrative. Resources that are not contained SHOULD have a narrative. In some cases, a resource may only have text with little or no additional discrete data (as long as all minOccurs=1 elements are satisfied).  This may be necessary for data from legacy systems where information is captured as a ""text blob"" or where text is additionally entered raw or narrated and encoded information is added later.","","","","","","","","",,,,,"",,,,"DomainResource.text",0,1,"","ele-1:All FHIR elements must have a @value or children {hasValue() or (children().count() > id.count())}
","Act.text?"
"NutritionOrder.contained","NutritionOrder.contained","","inline resources
anonymous resourcescontained resources","",0,*,"","","","Resource {[]} {[]}
","Contained, inline Resources","These resources do not have an independent existence apart from the resource that contains them - they cannot be identified independently, and nor can they have their own independent transaction scope.","This should never be done when the content can be identified properly, as once identification is lost, it is extremely difficult (and context dependent) to restore it again. Contained resources may have profiles and tags In their meta elements, but SHALL NOT have security labels.","","","","","","","","",,,,,"",,,,"DomainResource.contained",0,*,"","","N/A"
"NutritionOrder.extension","NutritionOrder.extension","","extensions
user content","",0,*,"","","","Extension {[]} {[]}
","Additional content defined by implementations","May be used to represent additional information that is not part of the basic definition of the resource. To make the use of extensions safe and manageable, there is a strict set of governance  applied to the definition and use of extensions. Though any implementer can define an extension, there is a set of requirements that SHALL be met as part of the definition of the extension.","There can be no stigma associated with the use of extensions by any application, project, or standard - regardless of the institution or jurisdiction that uses or defines the extensions.  The use of extensions is what allows the FHIR specification to retain a core level of simplicity for everyone.","","","","","","","","",,,,,"",,,,"DomainResource.extension",0,*,"","ele-1:All FHIR elements must have a @value or children {hasValue() or (children().count() > id.count())}
ext-1:Must have either extensions or value[x], not both {extension.exists() != value.exists()}","N/A"
"NutritionOrder.modifierExtension","NutritionOrder.modifierExtension","","extensions
user content","",0,*,"","Y","","Extension {[]} {[]}
","Extensions that cannot be ignored","May be used to represent additional information that is not part of the basic definition of the resource and that modifies the understanding of the element that contains it and/or the understanding of the containing element's descendants. Usually modifier elements provide negation or qualification. To make the use of extensions safe and manageable, there is a strict set of governance applied to the definition and use of extensions. Though any implementer is allowed to define an extension, there is a set of requirements that SHALL be met as part of the definition of the extension. Applications processing a resource are required to check for modifier extensions.

Modifier extensions SHALL NOT change the meaning of any elements on Resource or DomainResource (including cannot change the meaning of modifierExtension itself).","There can be no stigma associated with the use of extensions by any application, project, or standard - regardless of the institution or jurisdiction that uses or defines the extensions.  The use of extensions is what allows the FHIR specification to retain a core level of simplicity for everyone.","Modifier extensions allow for extensions that *cannot* be safely ignored to be clearly distinguished from the vast majority of extensions which can be safely ignored.  This promotes interoperability by eliminating the need for implementers to prohibit the presence of extensions. For further information, see the [definition of modifier extensions](http://hl7.org/fhir/R4/extensibility.html#modifierExtension).","","","","","","","",,,,,"",,,,"DomainResource.modifierExtension",0,*,"","ele-1:All FHIR elements must have a @value or children {hasValue() or (children().count() > id.count())}
ext-1:Must have either extensions or value[x], not both {extension.exists() != value.exists()}","N/A"
"NutritionOrder.identifier","NutritionOrder.identifier","","","",0,*,"","","","Identifier {[]} {[]}
","Identifiers assigned to this order","Berisi data identitas yang ditetapkan sebagai identifikasi pesanan oleh pengirim pesanan atau oleh penerima pesanan yang setiap datanya direpresentasikan dengan tipe data Identifier.","The Identifier.type element can be to indicate filler vs. placer if needed.  This is explained in further detail [here](http://hl7.org/fhir/R4/servicerequest.html#notes).","","","","","","","","",,,,,"",,,,"NutritionOrder.identifier",0,*,"","ele-1:All FHIR elements must have a @value or children {hasValue() or (children().count() > id.count())}
","Request.identifier","ORC-2/ORC-3",".id","FiveWs.identifier"
"NutritionOrder.instantiatesCanonical","NutritionOrder.instantiatesCanonical","","","",0,*,"","","Y","canonical {[]} {[CanonicalType[http://hl7.org/fhir/StructureDefinition/ActivityDefinition|4.0.1], CanonicalType[http://hl7.org/fhir/StructureDefinition/PlanDefinition|4.0.1]]}
","Instantiates FHIR protocol or definition","Berisi URL yang menunjuk ke protokol, pedoman, kumpulan pesanan, atau definisi lain yang ditentukan FHIR yang dipatuhi secara keseluruhan atau sebagian oleh NutritionOrder ini dengan tipe data Canonical yang direferensikan ke data yang tersimpan di resources ActivityDefinition | PlanDefinition.","Note: This is a business identifier, not a resource identifier (see [discussion](http://hl7.org/fhir/R4/resource.html#identifiers)).  It is best practice for the identifier to only appear on a single resource instance, however business practices may occasionally dictate that multiple resource instances with the same identifier can exist - possibly even with different resource types.  For example, multiple Patient and a Person resource instance might share the same social insurance number.","","","","","","","","",,,,,"",,,,"NutritionOrder.instantiatesCanonical",0,*,"","ele-1:All FHIR elements must have a @value or children {hasValue() or (children().count() > id.count())}
","Request.instantiatesCanonical","Varies by domain",".outboundRelationship[typeCode=DEFN].target"
"NutritionOrder.instantiatesUri","NutritionOrder.instantiatesUri","","","",0,*,"","","Y","uri {[]} {[]}
","Instantiates external protocol or definition","Berisi URL yang menunjuk ke protokol, pedoman, rangkaian pesanan, atau definisi lain yang dikelola secara eksternal yang dipatuhi secara keseluruhan atau sebagian oleh NutritionOrder ini dengan tipe data uri.","This might be an HTML page, PDF, etc. or could just be a non-resolvable URI identifier.","","","","","","","","",,,,,"",,,,"NutritionOrder.instantiatesUri",0,*,"","ele-1:All FHIR elements must have a @value or children {hasValue() or (children().count() > id.count())}
","Request.instantiatesUri","Varies by domain",".outboundRelationship[typeCode=DEFN].target"
"NutritionOrder.instantiates","NutritionOrder.instantiates","","","",0,*,"","","","uri {[]} {[]}
","Instantiates protocol or definition","Berisi URL yang menunjuk ke protokol, pedoman, tatanan atau definisi lain yang dipatuhi secara keseluruhan atau sebagian oleh NutritionOrder ini dengan tipe data uri.","","","","","","","","","",,,,,"",,,,"NutritionOrder.instantiates",0,*,"","ele-1:All FHIR elements must have a @value or children {hasValue() or (children().count() > id.count())}
","Request.instantiates","Varies by domain",".outboundRelationship[typeCode=DEFN].target"
"NutritionOrder.status","NutritionOrder.status","","","",1,1,"","Y","Y","code {[]} {[]}
","draft | active | on-hold | revoked | completed | entered-in-error | unknown","Berisi status alur kerja pesanan/permintaan nutrisi dengan tipe data code yang nilainya mengacu pada data terminologi RequestStatus.","Typically the system placing the order sets the status to ""requested"". Thereafter, the order is maintained by the receiver that updates the status as the request is handled.  This element is labeled as a modifier because the status contains codes that mark the resource as not currently valid.","","","","","","","","",,"required","Codes identifying the lifecycle stage of the nutrition order.","http://hl7.org/fhir/ValueSet/request-status|4.0.1","",,,,"NutritionOrder.status",1,1,"","ele-1:All FHIR elements must have a @value or children {hasValue() or (children().count() > id.count())}
","Request.status","ORC-1",".statusCode","FiveWs.status"
"NutritionOrder.intent","NutritionOrder.intent","","category
","",1,1,"","Y","Y","code {[]} {[]}
","proposal | plan | directive | order | original-order | reflex-order | filler-order | instance-order | option","Berisi data yang menunjukkan tingkat otoritas/intensionalitas yang terkait dengan NutrionOrder dan kesesuaian permintaan tersebut dengan rantai alur kerja. Data dikirimkan dengan tipe data code yang nilainya mengacu pada data terminologi RequestIntent. Ketika resources dipetakan ke elemen ini, maka pengguna bebas menentukan code sebanyak yang diperlukan untuk mencakup ruangnya dan dipetakan ke code 'proposal, plan, atau order'. Resource ini dapat memiliki beberapa code yang dipetakan ke salah satunya. Misalnya. 'original order', 'encoded order', 'reflex order' semuanya akan dipetakan ke code 'order'. Kumpulan code tersebut dapat bersifat eksklusif satu sama lain atau merupakan hierarki ketat yang mencakup semua hal.","When resources map to this element, they are free to define as many codes as necessary to cover their space and will map to ""proposal, plan or order"".  Can have multiple codes that map to one of these.  E.g. ""original order"", ""encoded order"", ""reflex order"" would all map to ""order"".  Expectation is that the set of codes is mutually exclusive or a strict all-encompassing hierarchy.","Proposals/recommendations, plans and orders all use the same structure and can exist in the same fulfillment chain.","","","","","","","",,"required","Codes indicating the degree of authority/intentionality associated with a nutrition order.","http://hl7.org/fhir/ValueSet/request-intent|4.0.1","",,,,"NutritionOrder.intent",1,1,"","ele-1:All FHIR elements must have a @value or children {hasValue() or (children().count() > id.count())}
","Request.intent","N/A",".moodCode (nuances beyond PRP/PLAN/RQO would need to be elsewhere)","FiveWs.class"
"NutritionOrder.patient","NutritionOrder.patient","","","",1,1,"","","Y","Reference {[]} {[CanonicalType[http://hl7.org/fhir/StructureDefinition/Patient|4.0.1]]}
","The person who requires the diet, formula or nutritional supplement","Berisi data orang atau pasien yang memerlukan tatanan nutrisi untuk diet oral, suplemen nutrisi dan/atau pemberian makanan enteral atau susu formula dengan tipe data Reference, yang direferensikan ke data yang tersimpan di resources Patient | Group , yang nilainya memiliki format: 'Patient/{patient-ihs-number}' Dimana isi dari parameter {patient-ihs-number} adalah ID Patient yang didapatkan dari Master Patient Index.","","","","","","","","","",,,,,"",,,,"NutritionOrder.patient",1,1,"","ele-1:All FHIR elements must have a @value or children {hasValue() or (children().count() > id.count())}
","Request.subject","PID",".participation[typeCode=SBJ].role","FiveWs.subject[x]","FiveWs.subject"
"NutritionOrder.encounter","NutritionOrder.encounter","","","",0,1,"","","","Reference {[]} {[CanonicalType[http://hl7.org/fhir/StructureDefinition/Encounter|4.0.1]]}
","The encounter associated with this nutrition order","Berisi data kunjungan yang memberikan informasi tambahan tentang konteks layanan kesehatan dimana permintaan nutrisi ini dibuat dengan tipe data Reference, yang direferensikan ke data yang tersimpan di resource Encounter dimana observasi ini dibuat, yang nilainya memiliki format: 'Encounter/{id-resource-Encounter}' Dimana isi dari parameter {id-resource-Encounter} adalah ID Encounter yang didapatkan dari hasil response.","","","","","","","","","",,,,,"",,,,"NutritionOrder.encounter",0,1,"","ele-1:All FHIR elements must have a @value or children {hasValue() or (children().count() > id.count())}
","Request.encounter","PV1",".inboundRelationship[typeCode=COMP].source[classCode=ENC, moodCode=EVN]","FiveWs.context"
"NutritionOrder.dateTime","NutritionOrder.dateTime","","","",1,1,"","","Y","dateTime {[]} {[]}
","Date and time the nutrition order was requested","Berisi tanggal dan waktu permintaan nutrisi ini diminta dengan tipe data dateTime.","","","","","","","","","",,,,,"",,,,"NutritionOrder.dateTime",1,1,"","ele-1:All FHIR elements must have a @value or children {hasValue() or (children().count() > id.count())}
","Request.authoredOn","ORC-9","author.time","FiveWs.recorded"
"NutritionOrder.orderer","NutritionOrder.orderer","","","",0,1,"","","Y","Reference {[]} {[CanonicalType[http://hl7.org/fhir/StructureDefinition/Practitioner|4.0.1], CanonicalType[http://hl7.org/fhir/StructureDefinition/PractitionerRole|4.0.1]]}
","Who ordered the diet, formula or nutritional supplement","Berisi data praktisi yang memegang tanggung jawab hukum untuk memesan makanan, suplemen nutrisi, atau pemberian susu formula dengan tipe data Reference, yang direferensikan ke data yang tersimpan di resources Practitioner | PractitionerRole yang nilainya memiliki format: 'Practitioner/{practitioner-ihs-number}' Dimana isi dari parameter {practitioner-ihs-number} adalah ID Nakes yang didapatkan dari Master Nakes Indeks.","","","","","","","","","",,,,,"",,,,"NutritionOrder.orderer",0,1,"","ele-1:All FHIR elements must have a @value or children {hasValue() or (children().count() > id.count())}
","Request.requester","ORC-12",".participation[typeCode=AUT].role","FiveWs.author"
"NutritionOrder.allergyIntolerance","NutritionOrder.allergyIntolerance","","","",0,*,"","","","Reference {[]} {[CanonicalType[http://hl7.org/fhir/StructureDefinition/AllergyIntolerance|4.0.1]]}
","List of the patient's food and nutrition-related allergies and intolerances","Berisi data informasi mengenai catatan alergi atau intoleransi yang harus dimasukkan dalam permintaan nutrisi dengan tipe data Reference, yang direferensikan ke data yang tersimpan di resource AllergyIntolerance, yang nilainya memiliki format: 'AllergyIntolerance/{id-resource-AllergyIntolerance}' Dimana isi dari parameter {id-resource-AllergyIntolerance} adalah ID AllergyIntolerance yang didapatkan dari server.","Information on a patient's food allergies and intolerances to inform healthcare personnel about the type of foods that the patient shouldn't receive or consume.","","","","","","","","",,,,,"",,,,"NutritionOrder.allergyIntolerance",0,*,"","ele-1:All FHIR elements must have a @value or children {hasValue() or (children().count() > id.count())}
",".outboundRelationship[typeCode=RSON].target[classCode=OBS, moodCode=EVN]"
"NutritionOrder.foodPreferenceModifier","NutritionOrder.foodPreferenceModifier","","","",0,*,"","","","CodeableConcept {[]} {[]}
","Order-specific modifier about the type of food that should be given","Berisi informasi yang digunakan untuk menyampaikan modifikasi khusus pesanan mengenai jenis makanan yang sebaiknya diberikan. Hal ini dapat disebabkan oleh alergi, intoleransi, atau preferensi pasien terhadap makanan seperti Halal, Vegan, atau Kosher. Modifikasi ini berlaku untuk seluruh tatanan nutrisi termasuk diet oral, suplemen nutrisi, dan pemberian susu formula enteral. Informasi ini dikirimkan dengan tipe data CodeableConcept yang nilainya dapat mengacu pada data terminologi Diet.","Information on a patient's food preferences that inform healthcare personnel about the food that the patient should receive or consume.","","","","","","","","",,"example","Medical, cultural or ethical food preferences to help with catering requirements.","http://hl7.org/fhir/ValueSet/encounter-diet|4.0.1","",,,,"NutritionOrder.foodPreferenceModifier",0,*,"","ele-1:All FHIR elements must have a @value or children {hasValue() or (children().count() > id.count())}
","ODS-1 Value = ""P"",ODS-3",".outboundRelationship [typeCode =COMP], target [classCode=PROC, moodCode=EVN, code=NutritionModificationType]"
"NutritionOrder.excludeFoodModifier","NutritionOrder.excludeFoodModifier","","","",0,*,"","","","CodeableConcept {[]} {[]}
","Order-specific modifier about the type of food that should not be given","Berisi informasi yang digunakan untuk menyampaikan modifikasi khusus pesanan mengenai jenis makanan oral atau cairan oral yang tidak boleh diberikan. Hal ini dapat disebabkan oleh alergi, intoleransi, atau preferensi pasien seperti Tanpa Daging Merah, Tanpa Kedelai, Tanpa Gandum, atau Bebas Gluten. Meskipun tidak perlu mengulangi informasi alergi atau intoleransi yang terdapat dalam resource AllergyIntolerance di resource excludeFoodModifier, elemen ini dapat digunakan untuk menyampaikan kekhususan tambahan terkait makanan yang harus dihilangkan dari diet pasien dengan alasan apapun. Modifikasi ini berlaku untuk seluruh tatanan nutrisi termasuk diet oral, suplemen nutrisi, dan pemberian susu formula enteral. Informasi ini dikirimkan dengan tipe data CodeableConcept yang nilainya dapat mengacu pada data terminologi Food Type Codes.","Information on a patient's food allergies, intolerances and preferences to inform healthcare personnel about the type  of foods that the patient shouldn't receive or consume.","","","","","","","","",,"example","Codes used to indicate the type of food that should NOT be given to the patient.","http://hl7.org/fhir/ValueSet/food-type|4.0.1","",,,,"NutritionOrder.excludeFoodModifier",0,*,"","ele-1:All FHIR elements must have a @value or children {hasValue() or (children().count() > id.count())}
","N/A"
"NutritionOrder.oralDiet","NutritionOrder.oralDiet","","","",0,1,"","","","BackboneElement {[]} {[]}
","Oral diet components","Berisi informasi diet yang diberikan secara oral dan berbeda dengan pemberian makanan enteral (tube).","","","","","","","","","",,,,,"",,,,"NutritionOrder.oralDiet",0,1,"nor-1
","ele-1:All FHIR elements must have a @value or children {hasValue() or (children().count() > id.count())}
","ODS-1 Value = ""D""","oralDiet .outboundRelationship [typeCode =COMP], target [classCode=SPLY, moodCode=RQO, code=OralDietSupplyType]"
"NutritionOrder.oralDiet.id","NutritionOrder.oralDiet.id","","","",0,1,"","","","string {[]} {[]}
","Unique id for inter-element referencing","Unique id for the element within a resource (for internal references). This may be any string value that does not contain spaces.","","","","","","","","","",,,,,"",,,,"Element.id",0,1,"","","n/a"
"NutritionOrder.oralDiet.extension","NutritionOrder.oralDiet.extension","","extensions
user content","",0,*,"","","","Extension {[]} {[]}
","Additional content defined by implementations","May be used to represent additional information that is not part of the basic definition of the element. To make the use of extensions safe and manageable, there is a strict set of governance  applied to the definition and use of extensions. Though any implementer can define an extension, there is a set of requirements that SHALL be met as part of the definition of the extension.","There can be no stigma associated with the use of extensions by any application, project, or standard - regardless of the institution or jurisdiction that uses or defines the extensions.  The use of extensions is what allows the FHIR specification to retain a core level of simplicity for everyone.","","","","","","","","",,,,,"",,,,"Element.extension",0,*,"","ele-1:All FHIR elements must have a @value or children {hasValue() or (children().count() > id.count())}
ext-1:Must have either extensions or value[x], not both {extension.exists() != value.exists()}","n/a"
"NutritionOrder.oralDiet.modifierExtension","NutritionOrder.oralDiet.modifierExtension","","extensions
user contentmodifiers","",0,*,"","Y","Y","Extension {[]} {[]}
","Extensions that cannot be ignored even if unrecognized","May be used to represent additional information that is not part of the basic definition of the element and that modifies the understanding of the element in which it is contained and/or the understanding of the containing element's descendants. Usually modifier elements provide negation or qualification. To make the use of extensions safe and manageable, there is a strict set of governance applied to the definition and use of extensions. Though any implementer can define an extension, there is a set of requirements that SHALL be met as part of the definition of the extension. Applications processing a resource are required to check for modifier extensions.

Modifier extensions SHALL NOT change the meaning of any elements on Resource or DomainResource (including cannot change the meaning of modifierExtension itself).","There can be no stigma associated with the use of extensions by any application, project, or standard - regardless of the institution or jurisdiction that uses or defines the extensions.  The use of extensions is what allows the FHIR specification to retain a core level of simplicity for everyone.","Modifier extensions allow for extensions that *cannot* be safely ignored to be clearly distinguished from the vast majority of extensions which can be safely ignored.  This promotes interoperability by eliminating the need for implementers to prohibit the presence of extensions. For further information, see the [definition of modifier extensions](http://hl7.org/fhir/R4/extensibility.html#modifierExtension).","","","","","","","",,,,,"",,,,"BackboneElement.modifierExtension",0,*,"","ele-1:All FHIR elements must have a @value or children {hasValue() or (children().count() > id.count())}
ext-1:Must have either extensions or value[x], not both {extension.exists() != value.exists()}","N/A"
"NutritionOrder.oralDiet.type","NutritionOrder.oralDiet.type","","","",0,*,"","","Y","CodeableConcept {[]} {[]}
","Type of oral diet or diet restrictions that describe what can be consumed orally","Berisi data jenis diet atau pembatasan pola makan seperti diet terbatas serat atau diet diabetes dengan tipe data CodeableConcept yang nilainya dapat mengacu pada data terminologi Diet Codes.","","","","","","","","","",,"example","Codes used to indicate the type of diet being ordered for a patient.","http://hl7.org/fhir/ValueSet/diet-type|4.0.1","",,,,"NutritionOrder.oralDiet.type",0,*,"","ele-1:All FHIR elements must have a @value or children {hasValue() or (children().count() > id.count())}
","Request.code","ODS-3",".code","FiveWs.what[x]"
"NutritionOrder.oralDiet.schedule","NutritionOrder.oralDiet.schedule","","Frequency
","",0,1,"","","","Timing {[]} {[]}
","Scheduled frequency of diet","Berisi informasi jangka waktu dan frekuensi pemberian diet dengan tipe data Timing. Jadwal diet sebaiknya diberikan untuk semua kombinasi jadwal apabila ada lebih dari satu jadwal.","","","","","","","","","",,,,,"",,,,"NutritionOrder.oralDiet.schedule",0,*,"","ele-1:All FHIR elements must have a @value or children {hasValue() or (children().count() > id.count())}
","Request.occurrence[x]","ODS-2, TQ1-7/8",".expectedUseTime"
"NutritionOrder.oralDiet.nutrient","NutritionOrder.oralDiet.nutrient","","","",0,*,"","","","BackboneElement {[]} {[]}
","Required  nutrient modifications","Berisi data kelas (kelompok) yang mendefinisikan kuantitas dan jenis modifikasi nutrisi (misalnya karbohidrat, serat atau natrium) yang diperlukan untuk diet oral.","","","","","","","","","",,,,,"",,,,"NutritionOrder.oralDiet.nutrient",0,*,"","ele-1:All FHIR elements must have a @value or children {hasValue() or (children().count() > id.count())}
","ODS-4",".participation[typeCode=PRD].role[classCode=MANU], manufacturedFoodKind"
"NutritionOrder.oralDiet.nutrient.id","NutritionOrder.oralDiet.nutrient.id","","","",0,1,"","","","string {[]} {[]}
","Unique id for inter-element referencing","Unique id for the element within a resource (for internal references). This may be any string value that does not contain spaces.","","","","","","","","","",,,,,"",,,,"Element.id",0,1,"","","n/a"
"NutritionOrder.oralDiet.nutrient.extension","NutritionOrder.oralDiet.nutrient.extension","","extensions
user content","",0,*,"","","","Extension {[]} {[]}
","Additional content defined by implementations","May be used to represent additional information that is not part of the basic definition of the element. To make the use of extensions safe and manageable, there is a strict set of governance  applied to the definition and use of extensions. Though any implementer can define an extension, there is a set of requirements that SHALL be met as part of the definition of the extension.","There can be no stigma associated with the use of extensions by any application, project, or standard - regardless of the institution or jurisdiction that uses or defines the extensions.  The use of extensions is what allows the FHIR specification to retain a core level of simplicity for everyone.","","","","","","","","",,,,,"",,,,"Element.extension",0,*,"","ele-1:All FHIR elements must have a @value or children {hasValue() or (children().count() > id.count())}
ext-1:Must have either extensions or value[x], not both {extension.exists() != value.exists()}","n/a"
"NutritionOrder.oralDiet.nutrient.modifierExtension","NutritionOrder.oralDiet.nutrient.modifierExtension","","extensions
user contentmodifiers","",0,*,"","Y","Y","Extension {[]} {[]}
","Extensions that cannot be ignored even if unrecognized","May be used to represent additional information that is not part of the basic definition of the element and that modifies the understanding of the element in which it is contained and/or the understanding of the containing element's descendants. Usually modifier elements provide negation or qualification. To make the use of extensions safe and manageable, there is a strict set of governance applied to the definition and use of extensions. Though any implementer can define an extension, there is a set of requirements that SHALL be met as part of the definition of the extension. Applications processing a resource are required to check for modifier extensions.

Modifier extensions SHALL NOT change the meaning of any elements on Resource or DomainResource (including cannot change the meaning of modifierExtension itself).","There can be no stigma associated with the use of extensions by any application, project, or standard - regardless of the institution or jurisdiction that uses or defines the extensions.  The use of extensions is what allows the FHIR specification to retain a core level of simplicity for everyone.","Modifier extensions allow for extensions that *cannot* be safely ignored to be clearly distinguished from the vast majority of extensions which can be safely ignored.  This promotes interoperability by eliminating the need for implementers to prohibit the presence of extensions. For further information, see the [definition of modifier extensions](http://hl7.org/fhir/R4/extensibility.html#modifierExtension).","","","","","","","",,,,,"",,,,"BackboneElement.modifierExtension",0,*,"","ele-1:All FHIR elements must have a @value or children {hasValue() or (children().count() > id.count())}
ext-1:Must have either extensions or value[x], not both {extension.exists() != value.exists()}","N/A"
"NutritionOrder.oralDiet.nutrient.modifier","NutritionOrder.oralDiet.nutrient.modifier","","","",0,1,"","","","CodeableConcept {[]} {[]}
","Type of nutrient that is being modified","Berisi informasi nutrisi yang dimodifikasi seperti karbohidrat atau natrium dengan tipe data CodeableConcept yang nilainya dapat mengacu pada data terminologi Nutrient Modifier Codes.","","","","","","","","","",,"example","Codes for types of nutrients that are being modified such as carbohydrate or sodium.","http://hl7.org/fhir/ValueSet/nutrient-code|4.0.1","",,,,"NutritionOrder.oralDiet.nutrient.modifier",0,1,"","ele-1:All FHIR elements must have a @value or children {hasValue() or (children().count() > id.count())}
","Request.code","ODS-4",".code","FiveWs.what[x]"
"NutritionOrder.oralDiet.nutrient.amount","NutritionOrder.oralDiet.nutrient.amount","","","",0,1,"","","","Quantity {[CanonicalType[http://hl7.org/fhir/StructureDefinition/SimpleQuantity|4.0.1]]} {[]}
","Quantity of the specified nutrient","Berisi informasi jumlah nutrisi tertentu yang harus dimasukkan ke dalam diet dengan tipe data SimpleQuantity.","","","","","","","","","",,,,,"",,,,"NutritionOrder.oralDiet.nutrient.amount",0,1,"","ele-1:All FHIR elements must have a @value or children {hasValue() or (children().count() > id.count())}
","ODS-4",".quantity"
"NutritionOrder.oralDiet.texture","NutritionOrder.oralDiet.texture","","","",0,*,"","","","BackboneElement {[]} {[]}
","Required  texture modifications","Berisi data kelas (kelompok) yang menjelaskan modifikasi tekstur makanan yang diperlukan agar pasien dapat mengonsumsi berbagai jenis makanan padat dengan aman.","","","","","","","","","",,,,,"",,,,"NutritionOrder.oralDiet.texture",0,*,"","ele-1:All FHIR elements must have a @value or children {hasValue() or (children().count() > id.count())}
","ODS-4",".inboundRelationship [typeCode =COMP], target [classCode=PROC, moodCode=EVN, code=DietTextureModificationType]"
"NutritionOrder.oralDiet.texture.id","NutritionOrder.oralDiet.texture.id","","","",0,1,"","","","string {[]} {[]}
","Unique id for inter-element referencing","Unique id for the element within a resource (for internal references). This may be any string value that does not contain spaces.","","","","","","","","","",,,,,"",,,,"Element.id",0,1,"","","n/a"
"NutritionOrder.oralDiet.texture.extension","NutritionOrder.oralDiet.texture.extension","","extensions
user content","",0,*,"","","","Extension {[]} {[]}
","Additional content defined by implementations","May be used to represent additional information that is not part of the basic definition of the element. To make the use of extensions safe and manageable, there is a strict set of governance  applied to the definition and use of extensions. Though any implementer can define an extension, there is a set of requirements that SHALL be met as part of the definition of the extension.","There can be no stigma associated with the use of extensions by any application, project, or standard - regardless of the institution or jurisdiction that uses or defines the extensions.  The use of extensions is what allows the FHIR specification to retain a core level of simplicity for everyone.","","","","","","","","",,,,,"",,,,"Element.extension",0,*,"","ele-1:All FHIR elements must have a @value or children {hasValue() or (children().count() > id.count())}
ext-1:Must have either extensions or value[x], not both {extension.exists() != value.exists()}","n/a"
"NutritionOrder.oralDiet.texture.modifierExtension","NutritionOrder.oralDiet.texture.modifierExtension","","extensions
user contentmodifiers","",0,*,"","Y","Y","Extension {[]} {[]}
","Extensions that cannot be ignored even if unrecognized","May be used to represent additional information that is not part of the basic definition of the element and that modifies the understanding of the element in which it is contained and/or the understanding of the containing element's descendants. Usually modifier elements provide negation or qualification. To make the use of extensions safe and manageable, there is a strict set of governance applied to the definition and use of extensions. Though any implementer can define an extension, there is a set of requirements that SHALL be met as part of the definition of the extension. Applications processing a resource are required to check for modifier extensions.

Modifier extensions SHALL NOT change the meaning of any elements on Resource or DomainResource (including cannot change the meaning of modifierExtension itself).","There can be no stigma associated with the use of extensions by any application, project, or standard - regardless of the institution or jurisdiction that uses or defines the extensions.  The use of extensions is what allows the FHIR specification to retain a core level of simplicity for everyone.","Modifier extensions allow for extensions that *cannot* be safely ignored to be clearly distinguished from the vast majority of extensions which can be safely ignored.  This promotes interoperability by eliminating the need for implementers to prohibit the presence of extensions. For further information, see the [definition of modifier extensions](http://hl7.org/fhir/R4/extensibility.html#modifierExtension).","","","","","","","",,,,,"",,,,"BackboneElement.modifierExtension",0,*,"","ele-1:All FHIR elements must have a @value or children {hasValue() or (children().count() > id.count())}
ext-1:Must have either extensions or value[x], not both {extension.exists() != value.exists()}","N/A"
"NutritionOrder.oralDiet.texture.modifier","NutritionOrder.oralDiet.texture.modifier","","","",0,1,"","","","CodeableConcept {[]} {[]}
","Code to indicate how to alter the texture of the foods, e.g. pureed","Berisi data modifikasi tekstur untuk makanan padat yang harus dilakukan, misalnya. makanan yang mudah dikunyah, dicincang, digiling, dan dihaluskan dengan tipe data CodeableConcept yang nilainya dapat mengacu pada data terminologi Texture Modifier Codes.","Coupled with the foodType (Meat).","","","","","","","","",,"example","Codes for food consistency types or texture modifications to apply to foods.","http://hl7.org/fhir/ValueSet/texture-code|4.0.1","",,,,"NutritionOrder.oralDiet.texture.modifier",0,1,"","ele-1:All FHIR elements must have a @value or children {hasValue() or (children().count() > id.count())}
","Request.code","ODS-4",".code"
"NutritionOrder.oralDiet.texture.foodType","NutritionOrder.oralDiet.texture.foodType","","","",0,1,"","","","CodeableConcept {[]} {[]}
","Concepts that are used to identify an entity that is ingested for nutritional purposes","Berisi informasi jenis makanan (misalnya daging, semua makanan) yang menerapkan modifikasi tekstur dan berlaku untuk semua jenis makanan dengan tipe data CodeableConcept yang nilainya dapat mengacu pada data terminologi Texture Modified Food Type Codes.","Coupled with the `texture.modifier`; could be (All Foods).","","","","","","","","",,"example","Codes for types of foods that are texture-modified.","http://hl7.org/fhir/ValueSet/modified-foodtype|4.0.1","",,,,"NutritionOrder.oralDiet.texture.foodType",0,1,"","ele-1:All FHIR elements must have a @value or children {hasValue() or (children().count() > id.count())}
","Request.code","ODS-4",".participation[typeCode=PRD].role[classCode=MANU], manufacturedFoodKind; .code"
"NutritionOrder.oralDiet.fluidConsistencyType","NutritionOrder.oralDiet.fluidConsistencyType","","","",0,*,"","","","CodeableConcept {[]} {[]}
","The required consistency of fluids and liquids provided to the patient","Berisi data konsistensi yang diperlukan (misalnya kental madu, kental nektar, encer, mengental) dari cairan yang disajikan kepada pasien dengan tipe data CodeableConcept yang nilainya dapat mengacu pada data terminologi Fluid Consistency Type Codes.","","","","","","","","","",,"example","Codes used to represent the consistency of fluids and liquids provided to the patient.","http://hl7.org/fhir/ValueSet/consistency-type|4.0.1","",,,,"NutritionOrder.oralDiet.fluidConsistencyType",0,*,"","ele-1:All FHIR elements must have a @value or children {hasValue() or (children().count() > id.count())}
","Request.code","ODS-4",".code  (Not differentiated from dietTextureModificationType in HL7 v3)"
"NutritionOrder.oralDiet.instruction","NutritionOrder.oralDiet.instruction","","","",0,1,"","","Y","string {[]} {[]}
","Instructions or additional information about the oral diet","Berisi instruksi atau informasi tambahan yang berkaitan dengan diet oral pasien dengan tipe data string.","Free text dosage instructions can be used for cases where the instructions are too complex to code.","","","","","","","","",,,,,"",,,,"NutritionOrder.oralDiet.instruction",0,1,"","ele-1:All FHIR elements must have a @value or children {hasValue() or (children().count() > id.count())}
","Request.supportingInfo","ODS-4",".text"
"NutritionOrder.supplement","NutritionOrder.supplement","","","",0,*,"","","","BackboneElement {[]} {[]}
","Supplement components","Berisi data produk nutrisi oral yang diberikan untuk menambah nilai gizi pada makanan pasien.","","","","","","","","","",,,,,"",,,,"NutritionOrder.supplement",0,*,"nor-1
","ele-1:All FHIR elements must have a @value or children {hasValue() or (children().count() > id.count())}
","ODS-1 Value = ""P""",".outboundRelationship [typeCode =COMP], target [classCode=SPLY, moodCode=RQO, code=SUPPLEMENT]"
"NutritionOrder.supplement.id","NutritionOrder.supplement.id","","","",0,1,"","","","string {[]} {[]}
","Unique id for inter-element referencing","Unique id for the element within a resource (for internal references). This may be any string value that does not contain spaces.","","","","","","","","","",,,,,"",,,,"Element.id",0,1,"","","n/a"
"NutritionOrder.supplement.extension","NutritionOrder.supplement.extension","","extensions
user content","",0,*,"","","","Extension {[]} {[]}
","Additional content defined by implementations","May be used to represent additional information that is not part of the basic definition of the element. To make the use of extensions safe and manageable, there is a strict set of governance  applied to the definition and use of extensions. Though any implementer can define an extension, there is a set of requirements that SHALL be met as part of the definition of the extension.","There can be no stigma associated with the use of extensions by any application, project, or standard - regardless of the institution or jurisdiction that uses or defines the extensions.  The use of extensions is what allows the FHIR specification to retain a core level of simplicity for everyone.","","","","","","","","",,,,,"",,,,"Element.extension",0,*,"","ele-1:All FHIR elements must have a @value or children {hasValue() or (children().count() > id.count())}
ext-1:Must have either extensions or value[x], not both {extension.exists() != value.exists()}","n/a"
"NutritionOrder.supplement.modifierExtension","NutritionOrder.supplement.modifierExtension","","extensions
user contentmodifiers","",0,*,"","Y","Y","Extension {[]} {[]}
","Extensions that cannot be ignored even if unrecognized","May be used to represent additional information that is not part of the basic definition of the element and that modifies the understanding of the element in which it is contained and/or the understanding of the containing element's descendants. Usually modifier elements provide negation or qualification. To make the use of extensions safe and manageable, there is a strict set of governance applied to the definition and use of extensions. Though any implementer can define an extension, there is a set of requirements that SHALL be met as part of the definition of the extension. Applications processing a resource are required to check for modifier extensions.

Modifier extensions SHALL NOT change the meaning of any elements on Resource or DomainResource (including cannot change the meaning of modifierExtension itself).","There can be no stigma associated with the use of extensions by any application, project, or standard - regardless of the institution or jurisdiction that uses or defines the extensions.  The use of extensions is what allows the FHIR specification to retain a core level of simplicity for everyone.","Modifier extensions allow for extensions that *cannot* be safely ignored to be clearly distinguished from the vast majority of extensions which can be safely ignored.  This promotes interoperability by eliminating the need for implementers to prohibit the presence of extensions. For further information, see the [definition of modifier extensions](http://hl7.org/fhir/R4/extensibility.html#modifierExtension).","","","","","","","",,,,,"",,,,"BackboneElement.modifierExtension",0,*,"","ele-1:All FHIR elements must have a @value or children {hasValue() or (children().count() > id.count())}
ext-1:Must have either extensions or value[x], not both {extension.exists() != value.exists()}","N/A"
"NutritionOrder.supplement.type","NutritionOrder.supplement.type","","","",0,1,"","","Y","CodeableConcept {[]} {[]}
","Type of supplement product requested","Berisi informasi jenis produk suplemen nutrisi yang dibutuhkan seperti suplemen berprotein tinggi atau suplemen cair bening pediatrik dengan tipe data CodeableConcept yang nilainya dapat mengacu pada data terminologi Supplement Type Codes.","","","","","","","","","",,"example","Codes for nutritional supplements to be provided to the patient.","http://hl7.org/fhir/ValueSet/supplement-type|4.0.1","",,,,"NutritionOrder.supplement.type",0,1,"","ele-1:All FHIR elements must have a @value or children {hasValue() or (children().count() > id.count())}
","Request.code","ODS-3",".participation[typeCode=PRD].role[classCode=MANU], manufacturedFoodKind; .code (NutritionalSupplementType)","FiveWs.what[x]"
"NutritionOrder.supplement.productName","NutritionOrder.supplement.productName","","","",0,1,"","","","string {[]} {[]}
","Product or brand name of the nutritional supplement","Berisi informasi produk atau nama merek suplemen nutrisi seperti 'Acme Protein Shake' dengan tipe data string.","","","","","","","","","",,,,,"",,,,"NutritionOrder.supplement.productName",0,1,"","ele-1:All FHIR elements must have a @value or children {hasValue() or (children().count() > id.count())}
","ODS-3",".id"
"NutritionOrder.supplement.schedule","NutritionOrder.supplement.schedule","","Frequency
","",0,1,"","","","Timing {[]} {[]}
","Scheduled frequency of supplement","Berisi informasi jangka waktu dan frekuensi pemberian suplemen dengan tipe data Timing. Suplemen sebaiknya diberikan untuk kombinasi semua jadwal jika terdapat lebih dari satu jadwal.","","","","","","","","","",,,,,"",,,,"NutritionOrder.supplement.schedule",0,*,"","ele-1:All FHIR elements must have a @value or children {hasValue() or (children().count() > id.count())}
","Request.occurrence[x]","ODS-2,TQ1-7/8",".effectiveTime"
"NutritionOrder.supplement.quantity","NutritionOrder.supplement.quantity","","","",0,1,"","","","Quantity {[CanonicalType[http://hl7.org/fhir/StructureDefinition/SimpleQuantity|4.0.1]]} {[]}
","Amount of the nutritional supplement","Berisi data jumlah suplemen nutrisi yang akan diberikan dengan tipe data SimpleQuantity.","","","","","","","","","",,,,,"",,,,"NutritionOrder.supplement.quantity",0,1,"","ele-1:All FHIR elements must have a @value or children {hasValue() or (children().count() > id.count())}
","TQ1-2",".quantity"
"NutritionOrder.supplement.instruction","NutritionOrder.supplement.instruction","","","",0,1,"","","Y","string {[]} {[]}
","Instructions or additional information about the oral supplement","Berisi instruksi atau informasi tambahan yang berkaitan dengan suplemen oral dengan tipe data string.","Free text dosage instructions can be used for cases where the instructions are too complex to code.","","","","","","","","",,,,,"",,,,"NutritionOrder.supplement.instruction",0,1,"","ele-1:All FHIR elements must have a @value or children {hasValue() or (children().count() > id.count())}
","Request.supportingInfo","ODS-4",".text"
"NutritionOrder.enteralFormula","NutritionOrder.enteralFormula","","","",0,1,"","","","BackboneElement {[]} {[]}
","Enteral formula components","Berisi data makanan yang diberikan lewat saluran gastrointestinal menggunakan selang, kateter, atau stoma dengan mengalirkan nutrisi ke bagian distal rongga mulut.","","","","","","","","","",,,,,"",,,,"NutritionOrder.enteralFormula",0,1,"nor-1
","ele-1:All FHIR elements must have a @value or children {hasValue() or (children().count() > id.count())}
","ODS-1 Value coded for enteral",".outboundRelationship [typeCode =COMP], target [classCode=SPLY, moodCode=RQO, code=FORMULA]"
"NutritionOrder.enteralFormula.id","NutritionOrder.enteralFormula.id","","","",0,1,"","","","string {[]} {[]}
","Unique id for inter-element referencing","Unique id for the element within a resource (for internal references). This may be any string value that does not contain spaces.","","","","","","","","","",,,,,"",,,,"Element.id",0,1,"","","n/a"
"NutritionOrder.enteralFormula.extension","NutritionOrder.enteralFormula.extension","","extensions
user content","",0,*,"","","","Extension {[]} {[]}
","Additional content defined by implementations","May be used to represent additional information that is not part of the basic definition of the element. To make the use of extensions safe and manageable, there is a strict set of governance  applied to the definition and use of extensions. Though any implementer can define an extension, there is a set of requirements that SHALL be met as part of the definition of the extension.","There can be no stigma associated with the use of extensions by any application, project, or standard - regardless of the institution or jurisdiction that uses or defines the extensions.  The use of extensions is what allows the FHIR specification to retain a core level of simplicity for everyone.","","","","","","","","",,,,,"",,,,"Element.extension",0,*,"","ele-1:All FHIR elements must have a @value or children {hasValue() or (children().count() > id.count())}
ext-1:Must have either extensions or value[x], not both {extension.exists() != value.exists()}","n/a"
"NutritionOrder.enteralFormula.modifierExtension","NutritionOrder.enteralFormula.modifierExtension","","extensions
user contentmodifiers","",0,*,"","Y","Y","Extension {[]} {[]}
","Extensions that cannot be ignored even if unrecognized","May be used to represent additional information that is not part of the basic definition of the element and that modifies the understanding of the element in which it is contained and/or the understanding of the containing element's descendants. Usually modifier elements provide negation or qualification. To make the use of extensions safe and manageable, there is a strict set of governance applied to the definition and use of extensions. Though any implementer can define an extension, there is a set of requirements that SHALL be met as part of the definition of the extension. Applications processing a resource are required to check for modifier extensions.

Modifier extensions SHALL NOT change the meaning of any elements on Resource or DomainResource (including cannot change the meaning of modifierExtension itself).","There can be no stigma associated with the use of extensions by any application, project, or standard - regardless of the institution or jurisdiction that uses or defines the extensions.  The use of extensions is what allows the FHIR specification to retain a core level of simplicity for everyone.","Modifier extensions allow for extensions that *cannot* be safely ignored to be clearly distinguished from the vast majority of extensions which can be safely ignored.  This promotes interoperability by eliminating the need for implementers to prohibit the presence of extensions. For further information, see the [definition of modifier extensions](http://hl7.org/fhir/R4/extensibility.html#modifierExtension).","","","","","","","",,,,,"",,,,"BackboneElement.modifierExtension",0,*,"","ele-1:All FHIR elements must have a @value or children {hasValue() or (children().count() > id.count())}
ext-1:Must have either extensions or value[x], not both {extension.exists() != value.exists()}","N/A"
"NutritionOrder.enteralFormula.baseFormulaType","NutritionOrder.enteralFormula.baseFormulaType","","","",0,1,"","","Y","CodeableConcept {[]} {[]}
","Type of enteral or infant formula","Berisi informasi mengenai jenis formula bayi atau formula enteral dengan tipe data CodeableConcept yang nilainya dapat mengacu pada data terminologi Enteral Formula Type Codes. Sebagai contoh jenis formula standar dewasa dengan serat atau formula berbahan dasar kedelai.","","","","","","","","","",,"example","Codes for type of enteral formula to be administered to patient.","http://hl7.org/fhir/ValueSet/entformula-type|4.0.1","",,,,"NutritionOrder.enteralFormula.baseFormulaType",0,1,"","ele-1:All FHIR elements must have a @value or children {hasValue() or (children().count() > id.count())}
","Request.code","ODS-3",".participation[typeCode=PRD].role[classCode=MANU], manufacturedFoodKind; .code (NutritionalFormulaType)","FiveWs.what[x]"
"NutritionOrder.enteralFormula.baseFormulaProductName","NutritionOrder.enteralFormula.baseFormulaProductName","","","",0,1,"","","","string {[]} {[]}
","Product or brand name of the enteral or infant formula","Berisi data produk atau nama merek produk enteral atau formula bayi seperti 'ACME Adult Standard Formula' dengan tipe data string.","","","","","","","","","",,,,,"",,,,"NutritionOrder.enteralFormula.baseFormulaProductName",0,1,"","ele-1:All FHIR elements must have a @value or children {hasValue() or (children().count() > id.count())}
","ODS-4",".id"
"NutritionOrder.enteralFormula.additiveType","NutritionOrder.enteralFormula.additiveType","","","",0,1,"","","","CodeableConcept {[]} {[]}
","Type of modular component to add to the feeding","Berisi informasi yang menunjukkan jenis komponen modular seperti protein, karbohidrat, lemak atau serat yang akan diberikan sebagai tambahan atau dicampur dengan formula dasar. Informasi ini dikirimkan dengan tipe data CodeableConcept yang nilainya dapat mengacu pada data terminologi Enteral Formula Additive Type Code.","","","","","","","","","",,"example","Codes for the type of modular component such as protein, carbohydrate or fiber to be provided in addition to or mixed with the base formula.","http://hl7.org/fhir/ValueSet/entformula-additive|4.0.1","",,,,"NutritionOrder.enteralFormula.additiveType",0,1,"","ele-1:All FHIR elements must have a @value or children {hasValue() or (children().count() > id.count())}
","Request.code","ODS-3","N/A (not differentiated from NutritionalFormulaType in HL7 v3)","FiveWs.what[x]"
"NutritionOrder.enteralFormula.additiveProductName","NutritionOrder.enteralFormula.additiveProductName","","","",0,1,"","","","string {[]} {[]}
","Product or brand name of the modular additive","Berisi informasi nama produk atau merek dari jenis komponen modular yang akan ditambahkan ke formula. Informasi ini dikirimkan dengan tipe data string.","","","","","","","","","",,,,,"",,,,"NutritionOrder.enteralFormula.additiveProductName",0,1,"","ele-1:All FHIR elements must have a @value or children {hasValue() or (children().count() > id.count())}
","ODS-4","N/A"
"NutritionOrder.enteralFormula.caloricDensity","NutritionOrder.enteralFormula.caloricDensity","","","",0,1,"","","","Quantity {[CanonicalType[http://hl7.org/fhir/StructureDefinition/SimpleQuantity|4.0.1]]} {[]}
","Amount of energy per specified volume that is required","Berisi informasi jumlah energi (kalori) yang harus disediakan formula per volume tertentu, biasanya per mL atau ons cairan. Misalnya, bayi mungkin memerlukan formula yang mengandung 24 kalori per ons cairan atau orang dewasa mungkin memerlukan formula enteral yang mengandung 1,5 kalori/mL. Informasi ini dikirimkan dengan tipe data SimpleQuantity.","","","","","","","","","",,,,,"",,,,"NutritionOrder.enteralFormula.caloricDensity",0,1,"","ele-1:All FHIR elements must have a @value or children {hasValue() or (children().count() > id.count())}
","TQ1-2",".quantity (caloricDensity)"
"NutritionOrder.enteralFormula.routeofAdministration","NutritionOrder.enteralFormula.routeofAdministration","","","",0,1,"","","","CodeableConcept {[]} {[]}
","How the formula should enter the patient's gastrointestinal tract","Berisi data rute atau jalur fisiologis pemberian ke dalam saluran pencernaan pasien untuk tujuan pemberian formula, misalnya dengan nasogastric tube. Informasi ini dikirimkan dengan tipe data CodeableConcept yang nilainya dapat mengacu pada data terminologi Enteral Route Codes.","","","","","","","","","",,"extensible","Codes specifying the route of administration of enteral formula.","http://hl7.org/fhir/ValueSet/enteral-route|4.0.1","",,,,"NutritionOrder.enteralFormula.routeofAdministration",0,1,"","ele-1:All FHIR elements must have a @value or children {hasValue() or (children().count() > id.count())}
","ODS-4",".routeCode"
"NutritionOrder.enteralFormula.administration","NutritionOrder.enteralFormula.administration","","","",0,*,"","","","BackboneElement {[]} {[]}
","Formula feeding instruction as structured data","Berisi instruksi administrasi formula sebagai data terstruktur. Struktur berulang ini memungkinkan untuk mengubah kecepatan atau volume pemberian dari waktu ke waktu baik untuk pemberian bolus maupun pemberian makanan berkelanjutan. Contohnya adalah instruksi untuk meningkatkan frekuensi pemberian makan terus menerus setiap 2 jam.","See implementation notes below for further discussion on how to order continuous vs bolus enteral feeding using this resource.","","","","","","","","",,,,,"",,,,"NutritionOrder.enteralFormula.administration",0,*,"","ele-1:All FHIR elements must have a @value or children {hasValue() or (children().count() > id.count())}
","ODS-4",".outboundRelationship [typeCode =COMP], target [classCode=SBADM, moodCode=RQO]"
"NutritionOrder.enteralFormula.administration.id","NutritionOrder.enteralFormula.administration.id","","","",0,1,"","","","string {[]} {[]}
","Unique id for inter-element referencing","Unique id for the element within a resource (for internal references). This may be any string value that does not contain spaces.","","","","","","","","","",,,,,"",,,,"Element.id",0,1,"","","n/a"
"NutritionOrder.enteralFormula.administration.extension","NutritionOrder.enteralFormula.administration.extension","","extensions
user content","",0,*,"","","","Extension {[]} {[]}
","Additional content defined by implementations","May be used to represent additional information that is not part of the basic definition of the element. To make the use of extensions safe and manageable, there is a strict set of governance  applied to the definition and use of extensions. Though any implementer can define an extension, there is a set of requirements that SHALL be met as part of the definition of the extension.","There can be no stigma associated with the use of extensions by any application, project, or standard - regardless of the institution or jurisdiction that uses or defines the extensions.  The use of extensions is what allows the FHIR specification to retain a core level of simplicity for everyone.","","","","","","","","",,,,,"",,,,"Element.extension",0,*,"","ele-1:All FHIR elements must have a @value or children {hasValue() or (children().count() > id.count())}
ext-1:Must have either extensions or value[x], not both {extension.exists() != value.exists()}","n/a"
"NutritionOrder.enteralFormula.administration.modifierExtension","NutritionOrder.enteralFormula.administration.modifierExtension","","extensions
user contentmodifiers","",0,*,"","Y","Y","Extension {[]} {[]}
","Extensions that cannot be ignored even if unrecognized","May be used to represent additional information that is not part of the basic definition of the element and that modifies the understanding of the element in which it is contained and/or the understanding of the containing element's descendants. Usually modifier elements provide negation or qualification. To make the use of extensions safe and manageable, there is a strict set of governance applied to the definition and use of extensions. Though any implementer can define an extension, there is a set of requirements that SHALL be met as part of the definition of the extension. Applications processing a resource are required to check for modifier extensions.

Modifier extensions SHALL NOT change the meaning of any elements on Resource or DomainResource (including cannot change the meaning of modifierExtension itself).","There can be no stigma associated with the use of extensions by any application, project, or standard - regardless of the institution or jurisdiction that uses or defines the extensions.  The use of extensions is what allows the FHIR specification to retain a core level of simplicity for everyone.","Modifier extensions allow for extensions that *cannot* be safely ignored to be clearly distinguished from the vast majority of extensions which can be safely ignored.  This promotes interoperability by eliminating the need for implementers to prohibit the presence of extensions. For further information, see the [definition of modifier extensions](http://hl7.org/fhir/R4/extensibility.html#modifierExtension).","","","","","","","",,,,,"",,,,"BackboneElement.modifierExtension",0,*,"","ele-1:All FHIR elements must have a @value or children {hasValue() or (children().count() > id.count())}
ext-1:Must have either extensions or value[x], not both {extension.exists() != value.exists()}","N/A"
"NutritionOrder.enteralFormula.administration.schedule","NutritionOrder.enteralFormula.administration.schedule","","Frequency
","",0,1,"","","","Timing {[]} {[]}
","Scheduled frequency of enteral feeding","Berisi informasi jangka waktu dan frekuensi pemberian formula enteral kepada pasien dengan tipe data Timing.","","","","","","","","","",,,,,"",,,,"NutritionOrder.enteralFormula.administration.schedule",0,1,"","ele-1:All FHIR elements must have a @value or children {hasValue() or (children().count() > id.count())}
","Request.occurrence[x]","ODS-2,TQ1-7/8",".effectiveUseTime"
"NutritionOrder.enteralFormula.administration.quantity","NutritionOrder.enteralFormula.administration.quantity","","","",0,1,"","","","Quantity {[CanonicalType[http://hl7.org/fhir/StructureDefinition/SimpleQuantity|4.0.1]]} {[]}
","The volume of formula to provide","Berisi data volume formula yang harus diberikan kepada pasien sesuai jadwal pemberian yang ditentukan dengan tipe data SimpleQuantity.","","","","","","","","","",,,,,"",,,,"NutritionOrder.enteralFormula.administration.quantity",0,1,"","ele-1:All FHIR elements must have a @value or children {hasValue() or (children().count() > id.count())}
","TQ1-2",".doseQuantity"
"NutritionOrder.enteralFormula.administration.rate[x]","NutritionOrder.enteralFormula.administration.rate[x]","","","",0,1,"","","","Quantity {[CanonicalType[http://hl7.org/fhir/StructureDefinition/SimpleQuantity|4.0.1]]} {[]}
Ratio {[]} {[]}","Speed with which the formula is provided per period of time","Berisi data kecepatan pemberian formula melalui pompa pemberian makan, misalnya 60 mL per jam, sesuai jadwal yang ditentukan. Informasi ini dikirimkan dengan tipe data SimpleQuantity atau Ratio. Ratio digunakan bila nilai kuantitas pada penyebutnya bukan '1', sebaliknya digunakan Quantity. Sebagai contoh, tipe data Ratio digunakan untuk '200 mL/4 jam' versus tipe data Quantity untuk '50 mL/jam'.","Ratio is used when the quantity value in the denominator is not ""1"", otherwise use Quantity. For example, the Ratio datatype is used for ""200 mL/4 hrs"" versus the Quantity datatype for ""50 mL/hr"".","","","","","","","","",,,,,"",,,,"NutritionOrder.enteralFormula.administration.rate[x]",0,1,"","ele-1:All FHIR elements must have a @value or children {hasValue() or (children().count() > id.count())}
","ODS-4",".rateQuantity"
"NutritionOrder.enteralFormula.maxVolumeToDeliver","NutritionOrder.enteralFormula.maxVolumeToDeliver","","","",0,1,"","","","Quantity {[CanonicalType[http://hl7.org/fhir/StructureDefinition/SimpleQuantity|4.0.1]]} {[]}
","Upper limit on formula volume per unit of time","Berisi data jumlah total maksimum formula yang dapat diberikan pada subjek selama periode waktu tertentu dengan tipe data SimpleQuantity. Sebagai contoh 1440 mL selama 24 jam.","","","","","","","","","",,,,,"",,,,"NutritionOrder.enteralFormula.maxVolumeToDeliver",0,1,"","ele-1:All FHIR elements must have a @value or children {hasValue() or (children().count() > id.count())}
","ODS-4",".maxDoseQuantity"
"NutritionOrder.enteralFormula.administrationInstruction","NutritionOrder.enteralFormula.administrationInstruction","","","",0,1,"","","Y","string {[]} {[]}
","Formula feeding instructions expressed as text","Berisi instruksi atau informasi tambahan terkait pemberian makan dengan tipe data string. Petunjuk dosis dengan tipe data string dapat digunakan untuk kasus di mana petunjuknya terlalu rumit untuk dikodekan.","Free text dosage instructions can be used for cases where the instructions are too complex to code.","","","","","","","","",,,,,"",,,,"NutritionOrder.enteralFormula.administrationInstruction",0,1,"","ele-1:All FHIR elements must have a @value or children {hasValue() or (children().count() > id.count())}
","Request.supportingInfo","ODS-4","N/A"
"NutritionOrder.note","NutritionOrder.note","","","",0,*,"","","","Annotation {[]} {[]}
","Comments","Berisi informasi atau komentar yang dibuat tentang suatu konteks oleh requester, performer, subject atau peserta lainnya dengan tipe data Annotation. Elemen ini tidak boleh digunakan untuk menyediakan instruksi teks bebas untuk diet yang diwakili elemen lain (NutritionOrder.oralDiet.instruction, NutritionOrder.suplemen.instruction, NutritionOrder.enteralFormula.administrationInstruction).","This element SHALL NOT be used to supply free text instructions for the diet which are represented in the `.oralDiet.instruction`, `supplement.instruction`, or `enteralFormula.administrationInstruction` elements.","","","","","","","","",,,,,"",,,,"NutritionOrder.note",0,*,"","ele-1:All FHIR elements must have a @value or children {hasValue() or (children().count() > id.count())}
","Request.note"
