"Id","Path","Slice Name","Alias(s)","Label","Min","Max","Must Support?","Is Modifier?","Is Summary?","Type(s)","Short","Definition","Comments","Requirements","Default Value","Meaning When Missing","Fixed Value","Pattern","Example","Minimum Value","Maximum Value","Maximum Length","Binding Strength","Binding Description","Binding Value Set","Code","Slicing Discriminator","Slicing Description","Slicing Ordered","Slicing Rules","Base Path","Base Min","Base Max","Condition(s)","Constraint(s)","Mapping: Workflow Pattern","Mapping: HL7 v2 Mapping","Mapping: RIM Mapping","Mapping: FiveWs Pattern Mapping","Mapping: Quality Improvement and Clinical Knowledge (QUICK)"
"ServiceRequest","ServiceRequest","","diagnostic request
referralreferral requesttransfer of care request","",0,*,"","","","null {[]} {[]}
","A request for a service to be performed","A record of a request for service such as diagnostic investigations, treatments, or operations to be performed.","","","","","","","","","",,,,,"",,,,"ServiceRequest",0,*,"","dom-2:If the resource is contained in another resource, it SHALL NOT contain nested Resources {contained.contained.empty()}
dom-3:If the resource is contained in another resource, it SHALL be referred to from elsewhere in the resource or SHALL refer to the containing resource {contained.where((('#'+id in (%resource.descendants().reference | %resource.descendants().as(canonical) | %resource.descendants().as(uri) | %resource.descendants().as(url))) or descendants().where(reference = '#').exists() or descendants().where(as(canonical) = '#').exists() or descendants().where(as(canonical) = '#').exists()).not()).trace('unmatched', id).empty()}dom-4:If a resource is contained in another resource, it SHALL NOT have a meta.versionId or a meta.lastUpdated {contained.meta.versionId.empty() and contained.meta.lastUpdated.empty()}dom-5:If a resource is contained in another resource, it SHALL NOT have a security label {contained.meta.security.empty()}dom-6:A resource should have narrative for robust management {text.`div`.exists()}prr-1:orderDetail SHALL only be present if code is present {orderDetail.empty() or code.exists()}","Request","ORC","Entity. Role, or Act","Act[moodCode<=INT]"
"ServiceRequest.id","ServiceRequest.id","","","",0,1,"","","Y","id {[]} {[]}
","Logical id of this artifact","The logical id of the resource, as used in the URL for the resource. Once assigned, this value never changes.","The only time that a resource does not have an id is when it is being submitted to the server using a create operation.","","","","","","","","",,,,,"",,,,"Resource.id",0,1,"",""
"ServiceRequest.meta","ServiceRequest.meta","","","",0,1,"","","Y","Meta {[]} {[]}
","Metadata about the resource","The metadata about the resource. This is content that is maintained by the infrastructure. Changes to the content might not always be associated with version changes to the resource.","","","","","","","","","",,,,,"",,,,"Resource.meta",0,1,"","ele-1:All FHIR elements must have a @value or children {hasValue() or (children().count() > id.count())}
"
"ServiceRequest.implicitRules","ServiceRequest.implicitRules","","","",0,1,"","Y","Y","uri {[]} {[]}
","A set of rules under which this content was created","A reference to a set of rules that were followed when the resource was constructed, and which must be understood when processing the content. Often, this is a reference to an implementation guide that defines the special rules along with other profiles etc.","Asserting this rule set restricts the content to be only understood by a limited set of trading partners. This inherently limits the usefulness of the data in the long term. However, the existing health eco-system is highly fractured, and not yet ready to define, collect, and exchange data in a generally computable sense. Wherever possible, implementers and/or specification writers should avoid using this element. Often, when used, the URL is a reference to an implementation guide that defines these special rules as part of it's narrative along with other profiles, value sets, etc.","","","","","","","","",,,,,"",,,,"Resource.implicitRules",0,1,"","ele-1:All FHIR elements must have a @value or children {hasValue() or (children().count() > id.count())}
"
"ServiceRequest.language","ServiceRequest.language","","","",0,1,"","","","code {[]} {[]}
","Language of the resource content","The base language in which the resource is written.","Language is provided to support indexing and accessibility (typically, services such as text to speech use the language tag). The html language tag in the narrative applies  to the narrative. The language tag on the resource may be used to specify the language of other presentations generated from the data in the resource. Not all the content has to be in the base language. The Resource.language should not be assumed to apply to the narrative automatically. If a language is specified, it should it also be specified on the div element in the html (see rules in HTML5 for information about the relationship between xml:lang and the html lang attribute).","","","","","","","","",,"preferred","A human language.","http://hl7.org/fhir/ValueSet/languages|4.0.1","",,,,"Resource.language",0,1,"","ele-1:All FHIR elements must have a @value or children {hasValue() or (children().count() > id.count())}
"
"ServiceRequest.text","ServiceRequest.text","","narrative
htmlxhtmldisplay","",0,1,"","","","Narrative {[]} {[]}
","Text summary of the resource, for human interpretation","A human-readable narrative that contains a summary of the resource and can be used to represent the content of the resource to a human. The narrative need not encode all the structured data, but is required to contain sufficient detail to make it ""clinically safe"" for a human to just read the narrative. Resource definitions may define what content should be represented in the narrative to ensure clinical safety.","Contained resources do not have narrative. Resources that are not contained SHOULD have a narrative. In some cases, a resource may only have text with little or no additional discrete data (as long as all minOccurs=1 elements are satisfied).  This may be necessary for data from legacy systems where information is captured as a ""text blob"" or where text is additionally entered raw or narrated and encoded information is added later.","","","","","","","","",,,,,"",,,,"DomainResource.text",0,1,"","ele-1:All FHIR elements must have a @value or children {hasValue() or (children().count() > id.count())}
","Act.text?"
"ServiceRequest.contained","ServiceRequest.contained","","inline resources
anonymous resourcescontained resources","",0,*,"","","","Resource {[]} {[]}
","Contained, inline Resources","These resources do not have an independent existence apart from the resource that contains them - they cannot be identified independently, and nor can they have their own independent transaction scope.","This should never be done when the content can be identified properly, as once identification is lost, it is extremely difficult (and context dependent) to restore it again. Contained resources may have profiles and tags In their meta elements, but SHALL NOT have security labels.","","","","","","","","",,,,,"",,,,"DomainResource.contained",0,*,"","","N/A"
"ServiceRequest.extension","ServiceRequest.extension","","extensions
user content","",0,*,"","","","Extension {[]} {[]}
","Additional content defined by implementations","May be used to represent additional information that is not part of the basic definition of the resource. To make the use of extensions safe and manageable, there is a strict set of governance  applied to the definition and use of extensions. Though any implementer can define an extension, there is a set of requirements that SHALL be met as part of the definition of the extension.","There can be no stigma associated with the use of extensions by any application, project, or standard - regardless of the institution or jurisdiction that uses or defines the extensions.  The use of extensions is what allows the FHIR specification to retain a core level of simplicity for everyone.","","","","","","","","",,,,,"",,,,"DomainResource.extension",0,*,"","ele-1:All FHIR elements must have a @value or children {hasValue() or (children().count() > id.count())}
ext-1:Must have either extensions or value[x], not both {extension.exists() != value.exists()}","N/A"
"ServiceRequest.modifierExtension","ServiceRequest.modifierExtension","","extensions
user content","",0,*,"","Y","","Extension {[]} {[]}
","Extensions that cannot be ignored","May be used to represent additional information that is not part of the basic definition of the resource and that modifies the understanding of the element that contains it and/or the understanding of the containing element's descendants. Usually modifier elements provide negation or qualification. To make the use of extensions safe and manageable, there is a strict set of governance applied to the definition and use of extensions. Though any implementer is allowed to define an extension, there is a set of requirements that SHALL be met as part of the definition of the extension. Applications processing a resource are required to check for modifier extensions.

Modifier extensions SHALL NOT change the meaning of any elements on Resource or DomainResource (including cannot change the meaning of modifierExtension itself).","There can be no stigma associated with the use of extensions by any application, project, or standard - regardless of the institution or jurisdiction that uses or defines the extensions.  The use of extensions is what allows the FHIR specification to retain a core level of simplicity for everyone.","Modifier extensions allow for extensions that *cannot* be safely ignored to be clearly distinguished from the vast majority of extensions which can be safely ignored.  This promotes interoperability by eliminating the need for implementers to prohibit the presence of extensions. For further information, see the [definition of modifier extensions](http://hl7.org/fhir/R4/extensibility.html#modifierExtension).","","","","","","","",,,,,"",,,,"DomainResource.modifierExtension",0,*,"","ele-1:All FHIR elements must have a @value or children {hasValue() or (children().count() > id.count())}
ext-1:Must have either extensions or value[x], not both {extension.exists() != value.exists()}","N/A"
"ServiceRequest.identifier","ServiceRequest.identifier","","","",0,*,"","","Y","Identifier {[]} {[]}
","Identifiers assigned to this order","Berisi data id lokal dari masing-masing institusi terkait tindak lanjut/cara keluar dari rumah sakit dengan tipe data Identifier.","The identifier.type element is used to distinguish between the identifiers assigned by the orderer (known as the 'Placer' in HL7 v2) and the producer of the observations in response to the order (known as the 'Filler' in HL7 v2).  For further discussion and examples see the resource notes section below.","","","","","","","","",,,,,"",,,,"ServiceRequest.identifier",0,*,"","ele-1:All FHIR elements must have a @value or children {hasValue() or (children().count() > id.count())}
","Request.identifier","ORC.2, ORC.3, RF1-6 / RF1-11,",".identifier","FiveWs.identifier","ClinicalStatement.identifier"
"ServiceRequest.instantiatesCanonical","ServiceRequest.instantiatesCanonical","","","",0,*,"","","Y","canonical {[]} {[CanonicalType[http://hl7.org/fhir/StructureDefinition/ActivityDefinition|4.0.1], CanonicalType[http://hl7.org/fhir/StructureDefinition/PlanDefinition|4.0.1]]}
","Instantiates FHIR protocol or definition","Berisi data URL yang menunjuk ke protokol, pedoman, urutan pesanan, atau definisi lain yang ditetapkan FHIR yang dipatuhi seluruhnya atau sebagian oleh permintaan layanan ini dengan tipe data canonical.","Note: This is a business identifier, not a resource identifier (see [discussion](http://hl7.org/fhir/R4/resource.html#identifiers)).  It is best practice for the identifier to only appear on a single resource instance, however business practices may occasionally dictate that multiple resource instances with the same identifier can exist - possibly even with different resource types.  For example, multiple Patient and a Person resource instance might share the same social insurance number.","","","","","","","","",,,,,"",,,,"ServiceRequest.instantiatesCanonical",0,*,"","ele-1:All FHIR elements must have a @value or children {hasValue() or (children().count() > id.count())}
","Request.instantiatesCanonical","Varies by domain",".outboundRelationship[typeCode=DEFN].target"
"ServiceRequest.instantiatesUri","ServiceRequest.instantiatesUri","","","",0,*,"","","Y","uri {[]} {[]}
","Instantiates external protocol or definition","Berisi data URL yang menunjuk ke protokol, pedoman, urutan pesanan, atau definisi lain yang dikelola secara eksternal yang dipatuhi seluruhnya atau sebagian oleh permintaan layanan ini dengan tipe data uri.","This might be an HTML page, PDF, etc. or could just be a non-resolvable URI identifier.","","","","","","","","",,,,,"",,,,"ServiceRequest.instantiatesUri",0,*,"","ele-1:All FHIR elements must have a @value or children {hasValue() or (children().count() > id.count())}
","Request.instantiatesUri","Varies by domain",".outboundRelationship[typeCode=DEFN].target"
"ServiceRequest.basedOn","ServiceRequest.basedOn","","fulfills
","",0,*,"","","Y","Reference {[]} {[CanonicalType[http://hl7.org/fhir/StructureDefinition/CarePlan|4.0.1], CanonicalType[http://hl7.org/fhir/StructureDefinition/ServiceRequest|4.0.1], CanonicalType[http://hl7.org/fhir/StructureDefinition/MedicationRequest|4.0.1]]}
","What request fulfills","Berisi data suatu rencana atau permintaan yang dipenuhi oleh permintaan ini dengan tipe data Reference, yang direferensikan ke data yang tersimpan di resource CarePlan | ServiceRequest | MedicationRequest.","","","","","","","","","",,,,,"",,,,"ServiceRequest.basedOn",0,*,"","ele-1:All FHIR elements must have a @value or children {hasValue() or (children().count() > id.count())}
","Request.basedOn","ORC.8 (plus others)",".outboundRelationship[typeCode=FLFS].target"
"ServiceRequest.replaces","ServiceRequest.replaces","","supersedes
priorrenewed order","",0,*,"","","Y","Reference {[]} {[CanonicalType[http://hl7.org/fhir/StructureDefinition/ServiceRequest|4.0.1]]}
","What request replaces","Berisi data permintaan yang terjadi menggantikan permintaan yang telah diselesaikan atau dihentikan dengan tipe data Reference, yang direferensikan ke data yang tersimpan di resource ServiceRequest.","","","","","","","","","",,,,,"",,,,"ServiceRequest.replaces",0,*,"","ele-1:All FHIR elements must have a @value or children {hasValue() or (children().count() > id.count())}
","Request.replaces","Handled by message location of ORC (ORC.1=RO or RU)",".outboundRelationship[typeCode=RPLC].target"
"ServiceRequest.requisition","ServiceRequest.requisition","","grouperId
groupIdentifier","",0,1,"","","Y","Identifier {[]} {[]}
","Composite Request ID","Berisi data suatu Identitas/ID/Identifier yang sama untuk seluruh permintaan yang tergabung dalam 1 gabungan atau kelompok dengan tipe data Identifier.","Requests are linked either by a ""basedOn"" relationship (i.e. one request is fulfilling another) or by having a common requisition. Requests that are part of the same requisition are generally treated independently from the perspective of changing their state or maintaining them after initial creation.","Some business processes need to know if multiple items were ordered as part of the same ""requisition"" for billing or other purposes.","","","","","","","",,,,,"",,,,"ServiceRequest.requisition",0,1,"","ele-1:All FHIR elements must have a @value or children {hasValue() or (children().count() > id.count())}
","Request.groupIdentifier","ORC.4",".inboundRelationship(typeCode=COMP].source[moodCode=INT].identifier"
"ServiceRequest.status","ServiceRequest.status","","","",1,1,"","Y","Y","code {[]} {[]}
","draft | active | on-hold | revoked | completed | entered-in-error | unknown","Berisi satu atau lebih data status permintaan dengan tipe data code, yang nilainya mengacu pada data terminologi RequestStatus.","The status is generally fully in the control of the requester - they determine whether the order is draft or active and, after it has been activated, competed, cancelled or suspended. States relating to the activities of the performer are reflected on either the corresponding event (see [Event Pattern](http://hl7.org/fhir/R4/event.html) for general discussion) or using the [Task](http://hl7.org/fhir/R4/task.html) resource.","","","","","","","","",,"required","The status of a service order.","http://hl7.org/fhir/ValueSet/request-status|4.0.1","",,,,"ServiceRequest.status",1,1,"","ele-1:All FHIR elements must have a @value or children {hasValue() or (children().count() > id.count())}
","Request.status","ORC.5,RF1-1",".status","FiveWs.status","Action.currentStatus"
"ServiceRequest.intent","ServiceRequest.intent","","","",1,1,"","Y","Y","code {[]} {[]}
","proposal | plan | directive | order | original-order | reflex-order | filler-order | instance-order | option","Berisi satu atau lebih data yang berkaitan dengan apakah permintaan adalah usulan, rencana, asli permintaan asli atau permintaan tiba-tiba dengan tipe data code, yang nilainya mengacu pada data terminologi RequestIntent.","This element is labeled as a modifier because the intent alters when and how the resource is actually applicable.","","","","","","","","",,"required","The kind of service request.","http://hl7.org/fhir/ValueSet/request-intent|4.0.1","",,,,"ServiceRequest.intent",1,1,"","ele-1:All FHIR elements must have a @value or children {hasValue() or (children().count() > id.count())}
","Request.intent","N/A",".moodCode (nuances beyond PRP/PLAN/RQO would need to be elsewhere)","FiveWs.class"
"ServiceRequest.category","ServiceRequest.category","","","",1,*,"","","Y","CodeableConcept {[]} {[]}
","Classification of service","Berisi data yang berkaitan dengan kode yang mengklasifikasikan pelayanan untuk tujuan pencarian, penyortiran, dan tampilan dengan tipe data CodeableConcept.","There may be multiple axis of categorization depending on the context or use case for retrieving or displaying the resource.  The level of granularity is defined by the category concepts in the value set.","Used for filtering what service request are retrieved and displayed.","","","","","","","",,"example","Classification of the requested service.","http://hl7.org/fhir/ValueSet/servicerequest-category|4.0.1","",,,,"ServiceRequest.category",0,*,"","ele-1:All FHIR elements must have a @value or children {hasValue() or (children().count() > id.count())}
","RF1-5",".outboundRelationship[typeCode=""COMP].target[classCode=""LIST"", moodCode=""INT""].code","FiveWs.class"
"ServiceRequest.category.id","ServiceRequest.category.id","","","",0,1,"","","","string {[]} {[]}
","Unique id for inter-element referencing","Unique id for the element within a resource (for internal references). This may be any string value that does not contain spaces.","","","","","","","","","",,,,,"",,,,"Element.id",0,1,"","","n/a"
"ServiceRequest.category.extension","ServiceRequest.category.extension","","extensions
user content","",0,*,"","","","Extension {[]} {[]}
","Additional content defined by implementations","May be used to represent additional information that is not part of the basic definition of the element. To make the use of extensions safe and manageable, there is a strict set of governance  applied to the definition and use of extensions. Though any implementer can define an extension, there is a set of requirements that SHALL be met as part of the definition of the extension.","There can be no stigma associated with the use of extensions by any application, project, or standard - regardless of the institution or jurisdiction that uses or defines the extensions.  The use of extensions is what allows the FHIR specification to retain a core level of simplicity for everyone.","","","","","","","","",,,,,"","value:url}
","Extensions are always sliced by (at least) url",,"open","Element.extension",0,*,"","ele-1:All FHIR elements must have a @value or children {hasValue() or (children().count() > id.count())}
ext-1:Must have either extensions or value[x], not both {extension.exists() != value.exists()}","n/a"
"ServiceRequest.category.coding","ServiceRequest.category.coding","","","",0,*,"","","Y","Coding {[]} {[]}
","Code defined by a terminology system","A reference to a code defined by a terminology system.","Codes may be defined very casually in enumerations, or code lists, up to very formal definitions such as SNOMED CT - see the HL7 v3 Core Principles for more information.  Ordering of codings is undefined and SHALL NOT be used to infer meaning. Generally, at most only one of the coding values will be labeled as UserSelected = true.","Allows for alternative encodings within a code system, and translations to other code systems.","","","","","","","",,,,,"",,,,"CodeableConcept.coding",0,*,"","ele-1:All FHIR elements must have a @value or children {hasValue() or (children().count() > id.count())}
","C*E.1-8, C*E.10-22","union(., ./translation)"
"ServiceRequest.category.coding.id","ServiceRequest.category.coding.id","","","",0,1,"","","","string {[]} {[]}
","Unique id for inter-element referencing","Unique id for the element within a resource (for internal references). This may be any string value that does not contain spaces.","","","","","","","","","",,,,,"",,,,"Element.id",0,1,"","","n/a"
"ServiceRequest.category.coding.extension","ServiceRequest.category.coding.extension","","extensions
user content","",0,*,"","","","Extension {[]} {[]}
","Additional content defined by implementations","May be used to represent additional information that is not part of the basic definition of the element. To make the use of extensions safe and manageable, there is a strict set of governance  applied to the definition and use of extensions. Though any implementer can define an extension, there is a set of requirements that SHALL be met as part of the definition of the extension.","There can be no stigma associated with the use of extensions by any application, project, or standard - regardless of the institution or jurisdiction that uses or defines the extensions.  The use of extensions is what allows the FHIR specification to retain a core level of simplicity for everyone.","","","","","","","","",,,,,"","value:url}
","Extensions are always sliced by (at least) url",,"open","Element.extension",0,*,"","ele-1:All FHIR elements must have a @value or children {hasValue() or (children().count() > id.count())}
ext-1:Must have either extensions or value[x], not both {extension.exists() != value.exists()}","n/a"
"ServiceRequest.category.coding.system","ServiceRequest.category.coding.system","","","",0,1,"","","Y","uri {[]} {[]}
","Identity of the terminology system","The identification of the code system that defines the meaning of the symbol in the code.","The URI may be an OID (urn:oid:...) or a UUID (urn:uuid:...).  OIDs and UUIDs SHALL be references to the HL7 OID registry. Otherwise, the URI should come from HL7's list of FHIR defined special URIs or it should reference to some definition that establishes the system clearly and unambiguously.","Need to be unambiguous about the source of the definition of the symbol.","","","<valueUri xmlns=""http://hl7.org/fhir"" value=""http://snomed.info/sct""/>","","","","",,,,,"",,,,"Coding.system",0,1,"","ele-1:All FHIR elements must have a @value or children {hasValue() or (children().count() > id.count())}
","C*E.3","./codeSystem"
"ServiceRequest.category.coding.version","ServiceRequest.category.coding.version","","","",0,1,"","","Y","string {[]} {[]}
","Version of the system - if relevant","The version of the code system which was used when choosing this code. Note that a well-maintained code system does not need the version reported, because the meaning of codes is consistent across versions. However this cannot consistently be assured, and when the meaning is not guaranteed to be consistent, the version SHOULD be exchanged.","Where the terminology does not clearly define what string should be used to identify code system versions, the recommendation is to use the date (expressed in FHIR date format) on which that version was officially published as the version date.","","","","","","","","",,,,,"",,,,"Coding.version",0,1,"","ele-1:All FHIR elements must have a @value or children {hasValue() or (children().count() > id.count())}
","C*E.7","./codeSystemVersion"
"ServiceRequest.category.coding.code","ServiceRequest.category.coding.code","","","",0,1,"","","Y","code {[]} {[]}
","Symbol in syntax defined by the system","A symbol in syntax defined by the system. The symbol may be a predefined code or an expression in a syntax defined by the coding system (e.g. post-coordination).","","Need to refer to a particular code in the system.","","","<valueCode xmlns=""http://hl7.org/fhir"" value=""108252007""/>","","","","",,,,,"",,,,"Coding.code",0,1,"","ele-1:All FHIR elements must have a @value or children {hasValue() or (children().count() > id.count())}
","C*E.1","./code"
"ServiceRequest.category.coding.display","ServiceRequest.category.coding.display","","","",0,1,"","","Y","string {[]} {[]}
","Representation defined by the system","A representation of the meaning of the code in the system, following the rules of the system.","","Need to be able to carry a human-readable meaning of the code for readers that do not know  the system.","","","<valueString xmlns=""http://hl7.org/fhir"" value=""Laboratory procedure""/>","","","","",,,,,"",,,,"Coding.display",0,1,"","ele-1:All FHIR elements must have a @value or children {hasValue() or (children().count() > id.count())}
","C*E.2 - but note this is not well followed","CV.displayName"
"ServiceRequest.category.coding.userSelected","ServiceRequest.category.coding.userSelected","","","",0,1,"","","Y","boolean {[]} {[]}
","If this coding was chosen directly by the user","Indicates that this coding was chosen by a user directly - e.g. off a pick list of available items (codes or displays).","Amongst a set of alternatives, a directly chosen code is the most appropriate starting point for new translations. There is some ambiguity about what exactly 'directly chosen' implies, and trading partner agreement may be needed to clarify the use of this element and its consequences more completely.","This has been identified as a clinical safety criterium - that this exact system/code pair was chosen explicitly, rather than inferred by the system based on some rules or language processing.","","","","","","","",,,,,"",,,,"Coding.userSelected",0,1,"","ele-1:All FHIR elements must have a @value or children {hasValue() or (children().count() > id.count())}
","Sometimes implied by being first","CD.codingRationale"
"ServiceRequest.category.text","ServiceRequest.category.text","","","",0,1,"","","Y","string {[]} {[]}
","Plain text representation of the concept","A human language representation of the concept as seen/selected/uttered by the user who entered the data and/or which represents the intended meaning of the user.","Very often the text is the same as a displayName of one of the codings.","The codes from the terminologies do not always capture the correct meaning with all the nuances of the human using them, or sometimes there is no appropriate code at all. In these cases, the text is used to capture the full meaning of the source.","","","","","","","",,,,,"",,,,"CodeableConcept.text",0,1,"","ele-1:All FHIR elements must have a @value or children {hasValue() or (children().count() > id.count())}
","C*E.9. But note many systems use C*E.2 for this","./originalText[mediaType/code=""text/plain""]/data"
"ServiceRequest.priority","ServiceRequest.priority","","","",0,1,"","","Y","code {[]} {[]}
","routine | urgent | asap | stat","Berisi data yang mengindikasikan seberapa cepat ServiceRequest harus ditangani dengan tipe data code.","","","","If missing, this task should be performed with normal priority","","","","","",,"required","Identifies the level of importance to be assigned to actioning the request.","http://hl7.org/fhir/ValueSet/request-priority|4.0.1","",,,,"ServiceRequest.priority",0,1,"","ele-1:All FHIR elements must have a @value or children {hasValue() or (children().count() > id.count())}
","Request.priority","TQ1.9, RF1-2",".priorityCode","FiveWs.grade"
"ServiceRequest.doNotPerform","ServiceRequest.doNotPerform","","","",0,1,"","Y","Y","boolean {[]} {[]}
","True if service/procedure should not be performed","Berisi data yang ketika diisi dengan 'true', maka menunjukkan bahwa permintaan/tindakan ini TIDAK boleh dilakukan dengan tipe data boolean.","In general, only the code and timeframe will be present, though occasional additional qualifiers such as body site or even performer could be included to narrow the scope of the prohibition.  If the ServiceRequest.code and ServiceRequest.doNotPerform both contain negation, that will reinforce prohibition and should not have a double negative interpretation.","Used for do not ambulate, do not elevate head of bed, do not flush NG tube, do not take blood pressure on a certain arm, etc.","","If missing, the request is a positive request e.g. ""do perform""","","","","","",,,,,"",,,,"ServiceRequest.doNotPerform",0,1,"","ele-1:All FHIR elements must have a @value or children {hasValue() or (children().count() > id.count())}
","Request.doNotPerform",".actionNegationInd"
"ServiceRequest.code","ServiceRequest.code","","service requested
","",1,1,"","","Y","CodeableConcept {[]} {[]}
","What is being requested/ordered","Berisi data format pengisian rencana tindak lanjut/cara keluar dari rumah sakit dengan pilihan jawaban 'Dirujuk ke' dan 'Rawat Inap' dengan tipe data CodeableConcept.","Many laboratory and radiology procedure codes embed the specimen/organ system in the test order name, for example,  serum or serum/plasma glucose, or a chest x-ray. The specimen might not be recorded separately from the test code.","","","","","<valueCodeableConcept xmlns=""http://hl7.org/fhir"">
  <coding>
    <system value=""http://loinc.org""/>
    <code value=""69548-6""/>
    <display value=""Genetic variant assessment""/>
  </coding>
</valueCodeableConcept>","","","",,"example","Codes for tests or services that can be carried out by a designated individual, organization or healthcare service.  For laboratory, LOINC is  (preferred)[http://build.fhir.org/terminologies.html#preferred].","http://hl7.org/fhir/ValueSet/procedure-code|4.0.1","",,,,"ServiceRequest.code",0,1,"","ele-1:All FHIR elements must have a @value or children {hasValue() or (children().count() > id.count())}
","Request.code","PR1-3 / OBR-4  (varies by domain)",".code","FiveWs.what[x]","Procedure.procedureCode"
"ServiceRequest.code.id","ServiceRequest.code.id","","","",0,1,"","","","string {[]} {[]}
","Unique id for inter-element referencing","Unique id for the element within a resource (for internal references). This may be any string value that does not contain spaces.","","","","","","","","","",,,,,"",,,,"Element.id",0,1,"","","n/a"
"ServiceRequest.code.extension","ServiceRequest.code.extension","","extensions
user content","",0,*,"","","","Extension {[]} {[]}
","Additional content defined by implementations","May be used to represent additional information that is not part of the basic definition of the element. To make the use of extensions safe and manageable, there is a strict set of governance  applied to the definition and use of extensions. Though any implementer can define an extension, there is a set of requirements that SHALL be met as part of the definition of the extension.","There can be no stigma associated with the use of extensions by any application, project, or standard - regardless of the institution or jurisdiction that uses or defines the extensions.  The use of extensions is what allows the FHIR specification to retain a core level of simplicity for everyone.","","","","","","","","",,,,,"","value:url}
","Extensions are always sliced by (at least) url",,"open","Element.extension",0,*,"","ele-1:All FHIR elements must have a @value or children {hasValue() or (children().count() > id.count())}
ext-1:Must have either extensions or value[x], not both {extension.exists() != value.exists()}","n/a"
"ServiceRequest.code.coding","ServiceRequest.code.coding","","","",0,*,"","","Y","Coding {[]} {[]}
","Code defined by a terminology system","A reference to a code defined by a terminology system.","Codes may be defined very casually in enumerations, or code lists, up to very formal definitions such as SNOMED CT - see the HL7 v3 Core Principles for more information.  Ordering of codings is undefined and SHALL NOT be used to infer meaning. Generally, at most only one of the coding values will be labeled as UserSelected = true.","Allows for alternative encodings within a code system, and translations to other code systems.","","","","","","","",,,,,"",,,,"CodeableConcept.coding",0,*,"","ele-1:All FHIR elements must have a @value or children {hasValue() or (children().count() > id.count())}
","C*E.1-8, C*E.10-22","union(., ./translation)"
"ServiceRequest.code.text","ServiceRequest.code.text","","","",0,1,"","","Y","string {[]} {[]}
","Description of the specific genetic test being requested","Free-text description of the genetic test, such as 'TB Genetic Variant Assessment', 'Pharmacogenomics Panel', etc.","Very often the text is the same as a displayName of one of the codings.","The codes from the terminologies do not always capture the correct meaning with all the nuances of the human using them, or sometimes there is no appropriate code at all. In these cases, the text is used to capture the full meaning of the source.","","","","","","","",,,,,"",,,,"CodeableConcept.text",0,1,"","ele-1:All FHIR elements must have a @value or children {hasValue() or (children().count() > id.count())}
","C*E.9. But note many systems use C*E.2 for this","./originalText[mediaType/code=""text/plain""]/data"
"ServiceRequest.orderDetail","ServiceRequest.orderDetail","","detailed instructions
","",0,*,"","","Y","CodeableConcept {[]} {[]}
","Additional order information","Berisi data tambahan detail atau instruksi terkait bagaimana permintaan dilakukan dengan tipe data CodeableConcept.","For information from the medical record intended to support the delivery of the requested services, use the `supportingInformation` element.","","","","","","","","",,"example","Codified order entry details which are based on order context.","http://hl7.org/fhir/ValueSet/servicerequest-orderdetail|4.0.1","",,,,"ServiceRequest.orderDetail",0,*,"prr-1
","ele-1:All FHIR elements must have a @value or children {hasValue() or (children().count() > id.count())}
","NTE",".code","Procedure.procedureCode"
"ServiceRequest.quantity[x]","ServiceRequest.quantity[x]","","","",0,1,"","","Y","Quantity {[]} {[]}
Ratio {[]} {[]}Range {[]} {[]}","Service amount","Berisi data jumlah layanan yang diminta berupa kuantitas.","","When ordering a service the number of service items may need to be specified separately from the the service item.","","","","","","","",,,,,"","type:$this}
","",,"closed","ServiceRequest.quantity[x]",0,1,"","ele-1:All FHIR elements must have a @value or children {hasValue() or (children().count() > id.count())}
","NTE",".quantity"
"ServiceRequest.quantity[x]:quantityQuantity","ServiceRequest.quantity[x]","quantityQuantity","","",0,1,"","","Y","Quantity {[]} {[]}
","Service amount","An amount of service being requested which can be a quantity ( for example $1,500 home modification), a ratio ( for example, 20 half day visits per month), or a range (2.0 to 1.8 Gy per fraction).","","When ordering a service the number of service items may need to be specified separately from the the service item.","","","","","","","",,,,,"",,,,"ServiceRequest.quantity[x]",0,1,"","ele-1:All FHIR elements must have a @value or children {hasValue() or (children().count() > id.count())}
","NTE",".quantity"
"ServiceRequest.quantity[x]:quantityRatio","ServiceRequest.quantity[x]","quantityRatio","","",0,1,"","","Y","Ratio {[]} {[]}
","Service amount","An amount of service being requested which can be a quantity ( for example $1,500 home modification), a ratio ( for example, 20 half day visits per month), or a range (2.0 to 1.8 Gy per fraction).","","When ordering a service the number of service items may need to be specified separately from the the service item.","","","","","","","",,,,,"",,,,"ServiceRequest.quantity[x]",0,1,"","ele-1:All FHIR elements must have a @value or children {hasValue() or (children().count() > id.count())}
","NTE",".quantity"
"ServiceRequest.quantity[x]:quantityRange","ServiceRequest.quantity[x]","quantityRange","","",0,1,"","","Y","Range {[]} {[]}
","Service amount","An amount of service being requested which can be a quantity ( for example $1,500 home modification), a ratio ( for example, 20 half day visits per month), or a range (2.0 to 1.8 Gy per fraction).","","When ordering a service the number of service items may need to be specified separately from the the service item.","","","","","","","",,,,,"",,,,"ServiceRequest.quantity[x]",0,1,"","ele-1:All FHIR elements must have a @value or children {hasValue() or (children().count() > id.count())}
","NTE",".quantity"
"ServiceRequest.subject","ServiceRequest.subject","","","",1,1,"","","Y","Reference {[]} {[CanonicalType[http://hl7.org/fhir/StructureDefinition/Patient|4.0.1], CanonicalType[http://hl7.org/fhir/StructureDefinition/Group|4.0.1], CanonicalType[http://hl7.org/fhir/StructureDefinition/Location|4.0.1], CanonicalType[http://hl7.org/fhir/StructureDefinition/Device|4.0.1]]}
","Individual or Entity the service is ordered for","Berisi data individu terkait di mana permintaan dilakukan dengan tipe data Reference, yang direferensikan ke data yang tersimpan di resource Patient | Group | Location | Device.","","","","","","","","","",,,,,"",,,,"ServiceRequest.subject",1,1,"","ele-1:All FHIR elements must have a @value or children {hasValue() or (children().count() > id.count())}
","Request.subject","PID",".participation[typeCode=SBJ].role","FiveWs.subject[x]","FiveWs.subject","ClinicalStatement.subject"
"ServiceRequest.encounter","ServiceRequest.encounter","","context
","",1,1,"","","Y","Reference {[]} {[CanonicalType[http://hl7.org/fhir/StructureDefinition/Encounter|4.0.1]]}
","Encounter in which the request was created","Berisi data kunjungan di mana permintaan ini dilakukan dengan tipe data Reference, yang direferensikan ke data yang tersimpan di resource Encounter.","","","","","","","","","",,,,,"",,,,"ServiceRequest.encounter",0,1,"","ele-1:All FHIR elements must have a @value or children {hasValue() or (children().count() > id.count())}
","Request.encounter","PV1",".inboundRelationship(typeCode=COMP].source[classCode<=PCPR, moodCode=EVN]","FiveWs.context","ClinicalStatement.encounter"
"ServiceRequest.occurrence[x]","ServiceRequest.occurrence[x]","","schedule
","",0,1,"","","Y","dateTime {[]} {[]}
Period {[]} {[]}Timing {[]} {[]}","When service should occur","Berisi data tanggal/waktu di mana layanan yang diminta harus terjadi.","","","","","","","","","",,,,,"","type:$this}
","",,"closed","ServiceRequest.occurrence[x]",0,1,"","ele-1:All FHIR elements must have a @value or children {hasValue() or (children().count() > id.count())}
","Request.occurrence[x]","TQ1/TQ2, OBR-7/OBR-8",".effectiveTime","FiveWs.planned","Procedure.procedureSchedule"
"ServiceRequest.occurrence[x]:occurrenceDateTime","ServiceRequest.occurrence[x]","occurrenceDateTime","schedule
","",0,1,"","","Y","dateTime {[]} {[]}
","When service should occur","Berisi data informasi kapan kontrol harus terlaksana dengan tipe data dateTime, dengan format yang diperbolehkan YYYY, YYYY-MM, YYYY-MM-DD atau YYYY-MM-DDThh:mm:ss+zz:zz.","","","","","","","","","",,,,,"",,,,"ServiceRequest.occurrence[x]",0,1,"","ele-1:All FHIR elements must have a @value or children {hasValue() or (children().count() > id.count())}
","Request.occurrence[x]","TQ1/TQ2, OBR-7/OBR-8",".effectiveTime","FiveWs.planned","Procedure.procedureSchedule"
"ServiceRequest.occurrence[x]:occurrencePeriod","ServiceRequest.occurrence[x]","occurrencePeriod","schedule
","",0,1,"","","Y","Period {[]} {[]}
","When service should occur","Berisi data waktu dari permintaan dimulai sampai selesai (arrived to finished) dengan tipe data Period.","","","","","","","","","",,,,,"",,,,"ServiceRequest.occurrence[x]",0,1,"","ele-1:All FHIR elements must have a @value or children {hasValue() or (children().count() > id.count())}
","Request.occurrence[x]","TQ1/TQ2, OBR-7/OBR-8",".effectiveTime","FiveWs.planned","Procedure.procedureSchedule"
"ServiceRequest.occurrence[x]:occurrenceTiming","ServiceRequest.occurrence[x]","occurrenceTiming","schedule
","",0,1,"","","Y","Timing {[]} {[]}
","When service should occur","Berisi data kapan permintaan dilakukan dengan tipe data Timing.","","","","","","","","","",,,,,"",,,,"ServiceRequest.occurrence[x]",0,1,"","ele-1:All FHIR elements must have a @value or children {hasValue() or (children().count() > id.count())}
","Request.occurrence[x]","TQ1/TQ2, OBR-7/OBR-8",".effectiveTime","FiveWs.planned","Procedure.procedureSchedule"
"ServiceRequest.asNeeded[x]","ServiceRequest.asNeeded[x]","","","",0,1,"","","Y","boolean {[]} {[]}
CodeableConcept {[]} {[]}","Preconditions for service","Berisi data prasyarat untuk melakukan layanan.","","","","","","","","","",,"example","A coded concept identifying the pre-condition that should hold prior to performing a procedure.  For example ""pain"", ""on flare-up"", etc.","http://hl7.org/fhir/ValueSet/medication-as-needed-reason|4.0.1","","type:$this}
","",,"closed","ServiceRequest.asNeeded[x]",0,1,"","ele-1:All FHIR elements must have a @value or children {hasValue() or (children().count() > id.count())}
","boolean: precondition.negationInd (inversed - so negationInd = true means asNeeded=false CodeableConcept: precondition.observationEventCriterion[code=""Assertion""].value","Proposal.prnReason.reason"
"ServiceRequest.asNeeded[x]:asNeededBoolean","ServiceRequest.asNeeded[x]","asNeededBoolean","","",0,1,"","","Y","boolean {[]} {[]}
","Preconditions for service","Berisi data permintaan pemeriksaan penunjang dengan tipe data boolean.","","","","","","","","","",,,,,"",,,,"ServiceRequest.asNeeded[x]",0,1,"","ele-1:All FHIR elements must have a @value or children {hasValue() or (children().count() > id.count())}
","boolean: precondition.negationInd (inversed - so negationInd = true means asNeeded=false CodeableConcept: precondition.observationEventCriterion[code=""Assertion""].value","Proposal.prnReason.reason"
"ServiceRequest.asNeeded[x]:asNeededCodeableConcept","ServiceRequest.asNeeded[x]","asNeededCodeableConcept","","",0,1,"","","Y","CodeableConcept {[]} {[]}
","Preconditions for service","Berisi data prasyarat untuk melakukan layanan dengan tipe data CodeableConcept.","","","","","","","","","",,"example","A coded concept identifying the pre-condition that should hold prior to performing a procedure.  For example ""pain"", ""on flare-up"", etc.","http://hl7.org/fhir/ValueSet/medication-as-needed-reason|4.0.1","",,,,"ServiceRequest.asNeeded[x]",0,1,"","ele-1:All FHIR elements must have a @value or children {hasValue() or (children().count() > id.count())}
","boolean: precondition.negationInd (inversed - so negationInd = true means asNeeded=false CodeableConcept: precondition.observationEventCriterion[code=""Assertion""].value","Proposal.prnReason.reason"
"ServiceRequest.authoredOn","ServiceRequest.authoredOn","","orderedOn
","",0,1,"","","Y","dateTime {[]} {[]}
","Date request signed","Berisi data kapan permintaan dibuat dengan tipe data dateTime, dengan format yang diperbolehkan YYYY, YYYY-MM, YYYY-MM-DD atau YYYY-MM-DDThh:mm:ss+zz:zz.","","","","","","","","","",,,,,"",,,,"ServiceRequest.authoredOn",0,1,"","ele-1:All FHIR elements must have a @value or children {hasValue() or (children().count() > id.count())}
","Request.authoredOn","ORC.9,  RF1-7 / RF1-9",".participation[typeCode=AUT].time","FiveWs.recorded","Proposal.proposedAtTime"
"ServiceRequest.requester","ServiceRequest.requester","","author
orderer","",0,1,"","","Y","Reference {[]} {[CanonicalType[http://hl7.org/fhir/StructureDefinition/Practitioner|4.0.1], CanonicalType[http://hl7.org/fhir/StructureDefinition/PractitionerRole|4.0.1], CanonicalType[http://hl7.org/fhir/StructureDefinition/Organization|4.0.1], CanonicalType[http://hl7.org/fhir/StructureDefinition/Patient|4.0.1], CanonicalType[http://hl7.org/fhir/StructureDefinition/RelatedPerson|4.0.1], CanonicalType[http://hl7.org/fhir/StructureDefinition/Device|4.0.1]]}
","Who/what is requesting service","Berisi data siapa yang melakukan permintaan dengan tipe data Reference, yang direferensikan ke data yang tersimpan di resource Practitioner | PractitionerRole | Organization | Patient | RelatedPerson | Device.","This not the dispatcher, but rather who is the authorizer.  This element is not intended to handle delegation which would generally be managed through the Provenance resource.","","","","","","","","",,,,,"",,,,"ServiceRequest.requester",0,1,"","ele-1:All FHIR elements must have a @value or children {hasValue() or (children().count() > id.count())}
","Request.requester","ORC.12, PRT",".participation[typeCode=AUT].role","FiveWs.author","ClinicalStatement.statementAuthor"
"ServiceRequest.performerType","ServiceRequest.performerType","","specialty
","",0,1,"","","Y","CodeableConcept {[]} {[]}
","Performer role","Berisi data yang berkaitan dengan jenis praktisi yang diharapkan melakukan layanan dengan tipe data CodeableConcept.","This is a  role, not  a participation type.  In other words, does not describe the task but describes the capacity.  For example, “compounding pharmacy”, “psychiatrist” or “internal referral”.","","","","","","","","",,"example","Indicates specific responsibility of an individual within the care team, such as ""Primary physician"", ""Team coordinator"", ""Caregiver"", etc.","http://hl7.org/fhir/ValueSet/participant-role|4.0.1","",,,,"ServiceRequest.performerType",0,1,"","ele-1:All FHIR elements must have a @value or children {hasValue() or (children().count() > id.count())}
","Request.performerType","PRT, RF!-3",".participation[typeCode=PRF].role[scoper.determinerCode=KIND].code","FiveWs.actor"
"ServiceRequest.performer","ServiceRequest.performer","","request recipient
","",0,*,"","","Y","Reference {[]} {[CanonicalType[http://hl7.org/fhir/StructureDefinition/Practitioner|4.0.1], CanonicalType[http://hl7.org/fhir/StructureDefinition/PractitionerRole|4.0.1], CanonicalType[http://hl7.org/fhir/StructureDefinition/Organization|4.0.1], CanonicalType[http://hl7.org/fhir/StructureDefinition/CareTeam|4.0.1], CanonicalType[http://hl7.org/fhir/StructureDefinition/HealthcareService|4.0.1], CanonicalType[http://hl7.org/fhir/StructureDefinition/Patient|4.0.1], CanonicalType[http://hl7.org/fhir/StructureDefinition/Device|4.0.1], CanonicalType[http://hl7.org/fhir/StructureDefinition/RelatedPerson|4.0.1]]}
","Requested performer","Berisi satu atau lebih data siapa yang diharapkan melakukan permintaan dengan tipe data Reference, yang direferensikan ke data yang tersimpan di resource Practitioner | PractitionerRole | Organization | CareTeam | HealthcareService | Patient | Device | RelatedPerson.","If multiple performers are present, it is interpreted as a list of *alternative* performers without any preference regardless of order.  If order of preference is needed use the [request-performerOrder extension](http://hl7.org/fhir/R4/extension-request-performerorder.html).  Use CareTeam to represent a group of performers (for example, Practitioner A *and* Practitioner B).","","","","","","","","",,,,,"",,,,"ServiceRequest.performer",0,*,"","ele-1:All FHIR elements must have a @value or children {hasValue() or (children().count() > id.count())}
","Request.performer","PRT, Practitioner: PRD-2/PRD-7 where PRD-3 = RT; Organization: PRD-10 where PRD-3 = RT",".participation[typeCode=PRF].role[scoper.determinerCode=INSTANCE]","FiveWs.actor"
"ServiceRequest.locationCode","ServiceRequest.locationCode","","","",0,*,"","","Y","CodeableConcept {[]} {[]}
","Requested location","Berisi data mengenai informasi lokasi di mana permintaan seharusnya terjadi, bisa dalam bentuk kode atau free-text dengan tipe data CodeableConcept.","","","","","","","","","",,"example","A location type where services are delivered.","http://terminology.hl7.org/ValueSet/v3-ServiceDeliveryLocationRoleType","",,,,"ServiceRequest.locationCode",0,*,"","ele-1:All FHIR elements must have a @value or children {hasValue() or (children().count() > id.count())}
",".participation[typeCode=LOC].role[scoper.determinerCode=KIND].code","FiveWs.actor"
"ServiceRequest.locationReference","ServiceRequest.locationReference","","","",0,*,"","","Y","Reference {[]} {[CanonicalType[http://hl7.org/fhir/StructureDefinition/Location|4.0.1]]}
","Requested location","Berisi data satu atau lebih data informasi lokasi di mana permintaan seharusnya terjadi dengan tipe data Reference, yang direferensikan ke data yang tersimpan di resource Location.","","","","","","","","","",,,,,"",,,,"ServiceRequest.locationReference",0,*,"","ele-1:All FHIR elements must have a @value or children {hasValue() or (children().count() > id.count())}
",".participation[typeCode=LOC].role[scoper.determinerCode=INSTANCE]","FiveWs.actor"
"ServiceRequest.reasonCode","ServiceRequest.reasonCode","","","",0,*,"","","Y","CodeableConcept {[]} {[]}
","Explanation/Justification for procedure or service","Berisi data yang berkaitan dengan penjelasan atau justifikasi mengenai mengapa pelayanan ini diminta dalam bentuk kode atau teks dengan tipe data CodeableConcept.","This element represents why the referral is being made and may be used to decide how the service will be performed, or even if it will be performed at all.   Use `CodeableConcept.text` element if the data is free (uncoded) text as shown in the [CT Scan example](http://hl7.org/fhir/R4/servicerequest-example-di.html).","","","","","","","","",,"example","Diagnosis or problem codes justifying the reason for requesting the service investigation.","http://hl7.org/fhir/ValueSet/procedure-reason|4.0.1","",,,,"ServiceRequest.reasonCode",0,*,"","ele-1:All FHIR elements must have a @value or children {hasValue() or (children().count() > id.count())}
","Request.reasonCode","ORC.16, RF1-10",".reasonCode","FiveWs.why[x]"
"ServiceRequest.reasonReference","ServiceRequest.reasonReference","","","",0,*,"","","Y","Reference {[]} {[CanonicalType[http://hl7.org/fhir/StructureDefinition/Condition|4.0.1], CanonicalType[http://hl7.org/fhir/StructureDefinition/Observation|4.0.1], CanonicalType[http://hl7.org/fhir/StructureDefinition/DiagnosticReport|4.0.1], CanonicalType[http://hl7.org/fhir/StructureDefinition/DocumentReference|4.0.1]]}
","Explanation/Justification for service or service","Berisi data alasan dilakukannya permintaan dengan tipe data Reference, yang direferensikan ke data yang tersimpan di resource Condition | Observation | DiagnosticReport | DocumentReference.","This element represents why the referral is being made and may be used to decide how the service will be performed, or even if it will be performed at all.    To be as specific as possible,  a reference to  *Observation* or *Condition* should be used if available.  Otherwise when referencing  *DiagnosticReport*  it should contain a finding  in `DiagnosticReport.conclusion` and/or `DiagnosticReport.conclusionCode`.   When using a reference to *DocumentReference*, the target document should contain clear findings language providing the relevant reason for this service request.  Use  the CodeableConcept text element in `ServiceRequest.reasonCode` if the data is free (uncoded) text as shown in the [CT Scan example](http://hl7.org/fhir/R4/servicerequest-example-di.html).","","","","","","","","",,,,,"",,,,"ServiceRequest.reasonReference",0,*,"","ele-1:All FHIR elements must have a @value or children {hasValue() or (children().count() > id.count())}
","Request.reasonReference","ORC.16",".outboundRelationship[typeCode=RSON].target","FiveWs.why[x]"
"ServiceRequest.insurance","ServiceRequest.insurance","","","",0,*,"","","","Reference {[]} {[CanonicalType[http://hl7.org/fhir/StructureDefinition/Coverage|4.0.1], CanonicalType[http://hl7.org/fhir/StructureDefinition/ClaimResponse|4.0.1]]}
","Associated insurance coverage","Berisi data informasi asuransi atau klaim terkait untuk permintaan ini dengan tipe data Reference, yang direferensikan ke data yang tersimpan di resource Coverage | ClaimResponse.","","","","","","","","","",,,,,"",,,,"ServiceRequest.insurance",0,*,"","ele-1:All FHIR elements must have a @value or children {hasValue() or (children().count() > id.count())}
","Request.insurance","IN1/IN2",".outboundRelationship[typeCode=COVBY].target"
"ServiceRequest.supportingInfo","ServiceRequest.supportingInfo","","Ask at order entry question
AOE","",0,*,"","","","Reference {[]} {[CanonicalType[http://hl7.org/fhir/StructureDefinition/Resource|4.0.1]]}
","Additional clinical information","Berisi data tambahan informasi klinis yang mendukung atau mempengaruhi permintaan ini dengan tipe data Reference, yang direferensikan ke data yang tersimpan di resource Any.","To represent information about how the services are to be delivered use the `instructions` element.","","","","","","","","",,,,,"",,,,"ServiceRequest.supportingInfo",0,*,"","ele-1:All FHIR elements must have a @value or children {hasValue() or (children().count() > id.count())}
","Request.supportingInfo","Accompanying segments",".outboundRelationship[typeCode=PERT].target"
"ServiceRequest.specimen","ServiceRequest.specimen","","","",0,*,"","","Y","Reference {[]} {[CanonicalType[http://hl7.org/fhir/StructureDefinition/Specimen|4.0.1]]}
","Procedure Samples","Berisi satu atau lebih data spesimen yang digunakan dalam pemeriksaan laboratorium dengan tipe data Reference, yang direferensikan ke data yang tersimpan di resource Specimen.","Many diagnostic procedures need a specimen, but the request itself is not actually about the specimen. This element is for when the diagnostic is requested on already existing specimens and the request points to the specimen it applies to.    Conversely, if the request is entered first with an unknown specimen, then the [Specimen](http://hl7.org/fhir/R4/specimen.html) resource points to the ServiceRequest.","","","","","","","","",,,,,"",,,,"ServiceRequest.specimen",0,*,"","ele-1:All FHIR elements must have a @value or children {hasValue() or (children().count() > id.count())}
","SPM",".participation[typeCode=SPC].role"
"ServiceRequest.bodySite","ServiceRequest.bodySite","","location
","",0,*,"","","Y","CodeableConcept {[]} {[]}
","Location on Body","Berisi data yang berkaitan dengan lokasi anatomis yang mana prosedur harus dilakukan atau target terapi dengan tipe data CodeableConcept.","Only used if not implicit in the code found in ServiceRequest.code.  If the use case requires BodySite to be handled as a separate resource instead of an inline coded element (e.g. to identify and track separately)  then use the standard extension [procedure-targetBodyStructure](http://hl7.org/fhir/R4/extension-procedure-targetbodystructure.html).","Knowing where the procedure is performed is important for tracking if multiple sites are possible.","","","","","","","",,"example","Codes describing anatomical locations. May include laterality.","http://hl7.org/fhir/ValueSet/body-site|4.0.1","",,,,"ServiceRequest.bodySite",0,*,"","ele-1:All FHIR elements must have a @value or children {hasValue() or (children().count() > id.count())}
","SPM","targetSiteCode","Procedure.targetBodySite"
"ServiceRequest.note","ServiceRequest.note","","","",0,*,"","","","Annotation {[]} {[]}
","Comments","Berisi data komen tambahan lainnya terkait permintaan dengan tipe data Annotation.","","","","","","","","","",,,,,"",,,,"ServiceRequest.note",0,*,"","ele-1:All FHIR elements must have a @value or children {hasValue() or (children().count() > id.count())}
","Request.note","NTE",".inboundRelationship(typeCode=SUBJ].source[classCode=ANNGEN, moodCode=EVN].value[xsi:type=ST]","ClinicalStatement.additionalText"
"ServiceRequest.patientInstruction","ServiceRequest.patientInstruction","","","",0,1,"","","Y","string {[]} {[]}
","Patient or consumer-oriented instructions","Berisi data instruksi untuk pasien. Data terkait 'Dalam Keadaan Darurat dapat Menghubungi' dapat diisikan dalam elemen ini dengan tipe data string.","","","","","","","","","",,,,,"",,,,"ServiceRequest.patientInstruction",0,1,"","ele-1:All FHIR elements must have a @value or children {hasValue() or (children().count() > id.count())}
","NTE",".text"
"ServiceRequest.relevantHistory","ServiceRequest.relevantHistory","","","",0,*,"","","","Reference {[]} {[CanonicalType[http://hl7.org/fhir/StructureDefinition/Provenance|4.0.1]]}
","Request provenance","Berisi data peristiwa penting dalam riwayat permintaan dengan tipe data Reference, yang direferensikan ke data yang tersimpan di resource Provenance.","This might not include provenances for all versions of the request – only those deemed “relevant” or important.This SHALL NOT include the Provenance associated with this current version of the resource.  (If that provenance is deemed to be a “relevant” change, it will need to be added as part of a later update.  Until then, it can be queried directly as the Provenance that points to this version using _revincludeAll Provenances should have some historical version of this Request as their subject.","","","","","","","","",,,,,"",,,,"ServiceRequest.relevantHistory",0,*,"","ele-1:All FHIR elements must have a @value or children {hasValue() or (children().count() > id.count())}
","Request.relevantHistory","N/A",".inboundRelationship(typeCode=SUBJ].source[classCode=CACT, moodCode=EVN]"
