"Id","Path","Slice Name","Alias(s)","Label","Min","Max","Must Support?","Is Modifier?","Is Summary?","Type(s)","Short","Definition","Comments","Requirements","Default Value","Meaning When Missing","Fixed Value","Pattern","Example","Minimum Value","Maximum Value","Maximum Length","Binding Strength","Binding Description","Binding Value Set","Code","Slicing Discriminator","Slicing Description","Slicing Ordered","Slicing Rules","Base Path","Base Min","Base Max","Condition(s)","Constraint(s)","Mapping: RIM Mapping","Mapping: FiveWs Pattern Mapping","Mapping: HL7 v2 Mapping"
"Specimen","Specimen","","","",0,*,"","","","null {[]} {[]}
","Sample for analysis","A sample to be used for analysis.","","","","","","","","","",,,,,"",,,,"Specimen",0,*,"","dom-2:If the resource is contained in another resource, it SHALL NOT contain nested Resources {contained.contained.empty()}
dom-3:If the resource is contained in another resource, it SHALL be referred to from elsewhere in the resource or SHALL refer to the containing resource {contained.where((('#'+id in (%resource.descendants().reference | %resource.descendants().as(canonical) | %resource.descendants().as(uri) | %resource.descendants().as(url))) or descendants().where(reference = '#').exists() or descendants().where(as(canonical) = '#').exists() or descendants().where(as(canonical) = '#').exists()).not()).trace('unmatched', id).empty()}dom-4:If a resource is contained in another resource, it SHALL NOT have a meta.versionId or a meta.lastUpdated {contained.meta.versionId.empty() and contained.meta.lastUpdated.empty()}dom-5:If a resource is contained in another resource, it SHALL NOT have a security label {contained.meta.security.empty()}dom-6:A resource should have narrative for robust management {text.`div`.exists()}","Entity. Role, or Act","Role[classCode=SPEC]"
"Specimen.id","Specimen.id","","","",0,1,"","","Y","id {[]} {[]}
","Logical id of this artifact","The logical id of the resource, as used in the URL for the resource. Once assigned, this value never changes.","The only time that a resource does not have an id is when it is being submitted to the server using a create operation.","","","","","","","","",,,,,"",,,,"Resource.id",0,1,"",""
"Specimen.meta","Specimen.meta","","","",0,1,"","","Y","Meta {[]} {[]}
","Metadata about the resource","The metadata about the resource. This is content that is maintained by the infrastructure. Changes to the content might not always be associated with version changes to the resource.","","","","","","","","","",,,,,"",,,,"Resource.meta",0,1,"","ele-1:All FHIR elements must have a @value or children {hasValue() or (children().count() > id.count())}
"
"Specimen.implicitRules","Specimen.implicitRules","","","",0,1,"","Y","Y","uri {[]} {[]}
","A set of rules under which this content was created","A reference to a set of rules that were followed when the resource was constructed, and which must be understood when processing the content. Often, this is a reference to an implementation guide that defines the special rules along with other profiles etc.","Asserting this rule set restricts the content to be only understood by a limited set of trading partners. This inherently limits the usefulness of the data in the long term. However, the existing health eco-system is highly fractured, and not yet ready to define, collect, and exchange data in a generally computable sense. Wherever possible, implementers and/or specification writers should avoid using this element. Often, when used, the URL is a reference to an implementation guide that defines these special rules as part of it's narrative along with other profiles, value sets, etc.","","","","","","","","",,,,,"",,,,"Resource.implicitRules",0,1,"","ele-1:All FHIR elements must have a @value or children {hasValue() or (children().count() > id.count())}
"
"Specimen.language","Specimen.language","","","",0,1,"","","","code {[]} {[]}
","Language of the resource content","The base language in which the resource is written.","Language is provided to support indexing and accessibility (typically, services such as text to speech use the language tag). The html language tag in the narrative applies  to the narrative. The language tag on the resource may be used to specify the language of other presentations generated from the data in the resource. Not all the content has to be in the base language. The Resource.language should not be assumed to apply to the narrative automatically. If a language is specified, it should it also be specified on the div element in the html (see rules in HTML5 for information about the relationship between xml:lang and the html lang attribute).","","","","","","","","",,"preferred","A human language.","http://hl7.org/fhir/ValueSet/languages|4.0.1","",,,,"Resource.language",0,1,"","ele-1:All FHIR elements must have a @value or children {hasValue() or (children().count() > id.count())}
"
"Specimen.text","Specimen.text","","narrative
htmlxhtmldisplay","",0,1,"","","","Narrative {[]} {[]}
","Text summary of the resource, for human interpretation","A human-readable narrative that contains a summary of the resource and can be used to represent the content of the resource to a human. The narrative need not encode all the structured data, but is required to contain sufficient detail to make it ""clinically safe"" for a human to just read the narrative. Resource definitions may define what content should be represented in the narrative to ensure clinical safety.","Contained resources do not have narrative. Resources that are not contained SHOULD have a narrative. In some cases, a resource may only have text with little or no additional discrete data (as long as all minOccurs=1 elements are satisfied).  This may be necessary for data from legacy systems where information is captured as a ""text blob"" or where text is additionally entered raw or narrated and encoded information is added later.","","","","","","","","",,,,,"",,,,"DomainResource.text",0,1,"","ele-1:All FHIR elements must have a @value or children {hasValue() or (children().count() > id.count())}
","Act.text?"
"Specimen.contained","Specimen.contained","","inline resources
anonymous resourcescontained resources","",0,*,"","","","Resource {[]} {[]}
","Contained, inline Resources","These resources do not have an independent existence apart from the resource that contains them - they cannot be identified independently, and nor can they have their own independent transaction scope.","This should never be done when the content can be identified properly, as once identification is lost, it is extremely difficult (and context dependent) to restore it again. Contained resources may have profiles and tags In their meta elements, but SHALL NOT have security labels.","","","","","","","","",,,,,"",,,,"DomainResource.contained",0,*,"","","N/A"
"Specimen.extension","Specimen.extension","","","",1,*,"","","","Extension {[]} {[]}
","Extension","An Extension","","","","","","","","","",,,,,"","value:url}
","",,"open","DomainResource.extension",0,*,"","ele-1:All FHIR elements must have a @value or children {hasValue() or (children().count() > id.count())}
ext-1:Must have either extensions or value[x], not both {extension.exists() != value.exists()}"
"Specimen.extension:transportedTime","Specimen.extension","transportedTime","","",1,1,"","","","Extension {[CanonicalType[https://fhir.kemkes.go.id/r4/StructureDefinition/TransportedTime]]} {[]}
","Transported Time","Berisi data mengenai kapan diambilnya spesimen dengan tipe data dateTime, dengan format yang diperbolehkan YYYY-MM-DDThh:mm:ss+zz:zz.","","","","","","","","","",,,,,"",,,,"DomainResource.extension",0,*,"ele-1
","ele-1:All FHIR elements must have a @value or children {hasValue() or (children().count() > id.count())}
ext-1:Must have either extensions or value[x], not both {extension.exists() != value.exists()}"
"Specimen.extension:transportedPerson","Specimen.extension","transportedPerson","","",0,1,"","","","Extension {[CanonicalType[https://fhir.kemkes.go.id/r4/StructureDefinition/TransportedPerson]]} {[]}
","Transported Person","Berisi data keterangan subjek yang mengirimkan spesimen dengan tipe data ContactDetail.","","","","","","","","","",,,,,"",,,,"DomainResource.extension",0,*,"ele-1
","ele-1:All FHIR elements must have a @value or children {hasValue() or (children().count() > id.count())}
ext-1:Must have either extensions or value[x], not both {extension.exists() != value.exists()}"
"Specimen.extension:receivedPerson","Specimen.extension","receivedPerson","","",0,1,"","","","Extension {[CanonicalType[https://fhir.kemkes.go.id/r4/StructureDefinition/ReceivedPerson]]} {[]}
","Received Person","Berisi data keterangan subjek yang menerima spesimen, dengan tipe data Reference, yang direferensikan ke data yang tersimpan di resource Practitioner.","","","","","","","","","",,,,,"",,,,"DomainResource.extension",0,*,"ele-1
","ele-1:All FHIR elements must have a @value or children {hasValue() or (children().count() > id.count())}
ext-1:Must have either extensions or value[x], not both {extension.exists() != value.exists()}"
"Specimen.extension:conditionHistory","Specimen.extension","conditionHistory","","",0,1,"","","","Extension {[CanonicalType[https://fhir.kemkes.go.id/r4/StructureDefinition/ConditionHistory]]} {[]}
","Condition History","Extension for specimen condition history.","","","","","","","","","",,,,,"",,,,"DomainResource.extension",0,*,"ele-1
","ele-1:All FHIR elements must have a @value or children {hasValue() or (children().count() > id.count())}
ext-1:Must have either extensions or value[x], not both {extension.exists() != value.exists()}"
"Specimen.modifierExtension","Specimen.modifierExtension","","extensions
user content","",0,*,"","Y","","Extension {[]} {[]}
","Extensions that cannot be ignored","May be used to represent additional information that is not part of the basic definition of the resource and that modifies the understanding of the element that contains it and/or the understanding of the containing element's descendants. Usually modifier elements provide negation or qualification. To make the use of extensions safe and manageable, there is a strict set of governance applied to the definition and use of extensions. Though any implementer is allowed to define an extension, there is a set of requirements that SHALL be met as part of the definition of the extension. Applications processing a resource are required to check for modifier extensions.

Modifier extensions SHALL NOT change the meaning of any elements on Resource or DomainResource (including cannot change the meaning of modifierExtension itself).","There can be no stigma associated with the use of extensions by any application, project, or standard - regardless of the institution or jurisdiction that uses or defines the extensions.  The use of extensions is what allows the FHIR specification to retain a core level of simplicity for everyone.","Modifier extensions allow for extensions that *cannot* be safely ignored to be clearly distinguished from the vast majority of extensions which can be safely ignored.  This promotes interoperability by eliminating the need for implementers to prohibit the presence of extensions. For further information, see the [definition of modifier extensions](http://hl7.org/fhir/R4/extensibility.html#modifierExtension).","","","","","","","",,,,,"",,,,"DomainResource.modifierExtension",0,*,"","ele-1:All FHIR elements must have a @value or children {hasValue() or (children().count() > id.count())}
ext-1:Must have either extensions or value[x], not both {extension.exists() != value.exists()}","N/A"
"Specimen.identifier","Specimen.identifier","","","",0,*,"","","Y","Identifier {[]} {[]}
","External Identifier","Berisi data id lokal dari masing-masing institusi terkait permintaan pemeriksaan penunjang dengan tipe data Identifier.","","","","","","","","","",,,,,"",,,,"Specimen.identifier",0,*,"","ele-1:All FHIR elements must have a @value or children {hasValue() or (children().count() > id.count())}
",".id","FiveWs.identifier","SPM-2"
"Specimen.accessionIdentifier","Specimen.accessionIdentifier","","","",0,1,"","","Y","Identifier {[]} {[]}
","Identifier assigned by the lab","Berisi data identifier tambahan yang diberikan oleh laboratorium ketika mendapatkan spesimen (accessioning specimen) dengan tipe data Identifier.","","","","","","","","","",,,,,"",,,,"Specimen.accessionIdentifier",0,1,"","ele-1:All FHIR elements must have a @value or children {hasValue() or (children().count() > id.count())}
",".participation[typeCode=SBJ].act[classCode=ACSN, moodCode=EVN].id","FiveWs.identifier","SPM-30 (v2.7+)"
"Specimen.status","Specimen.status","","","",1,1,"","Y","Y","code {[]} {[]}
","available | unavailable | unsatisfactory | entered-in-error","Berisi satu atau lebih data status kondisi dan ketersediaan spesimen dengan tipe data code, yang nilainya mengacu pada data terminologi SpecimenStatus.","This element is labeled as a modifier because the status contains codes that mark the resource as not currently valid.","","","","","","","","",,"required","Codes providing the status/availability of a specimen.","http://hl7.org/fhir/ValueSet/specimen-status|4.0.1","",,,,"Specimen.status",0,1,"","ele-1:All FHIR elements must have a @value or children {hasValue() or (children().count() > id.count())}
","status","FiveWs.status","SPM-20"
"Specimen.type","Specimen.type","","","",1,1,"","","Y","CodeableConcept {[]} {[]}
","Kind of material that forms the specimen","Berisi data jenis spesimen dengan tipe data CodeableConcept, yang nilainya mengacu pada kode SNOMED-CT yang tersedia dalam Global Patient Set.","The type can change the way that a specimen is handled and drives what kind of analyses can properly be performed on the specimen. It is frequently used in diagnostic work flow decision making systems.","","","","","","","","",,"example","The type of the specimen.","http://terminology.hl7.org/ValueSet/v2-0487","",,,,"Specimen.type",0,1,"","ele-1:All FHIR elements must have a @value or children {hasValue() or (children().count() > id.count())}
",".code","FiveWs.what[x]","SPM-4 and possibly SPM-5"
"Specimen.subject","Specimen.subject","","","",1,1,"","","Y","Reference {[]} {[CanonicalType[http://hl7.org/fhir/StructureDefinition/Patient|4.0.1], CanonicalType[http://hl7.org/fhir/StructureDefinition/Group|4.0.1], CanonicalType[http://hl7.org/fhir/StructureDefinition/Device|4.0.1], CanonicalType[http://hl7.org/fhir/StructureDefinition/Substance|4.0.1], CanonicalType[http://hl7.org/fhir/StructureDefinition/Location|4.0.1]]}
","Where the specimen came from. This may be from patient(s), from a location (e.g., the source of an environmental sample), or a sampling of a substance or a device","Berisi data subjek dari spesimen yang diambil dengan tipe data Reference, yang direferensikan ke data yang tersimpan di resource Patient | Group | Device | Substance | Location.","","Must know the subject context.","","","","","","","",,,,,"",,,,"Specimen.subject",0,1,"","ele-1:All FHIR elements must have a @value or children {hasValue() or (children().count() > id.count())}
",".scoper  or  .scoper.playsRole","FiveWs.subject[x]","FiveWs.subject"
"Specimen.receivedTime","Specimen.receivedTime","","","",0,1,"","","Y","dateTime {[]} {[]}
","The time when specimen was received for processing","Berisi data kapan spesimen diterima oleh laboratorium dengan tipe data dateTime, dengan format yang diperbolehkan YYYY, YYYY-MM, YYYY-MM-DD atau YYYY-MM-DDThh:mm:ss+zz:zz.","","","","","","","","","",,,,,"",,,,"Specimen.receivedTime",0,1,"","ele-1:All FHIR elements must have a @value or children {hasValue() or (children().count() > id.count())}
",".participation[typeCode=SBJ].act[code=SPCREC, moodCode=EVN].effectiveTime","FiveWs.done[x]","SPM-18"
"Specimen.parent","Specimen.parent","","","",0,*,"","","","Reference {[]} {[CanonicalType[http://hl7.org/fhir/StructureDefinition/Specimen|4.0.1]]}
","Specimen from which this specimen originated","Berisi data spesimen di mana spesimen ini berasal dengan tipe data Reference yang direferensikan ke data yang tersimpan di resource Specimen.","The parent specimen could be the source from which the current specimen is derived by some processing step (e.g. an aliquot or isolate or extracted nucleic acids from clinical samples) or one of many specimens that were combined to create a pooled sample.","","","","","","","","",,,,,"",,,,"Specimen.parent",0,*,"","ele-1:All FHIR elements must have a @value or children {hasValue() or (children().count() > id.count())}
",".scoper (if parent) .player.scopesRole[classCode=SPEC].player (if child)"
"Specimen.request","Specimen.request","","","",0,*,"","","","Reference {[]} {[CanonicalType[http://hl7.org/fhir/StructureDefinition/ServiceRequest|4.0.1]]}
","Why the specimen was collected","Berisi data permintaan yang mendasari diambilnya specimen dengan tipe data Reference, yang direferensikan ke data yang tersimpan di resource ServiceRequest.","The request may be explicit or implied such with a ServiceRequest that requires a blood draw.","","","","","","","","",,,,,"",,,,"Specimen.request",0,*,"","ele-1:All FHIR elements must have a @value or children {hasValue() or (children().count() > id.count())}
","outboundRelationship[typeCode=FLFS].target","FiveWs.why[x]","ORC? OBR-2/3?"
"Specimen.collection","Specimen.collection","","","",0,1,"","","","BackboneElement {[]} {[]}
","Collection details","Berisi data mengenai detail pengambilan spesimen dengan tipe data BackboneElement.","","","","","","","","","",,,,,"",,,,"Specimen.collection",0,1,"","ele-1:All FHIR elements must have a @value or children {hasValue() or (children().count() > id.count())}
",".participation[typeCode=SBJ].act[classCode=SPECCOLLECT, moodCode=EVN]","SPM-14"
"Specimen.collection.id","Specimen.collection.id","","","",0,1,"","","","string {[]} {[]}
","Unique id for inter-element referencing","Unique id for the element within a resource (for internal references). This may be any string value that does not contain spaces.","","","","","","","","","",,,,,"",,,,"Element.id",0,1,"","","n/a"
"Specimen.collection.extension","Specimen.collection.extension","","","",0,*,"","","","Extension {[]} {[]}
","Extension","An Extension","","","","","","","","","",,,,,"","value:url}
","",,"open","Element.extension",0,*,"","ele-1:All FHIR elements must have a @value or children {hasValue() or (children().count() > id.count())}
ext-1:Must have either extensions or value[x], not both {extension.exists() != value.exists()}"
"Specimen.collection.extension:collectorOrganization","Specimen.collection.extension","collectorOrganization","","",0,1,"","","","Extension {[CanonicalType[https://fhir.kemkes.go.id/r4/StructureDefinition/CollectorOrganization]]} {[]}
","Collector Organization","Extension for organization that collected the specimen.","","","","","","","","","",,,,,"",,,,"Element.extension",0,*,"ele-1
","ele-1:All FHIR elements must have a @value or children {hasValue() or (children().count() > id.count())}
ext-1:Must have either extensions or value[x], not both {extension.exists() != value.exists()}"
"Specimen.collection.modifierExtension","Specimen.collection.modifierExtension","","extensions
user contentmodifiers","",0,*,"","Y","Y","Extension {[]} {[]}
","Extensions that cannot be ignored even if unrecognized","May be used to represent additional information that is not part of the basic definition of the element and that modifies the understanding of the element in which it is contained and/or the understanding of the containing element's descendants. Usually modifier elements provide negation or qualification. To make the use of extensions safe and manageable, there is a strict set of governance applied to the definition and use of extensions. Though any implementer can define an extension, there is a set of requirements that SHALL be met as part of the definition of the extension. Applications processing a resource are required to check for modifier extensions.

Modifier extensions SHALL NOT change the meaning of any elements on Resource or DomainResource (including cannot change the meaning of modifierExtension itself).","There can be no stigma associated with the use of extensions by any application, project, or standard - regardless of the institution or jurisdiction that uses or defines the extensions.  The use of extensions is what allows the FHIR specification to retain a core level of simplicity for everyone.","Modifier extensions allow for extensions that *cannot* be safely ignored to be clearly distinguished from the vast majority of extensions which can be safely ignored.  This promotes interoperability by eliminating the need for implementers to prohibit the presence of extensions. For further information, see the [definition of modifier extensions](http://hl7.org/fhir/R4/extensibility.html#modifierExtension).","","","","","","","",,,,,"",,,,"BackboneElement.modifierExtension",0,*,"","ele-1:All FHIR elements must have a @value or children {hasValue() or (children().count() > id.count())}
ext-1:Must have either extensions or value[x], not both {extension.exists() != value.exists()}","N/A"
"Specimen.collection.collector","Specimen.collection.collector","","","",0,1,"","","Y","Reference {[]} {[CanonicalType[http://hl7.org/fhir/StructureDefinition/Practitioner|4.0.1], CanonicalType[http://hl7.org/fhir/StructureDefinition/PractitionerRole|4.0.1]]}
","Who collected the specimen","Berisi data siapa yang mengambil spesimen dengan tipe data Reference, yang direferensikan ke data yang tersimpan di resource Practitioner | PractitionerRole.","","","","","","","","","",,,,,"",,,,"Specimen.collection.collector",0,1,"","ele-1:All FHIR elements must have a @value or children {hasValue() or (children().count() > id.count())}
",".participation[typeCode=PFM].role","FiveWs.actor","PRT"
"Specimen.collection.collected[x]","Specimen.collection.collected[x]","","","",0,1,"","","Y","dateTime {[]} {[]}
Period {[]} {[]}","Collection time","Berisi data waktu diambilnya spesimen.","","","","","","","","","",,,,,"",,,,"Specimen.collection.collected[x]",0,1,"","ele-1:All FHIR elements must have a @value or children {hasValue() or (children().count() > id.count())}
",".effectiveTime","FiveWs.init","SPM-17"
"Specimen.collection.duration","Specimen.collection.duration","","","",0,1,"","","Y","Duration {[]} {[]}
","How long it took to collect specimen","Berisi data berapa lama durasi pengambilan spesimen dengan tipe data Duration.","","","","","","","","","",,,,,"",,,,"Specimen.collection.duration",0,1,"","ele-1:All FHIR elements must have a @value or children {hasValue() or (children().count() > id.count())}
","FiveWs.init"
"Specimen.collection.quantity","Specimen.collection.quantity","","","",0,1,"","","","Quantity {[CanonicalType[http://hl7.org/fhir/StructureDefinition/SimpleQuantity|4.0.1]]} {[]}
","The quantity of specimen collected","Berisi data berapa banyak jumlah spesimen yang diambil (misalnya volume darah) dengan tipe data SimpleQuantity.","","","","","","","","","",,,,,"",,,,"Specimen.collection.quantity",0,1,"","ele-1:All FHIR elements must have a @value or children {hasValue() or (children().count() > id.count())}
",".participation[typeCode=SBJ].role[classCode=SPEC].player.quantity","SPM-12"
"Specimen.collection.method","Specimen.collection.method","","","",0,1,"","","","CodeableConcept {[]} {[]}
","Technique used to perform collection","Berisi data kode yang menspesifikan teknik pengambilan spesimen dengan tipe data CodeableConcept, yang nilainya mengacu pada data kode SNOMED-CT yang tersedia dalam Global Patient Set dari SNOMED Internasional.","","","","","","","","","",,"example","The  technique that is used to perform the procedure.","http://hl7.org/fhir/ValueSet/specimen-collection-method|4.0.1","",,,,"Specimen.collection.method",0,1,"","ele-1:All FHIR elements must have a @value or children {hasValue() or (children().count() > id.count())}
",".methodCode","SPM-7"
"Specimen.collection.bodySite","Specimen.collection.bodySite","","","",0,1,"","","","CodeableConcept {[]} {[]}
","Anatomical collection site","Berisi data lokasi pengambilan sampel dengan tipe data CodeableConcept, yang nilainya mengacu pada data lokasi tubuh SNOMED-CT.","If the use case requires  BodySite to be handled as a separate resource instead of an inline coded element (e.g. to identify and track separately)  then use the standard extension [bodySite](http://hl7.org/fhir/R4/extension-bodysite.html).","","","","","","","","",,"example","Codes describing anatomical locations. May include laterality.","http://hl7.org/fhir/ValueSet/body-site|4.0.1","",,,,"Specimen.collection.bodySite",0,1,"","ele-1:All FHIR elements must have a @value or children {hasValue() or (children().count() > id.count())}
",".targetSiteCode","SPM-8 and SPM-9"
"Specimen.collection.fastingStatus[x]","Specimen.collection.fastingStatus[x]","","","",0,1,"","","Y","CodeableConcept {[]} {[]}
Duration {[]} {[]}","Whether or how long patient abstained from food and/or drink","Berisi data durasi puasa makan/minum/keduanya sebelum pengambilan sampel.","Representing fasting status using this element is preferred to representing it with an observation using a 'pre-coordinated code'  such as  LOINC 2005-7 (Calcium [Moles/​time] in 2 hour Urine --12 hours fasting), or  using  a component observation ` such as `Observation.component code`  = LOINC 49541-6 (Fasting status - Reported).","Many diagnostic tests require fasting  to facilitate accurate interpretation.","","","","","","","",,"extensible","Codes describing the fasting status of the patient.","http://terminology.hl7.org/ValueSet/v2-0916","",,,,"Specimen.collection.fastingStatus[x]",0,1,"","ele-1:All FHIR elements must have a @value or children {hasValue() or (children().count() > id.count())}
","OBR-"
"Specimen.processing","Specimen.processing","","","",0,*,"","","","BackboneElement {[]} {[]}
","Processing and processing step details","Berisi data metode atau langkah pemrosesan spesimen dengan tipe data BackboneElement.","","","","","","","","","",,,,,"",,,,"Specimen.processing",0,*,"","ele-1:All FHIR elements must have a @value or children {hasValue() or (children().count() > id.count())}
",".participation[typeCode=SBJ].act[code=SPCTRT, moodCode=EVN]"
"Specimen.processing.id","Specimen.processing.id","","","",0,1,"","","","string {[]} {[]}
","Unique id for inter-element referencing","Unique id for the element within a resource (for internal references). This may be any string value that does not contain spaces.","","","","","","","","","",,,,,"",,,,"Element.id",0,1,"","","n/a"
"Specimen.processing.extension","Specimen.processing.extension","","extensions
user content","",0,*,"","","","Extension {[]} {[]}
","Additional content defined by implementations","May be used to represent additional information that is not part of the basic definition of the element. To make the use of extensions safe and manageable, there is a strict set of governance  applied to the definition and use of extensions. Though any implementer can define an extension, there is a set of requirements that SHALL be met as part of the definition of the extension.","There can be no stigma associated with the use of extensions by any application, project, or standard - regardless of the institution or jurisdiction that uses or defines the extensions.  The use of extensions is what allows the FHIR specification to retain a core level of simplicity for everyone.","","","","","","","","",,,,,"",,,,"Element.extension",0,*,"","ele-1:All FHIR elements must have a @value or children {hasValue() or (children().count() > id.count())}
ext-1:Must have either extensions or value[x], not both {extension.exists() != value.exists()}","n/a"
"Specimen.processing.modifierExtension","Specimen.processing.modifierExtension","","extensions
user contentmodifiers","",0,*,"","Y","Y","Extension {[]} {[]}
","Extensions that cannot be ignored even if unrecognized","May be used to represent additional information that is not part of the basic definition of the element and that modifies the understanding of the element in which it is contained and/or the understanding of the containing element's descendants. Usually modifier elements provide negation or qualification. To make the use of extensions safe and manageable, there is a strict set of governance applied to the definition and use of extensions. Though any implementer can define an extension, there is a set of requirements that SHALL be met as part of the definition of the extension. Applications processing a resource are required to check for modifier extensions.

Modifier extensions SHALL NOT change the meaning of any elements on Resource or DomainResource (including cannot change the meaning of modifierExtension itself).","There can be no stigma associated with the use of extensions by any application, project, or standard - regardless of the institution or jurisdiction that uses or defines the extensions.  The use of extensions is what allows the FHIR specification to retain a core level of simplicity for everyone.","Modifier extensions allow for extensions that *cannot* be safely ignored to be clearly distinguished from the vast majority of extensions which can be safely ignored.  This promotes interoperability by eliminating the need for implementers to prohibit the presence of extensions. For further information, see the [definition of modifier extensions](http://hl7.org/fhir/R4/extensibility.html#modifierExtension).","","","","","","","",,,,,"",,,,"BackboneElement.modifierExtension",0,*,"","ele-1:All FHIR elements must have a @value or children {hasValue() or (children().count() > id.count())}
ext-1:Must have either extensions or value[x], not both {extension.exists() != value.exists()}","N/A"
"Specimen.processing.description","Specimen.processing.description","","","",0,1,"","","","string {[]} {[]}
","Textual description of procedure","Berisi data deskripsi naratif dari prosedur dengan tipe data string.","","","","","","","","","",,,,,"",,,,"Specimen.processing.description",0,1,"","ele-1:All FHIR elements must have a @value or children {hasValue() or (children().count() > id.count())}
",".text"
"Specimen.processing.procedure","Specimen.processing.procedure","","","",0,1,"","","","CodeableConcept {[]} {[]}
","Indicates the treatment step  applied to the specimen","Berisi data metode prosesing kode yang digunakan untuk memproses spesimen dengan tipe data CodeableConcept.","","","","","","","","","",,"example","Type indicating the technique used to process the specimen.","http://hl7.org/fhir/ValueSet/specimen-processing-procedure|4.0.1","",,,,"Specimen.processing.procedure",0,1,"","ele-1:All FHIR elements must have a @value or children {hasValue() or (children().count() > id.count())}
",".code"
"Specimen.processing.additive","Specimen.processing.additive","","","",0,*,"","","","Reference {[]} {[CanonicalType[http://hl7.org/fhir/StructureDefinition/Substance|4.0.1]]}
","Material used in the processing step","Berisi data material aditif yang diberikan selama pemrosesan spesimen dengan tipe data Reference, yang direferensikan ke data yang tersimpan di resource Substance.","","","","","","","","","",,,,,"",,,,"Specimen.processing.additive",0,*,"","ele-1:All FHIR elements must have a @value or children {hasValue() or (children().count() > id.count())}
",".participation[typeCode=CSM].role[classCode=ADTV].code","SPM-6"
"Specimen.processing.time[x]","Specimen.processing.time[x]","","","",0,1,"","","","dateTime {[]} {[]}
Period {[]} {[]}","Date and time of specimen processing","Berisi data waktu pemrosesan spesimen.","","","","","","","","","",,,,,"",,,,"Specimen.processing.time[x]",0,1,"","ele-1:All FHIR elements must have a @value or children {hasValue() or (children().count() > id.count())}
",".effectiveTime"
"Specimen.container","Specimen.container","","","",0,*,"","","","BackboneElement {[]} {[]}
","Direct container of specimen (tube/slide, etc.)","Berisi data kontainer/wadah penampungan spesimen dengan tipe data BackboneElement.","","","","","","","","","",,,,,"",,,,"Specimen.container",0,*,"","ele-1:All FHIR elements must have a @value or children {hasValue() or (children().count() > id.count())}
",".player.scopingRole[classCode=CONT].scoper"
"Specimen.container.id","Specimen.container.id","","","",0,1,"","","","string {[]} {[]}
","Unique id for inter-element referencing","Unique id for the element within a resource (for internal references). This may be any string value that does not contain spaces.","","","","","","","","","",,,,,"",,,,"Element.id",0,1,"","","n/a"
"Specimen.container.extension","Specimen.container.extension","","extensions
user content","",0,*,"","","","Extension {[]} {[]}
","Additional content defined by implementations","May be used to represent additional information that is not part of the basic definition of the element. To make the use of extensions safe and manageable, there is a strict set of governance  applied to the definition and use of extensions. Though any implementer can define an extension, there is a set of requirements that SHALL be met as part of the definition of the extension.","There can be no stigma associated with the use of extensions by any application, project, or standard - regardless of the institution or jurisdiction that uses or defines the extensions.  The use of extensions is what allows the FHIR specification to retain a core level of simplicity for everyone.","","","","","","","","",,,,,"",,,,"Element.extension",0,*,"","ele-1:All FHIR elements must have a @value or children {hasValue() or (children().count() > id.count())}
ext-1:Must have either extensions or value[x], not both {extension.exists() != value.exists()}","n/a"
"Specimen.container.modifierExtension","Specimen.container.modifierExtension","","extensions
user contentmodifiers","",0,*,"","Y","Y","Extension {[]} {[]}
","Extensions that cannot be ignored even if unrecognized","May be used to represent additional information that is not part of the basic definition of the element and that modifies the understanding of the element in which it is contained and/or the understanding of the containing element's descendants. Usually modifier elements provide negation or qualification. To make the use of extensions safe and manageable, there is a strict set of governance applied to the definition and use of extensions. Though any implementer can define an extension, there is a set of requirements that SHALL be met as part of the definition of the extension. Applications processing a resource are required to check for modifier extensions.

Modifier extensions SHALL NOT change the meaning of any elements on Resource or DomainResource (including cannot change the meaning of modifierExtension itself).","There can be no stigma associated with the use of extensions by any application, project, or standard - regardless of the institution or jurisdiction that uses or defines the extensions.  The use of extensions is what allows the FHIR specification to retain a core level of simplicity for everyone.","Modifier extensions allow for extensions that *cannot* be safely ignored to be clearly distinguished from the vast majority of extensions which can be safely ignored.  This promotes interoperability by eliminating the need for implementers to prohibit the presence of extensions. For further information, see the [definition of modifier extensions](http://hl7.org/fhir/R4/extensibility.html#modifierExtension).","","","","","","","",,,,,"",,,,"BackboneElement.modifierExtension",0,*,"","ele-1:All FHIR elements must have a @value or children {hasValue() or (children().count() > id.count())}
ext-1:Must have either extensions or value[x], not both {extension.exists() != value.exists()}","N/A"
"Specimen.container.identifier","Specimen.container.identifier","","","",0,*,"","","Y","Identifier {[]} {[]}
","Id for the container","Berisi data id Kontainer yang bisa mencakup barcode atau label dari laboratorium dengan tipe data Identifier.","","","","","","","","","",,,,,"",,,,"Specimen.container.identifier",0,*,"","ele-1:All FHIR elements must have a @value or children {hasValue() or (children().count() > id.count())}
",".id","SAC-3"
"Specimen.container.description","Specimen.container.description","","","",0,1,"","","","string {[]} {[]}
","Textual description of the container","Berisi data deskripsi naratif dari kontainer/wadah dengan tipe data string.","","","","","","","","","",,,,,"",,,,"Specimen.container.description",0,1,"","ele-1:All FHIR elements must have a @value or children {hasValue() or (children().count() > id.count())}
",".desc"
"Specimen.container.type","Specimen.container.type","","","",0,1,"","","","CodeableConcept {[]} {[]}
","Kind of container directly associated with specimen","Berisi data tipe kontainer dari spesimen (slide, aliquot, dll) dengan tipe data CodeableConcept.","","","","","","","","","",,"example","Type of specimen container.","http://hl7.org/fhir/ValueSet/specimen-container-type|4.0.1","",,,,"Specimen.container.type",0,1,"","ele-1:All FHIR elements must have a @value or children {hasValue() or (children().count() > id.count())}
",".code","SPM-27"
"Specimen.container.capacity","Specimen.container.capacity","","","",0,1,"","","","Quantity {[CanonicalType[http://hl7.org/fhir/StructureDefinition/SimpleQuantity|4.0.1]]} {[]}
","Container volume or size","Berisi data kapasitas (volume atau ukuran lainnya) dari kontainer dengan tipe data SimpleQuantity.","","","","","","","","","",,,,,"",,,,"Specimen.container.capacity",0,1,"","ele-1:All FHIR elements must have a @value or children {hasValue() or (children().count() > id.count())}
",".quantity","one of: SAC 16, SAC17 and SAC 20, or SAC 21 and SAC 20"
"Specimen.container.specimenQuantity","Specimen.container.specimenQuantity","","","",0,1,"","","","Quantity {[CanonicalType[http://hl7.org/fhir/StructureDefinition/SimpleQuantity|4.0.1]]} {[]}
","Quantity of specimen within container","Berisi data jumlah spesimen di dalam kontainer (volume, dimensi, lainnya) dengan tipe data SimpleQuantity.","","","","","","","","","",,,,,"",,,,"Specimen.container.specimenQuantity",0,1,"","ele-1:All FHIR elements must have a @value or children {hasValue() or (children().count() > id.count())}
",".playedRole[classCode=CONT].quantity","SAC-23 (value) SAC-24 (units"
"Specimen.container.additive[x]","Specimen.container.additive[x]","","","",0,1,"","","","CodeableConcept {[]} {[]}
Reference {[]} {[CanonicalType[http://hl7.org/fhir/StructureDefinition/Substance|4.0.1]]}","Additive associated with container","Berisi data zat yang digunakan untuk mengawetkan, menjaga kualitas, atau meningkatkan kualitas spesimen.","","","","","","","","","",,"example","Substance added to specimen container.","http://terminology.hl7.org/ValueSet/v2-0371","",,,,"Specimen.container.additive[x]",0,1,"","ele-1:All FHIR elements must have a @value or children {hasValue() or (children().count() > id.count())}
",".scopesRole[classCode=ADTV].player","SAC-27"
"Specimen.condition","Specimen.condition","","","",0,*,"","","Y","CodeableConcept {[]} {[]}
","State of the specimen","Berisi data yang menjelaskan kondisi spesimen dengan tipe data CodeableConcept.","Specimen condition is an observation made about the specimen.  It's a point-in-time assessment.  It can be used to assess its quality or appropriateness for a specific test.","The specimen condition can be used to assess its quality or appropriateness for a specific test.","","","","","","","",,"extensible","Codes describing the state of the specimen.","http://terminology.hl7.org/ValueSet/v2-0493","",,,,"Specimen.condition",0,*,"","ele-1:All FHIR elements must have a @value or children {hasValue() or (children().count() > id.count())}
","SPM-24"
"Specimen.note","Specimen.note","","","",0,*,"","","","Annotation {[]} {[]}
","Comments","Berisi data keterangan tambahan spesimen dengan tipe data Annotation.","","","","","","","","","",,,,,"",,,,"Specimen.note",0,*,"","ele-1:All FHIR elements must have a @value or children {hasValue() or (children().count() > id.count())}
",".inboundRelationship[typeCode=SUBJ].source[classCode=OBS, moodCode=EVN, code=""annotation""].value","OBX"
