<?xml version="1.0" encoding="UTF-8"?>

<Observation xmlns="http://hl7.org/fhir">
  <id value="Dengue-Gene-Variant"/>
  <meta>
    <profile value="https://fhir.gsilab.id//StructureDefinition/variant"/>
    <profile value="http://hl7.org/fhir/uv/genomics-reporting/StructureDefinition/variant"/>
    <tag>
      <system value="http://terminology.kemkes.go.id/sp"/>
      <code value="genomics"/>
      <display value="Genomics"/>
    </tag>
  </meta>
  <text>
    <status value="generated"/><div xmlns="http://www.w3.org/1999/xhtml"><p class="res-header-id"><b>Generated Narrative: Observation Dengue-Gene-Variant</b></p><a name="Dengue-Gene-Variant"> </a><a name="hcDengue-Gene-Variant"> </a><div style="display: inline-block; background-color: #d9e0e7; padding: 6px; margin: 4px; border: 1px solid #8da1b4; border-radius: 5px; line-height: 60%"><p style="margin-bottom: 0px"/><p style="margin-bottom: 0px">Profiles: <a href="StructureDefinition-variant.html">Variant</a>, <a href="https://simplifier.net/resolve?scope=hl7.fhir.r4.id.core@0.1.0&amp;canonical=http://hl7.org/fhir/uv/genomics-reporting/StructureDefinition/variant">http://hl7.org/fhir/uv/genomics-reporting/StructureDefinition/variant</a></p><p style="margin-bottom: 0px">Tag: Genomics (Details: Kemkes Observation Category Codes code genomics = 'Genomics')</p></div><p><b>status</b>: Final</p><p><b>category</b>: <span title="Codes:{http://terminology.hl7.org/CodeSystem/observation-category laboratory}">Laboratory</span>, <span title="Codes:{http://terminology.hl7.org/CodeSystem/v2-0074 GE}">Genetics</span></p><p><b>code</b>: <span title="Codes:{http://loinc.org 69548-6}">Genetic variant assessment</span></p><p><b>value</b>: <span title="Codes:{http://loinc.org LA9633-4}">Present</span></p><blockquote><p><b>component</b></p><p><b>code</b>: <span title="Codes:{http://loinc.org 81290-9}">Genomic DNA change (gHGVS)</span></p><p><b>value</b>: <span title="Codes:{https://varnomen.hgvs.org NC_001475.2:g.198A&gt;G}">NC_001475.2:g.198A&gt;G</span></p></blockquote><blockquote><p><b>component</b></p><p><b>code</b>: <span title="Codes:{http://www.ncbi.nlm.nih.gov/refseq NC_000962.3}">NC_000962.3</span></p><p><b>value</b>: <span title="Codes:{http://www.ncbi.nlm.nih.gov/refseq NC_001475.2}">Dengue virus 3, complete genome</span></p></blockquote><blockquote><p><b>component</b></p><p><b>code</b>: <span title="Codes:{http://loinc.org 82121-5}">Allelic read depth</span></p><p><b>value</b>: 300 reads per base pair<span style="background: LightGoldenRodYellow"> (Details: UCUM  code[1] = '[1]')</span></p></blockquote><blockquote><p><b>component</b></p><p><b>code</b>: <span title="Codes:{http://loinc.org 81254-5}">Variant exact start-end</span></p><p><b>value</b>: 4013-?</p></blockquote></div>
  </text>
  <status value="final"/>
  <category>
    <coding>
      <system value="http://terminology.hl7.org/CodeSystem/observation-category"/>
      <code value="laboratory"/>
      <display value="Laboratory"/>
    </coding>
  </category>
  <category>
    <coding>
      <system value="http://terminology.hl7.org/CodeSystem/v2-0074"/>
      <code value="GE"/>
      <display value="Genetics"/>
    </coding>
  </category>
  <code>
    <coding>
      <system value="http://loinc.org"/>
      <code value="69548-6"/>
      <display value="Genetic variant assessment"/>
    </coding>
  </code>
  <valueCodeableConcept>
    <coding>
      <system value="http://loinc.org"/>
      <code value="LA9633-4"/>
      <display value="Present"/>
    </coding>
    <text value="Present"/>
  </valueCodeableConcept>
  <component>
    <code>
      <coding>
        <system value="http://loinc.org"/>
        <code value="81290-9"/>
        <display value="Genomic DNA change (gHGVS)"/>
      </coding>
    </code>
    <valueCodeableConcept>
      <coding>
        <system value="https://varnomen.hgvs.org"/>
        <code value="NC_001475.2:g.198A&gt;G"/>
        <display value="NC_001475.2:g.198A&gt;G"/>
      </coding>
    </valueCodeableConcept>
  </component>
  <component>
    <code>
      <coding>
        <system value="http://www.ncbi.nlm.nih.gov/refseq"/>
        <code value="NC_000962.3"/>
      </coding>
    </code>
    <valueCodeableConcept>
      <coding>
        <system value="http://www.ncbi.nlm.nih.gov/refseq"/>
        <code value="NC_001475.2"/>
        <display value="Dengue virus 3, complete genome"/>
      </coding>
    </valueCodeableConcept>
  </component>
  <component>
    <code>
      <coding>
        <system value="http://loinc.org"/>
        <code value="82121-5"/>
        <display value="Allelic read depth"/>
      </coding>
    </code>
    <valueQuantity>
      <value value="300"/>
      <unit value="reads per base pair"/>
      <system value="http://unitsofmeasure.org"/>
      <code value="[1]"/>
    </valueQuantity>
  </component>
  <component>
    <code>
      <coding>
        <system value="http://loinc.org"/>
        <code value="81254-5"/>
        <display value="Variant exact start-end"/>
      </coding>
    </code>
    <valueRange>
      <low>
        <value value="4013"/>
      </low>
    </valueRange>
  </component>
</Observation>