<?xml version="1.0" encoding="UTF-8"?>

<Observation xmlns="http://hl7.org/fhir">
  <id value="TB-Drug-Panel"/>
  <meta>
    <profile value="http://hl7.org/fhir/StructureDefinition/Observation"/>
  </meta>
  <text>
    <status value="generated"/><div xmlns="http://www.w3.org/1999/xhtml">Mycobacterial susceptibility panel for ERR2706911</div>
  </text>
  <status value="final"/>
  <category>
    <coding>
      <system value="http://terminology.hl7.org/CodeSystem/observation-category"/>
      <code value="laboratory"/>
      <display value="Laboratory"/>
    </coding>
  </category>
  <category>
    <coding>
      <system value="http://terminology.hl7.org/CodeSystem/v2-0074"/>
      <code value="GE"/>
      <display value="Genetics"/>
    </coding>
  </category>
  <code>
    <coding>
      <system value="http://loinc.org"/>
      <code value="89486-5"/>
      <display value="Mycobacterial susceptibility panel Qualitative by Genotype method"/>
    </coding>
  </code>
  <component>
    <code>
      <coding>
        <system value="http://loinc.org"/>
        <code value="89489-9"/>
        <display value="rifAMPin [Susceptibility] by Genotype method"/>
      </coding>
    </code>
    <valueCodeableConcept>
      <coding>
        <system value="http://loinc.org"/>
        <code value="LA24225-7"/>
        <display value="Susceptible"/>
      </coding>
    </valueCodeableConcept>
  </component>
  <component>
    <code>
      <coding>
        <system value="http://loinc.org"/>
        <code value="89488-1"/>
        <display value="Isoniazid [Susceptibility] by Genotype method"/>
      </coding>
    </code>
    <valueCodeableConcept>
      <coding>
        <system value="http://loinc.org"/>
        <code value="LA6676-6"/>
        <display value="Resistant"/>
      </coding>
    </valueCodeableConcept>
  </component>
  <component>
    <code>
      <coding>
        <system value="http://loinc.org"/>
        <code value="89491-5"/>
        <display value="Ethambutol [Susceptibility] by Genotype method"/>
      </coding>
    </code>
    <valueCodeableConcept>
      <coding>
        <system value="http://loinc.org"/>
        <code value="LA24225-7"/>
        <display value="Susceptible"/>
      </coding>
    </valueCodeableConcept>
  </component>
  <component>
    <code>
      <coding>
        <system value="http://loinc.org"/>
        <code value="92242-7"/>
        <display value="Pyrazinamide [Susceptibility] by Genotype method"/>
      </coding>
    </code>
    <valueCodeableConcept>
      <coding>
        <system value="http://loinc.org"/>
        <code value="LA24225-7"/>
        <display value="Susceptible"/>
      </coding>
    </valueCodeableConcept>
  </component>
  <component>
    <code>
      <coding>
        <system value="http://loinc.org"/>
        <code value="96112-8"/>
        <display value="Moxifloxacin [Susceptibility] by Genotype method"/>
      </coding>
    </code>
    <valueCodeableConcept>
      <coding>
        <system value="http://loinc.org"/>
        <code value="LA24225-7"/>
        <display value="Susceptible"/>
      </coding>
    </valueCodeableConcept>
  </component>
  <component>
    <code>
      <coding>
        <system value="http://loinc.org"/>
        <code value="20629-2"/>
        <display value="levoFLOXacin [Susceptibility]"/>
      </coding>
    </code>
    <valueCodeableConcept>
      <coding>
        <system value="http://loinc.org"/>
        <code value="LA24225-7"/>
        <display value="Susceptible"/>
      </coding>
    </valueCodeableConcept>
  </component>
  <component>
    <code>
      <coding>
        <system value="http://loinc.org"/>
        <code value="96107-8"/>
        <display value="Bedaquiline [Susceptibility] by Genotype method"/>
      </coding>
    </code>
    <valueCodeableConcept>
      <coding>
        <system value="http://loinc.org"/>
        <code value="LA24225-7"/>
        <display value="Susceptible"/>
      </coding>
    </valueCodeableConcept>
  </component>
  <component>
    <code>
      <coding>
        <system value="http://loinc.org"/>
        <code value="96109-4"/>
        <display value="Delamanid [Susceptibility] by Genotype method"/>
      </coding>
    </code>
    <valueCodeableConcept>
      <coding>
        <system value="http://loinc.org"/>
        <code value="LA24225-7"/>
        <display value="Susceptible"/>
      </coding>
    </valueCodeableConcept>
  </component>
  <component>
    <code>
      <coding>
        <system value="http://loinc.org"/>
        <code value="93850-6"/>
        <display value="Pretomanid [Susceptibility]"/>
      </coding>
    </code>
    <valueCodeableConcept>
      <coding>
        <system value="http://loinc.org"/>
        <code value="LA24225-7"/>
        <display value="Susceptible"/>
      </coding>
    </valueCodeableConcept>
  </component>
  <component>
    <code>
      <coding>
        <system value="http://loinc.org"/>
        <code value="96114-4"/>
        <display value="Streptomycin [Susceptibility] by Genotype method"/>
      </coding>
    </code>
    <valueCodeableConcept>
      <coding>
        <system value="http://loinc.org"/>
        <code value="LA24225-7"/>
        <display value="Susceptible"/>
      </coding>
    </valueCodeableConcept>
  </component>
  <component>
    <code>
      <coding>
        <system value="http://loinc.org"/>
        <code value="89484-0"/>
        <display value="Amikacin [Susceptibility] by Genotype method"/>
      </coding>
    </code>
    <valueCodeableConcept>
      <coding>
        <system value="http://loinc.org"/>
        <code value="LA24225-7"/>
        <display value="Susceptible"/>
      </coding>
    </valueCodeableConcept>
  </component>
  <component>
    <code>
      <coding>
        <system value="http://loinc.org"/>
        <code value="89482-4"/>
        <display value="Kanamycin [Susceptibility] by Genotype method"/>
      </coding>
    </code>
    <valueCodeableConcept>
      <coding>
        <system value="http://loinc.org"/>
        <code value="LA24225-7"/>
        <display value="Susceptible"/>
      </coding>
    </valueCodeableConcept>
  </component>
  <component>
    <code>
      <coding>
        <system value="http://loinc.org"/>
        <code value="89483-2"/>
        <display value="Capreomycin [Susceptibility] by Genotype method"/>
      </coding>
    </code>
    <valueCodeableConcept>
      <coding>
        <system value="http://loinc.org"/>
        <code value="LA24225-7"/>
        <display value="Susceptible"/>
      </coding>
    </valueCodeableConcept>
  </component>
  <component>
    <code>
      <coding>
        <system value="http://loinc.org"/>
        <code value="96108-6"/>
        <display value="Clofazimine [Susceptibility] by Genotype method"/>
      </coding>
    </code>
    <valueCodeableConcept>
      <coding>
        <system value="http://loinc.org"/>
        <code value="LA24225-7"/>
        <display value="Susceptible"/>
      </coding>
    </valueCodeableConcept>
  </component>
  <component>
    <code>
      <coding>
        <system value="http://loinc.org"/>
        <code value="96110-2"/>
        <display value="Ethionamide [Susceptibility] by Genotype method"/>
      </coding>
    </code>
    <valueCodeableConcept>
      <coding>
        <system value="http://loinc.org"/>
        <code value="LA24225-7"/>
        <display value="Susceptible"/>
      </coding>
    </valueCodeableConcept>
  </component>
  <component>
    <code>
      <coding>
        <system value="http://loinc.org"/>
        <code value="96111-0"/>
        <display value="Linezolid [Susceptibility] by Genotype method"/>
      </coding>
    </code>
    <valueCodeableConcept>
      <coding>
        <system value="http://loinc.org"/>
        <code value="LA24225-7"/>
        <display value="Susceptible"/>
      </coding>
    </valueCodeableConcept>
  </component>
  <component>
    <code>
      <coding>
        <system value="http://loinc.org"/>
        <code value="103959-3"/>
        <display value="cycloSERINE [Susceptibility] by Genotype method"/>
      </coding>
    </code>
    <valueCodeableConcept>
      <coding>
        <system value="http://loinc.org"/>
        <code value="LA24225-7"/>
        <display value="Susceptible"/>
      </coding>
    </valueCodeableConcept>
  </component>
</Observation>