{"resourceType":"CodeSystem","id":"tbd-codes-cs","text":{"status":"generated","div":"<div xmlns=\"http://www.w3.org/1999/xhtml\"><p class=\"res-header-id\"><b>Generated Narrative: CodeSystem tbd-codes-cs</b></p><a name=\"tbd-codes-cs\"> </a><a name=\"hctbd-codes-cs\"> </a><p>This case-sensitive code system <code>http://hl7.org/fhir/uv/genomics-reporting/CodeSystem/tbd-codes-cs</code> defines the following codes:</p><table class=\"codes\"><tr><td style=\"white-space:nowrap\"><b>Code</b></td><td><b>Display</b></td><td><b>Definition</b></td></tr><tr><td style=\"white-space:nowrap\">GE<a name=\"tbd-codes-cs-GE\"> </a></td><td>Genetics</td><td>Genetics</td></tr><tr><td style=\"white-space:nowrap\">associated-therapy<a name=\"tbd-codes-cs-associated-therapy\"> </a></td><td>Associated Therapy</td><td>The non-medication therapy (procedure) associated with this implication.</td></tr><tr><td style=\"white-space:nowrap\">molecular-consequence<a name=\"tbd-codes-cs-molecular-consequence\"> </a></td><td>Molecular Consequence</td><td>The calculated or observed effect of a DNA variant on its downstream transcript and, if applicable, ensuing protein sequence.</td></tr><tr><td style=\"white-space:nowrap\">feature-consequence<a name=\"tbd-codes-cs-feature-consequence\"> </a></td><td>Feature Consequence</td><td>The structural implications of a variant (e.g. the variant disrupts a regulatory region, the variant is an inframe insertion).</td></tr><tr><td style=\"white-space:nowrap\">diagnostic-implication<a name=\"tbd-codes-cs-diagnostic-implication\"> </a></td><td>Diagnostic Implication</td><td>An observation linking a genomic finding with a knowledge base, providing context that may aid in diagnosing a patient with a particular phenotype or condition.</td></tr><tr><td style=\"white-space:nowrap\">therapeutic-implication<a name=\"tbd-codes-cs-therapeutic-implication\"> </a></td><td>Therapeutic Implication</td><td>An observation linking a genomic finding with a knowledge base, providing potential evidence of an interaction with a specified medication or non-medicinal therapy. Ramifications may include alterations in drug metabolism (or pharmacokinetics) that determine the concentration of the drug, prodrug, and/or break-down products over time; alterations in drug efficacy (or pharmacodynamics) that determine how effective a drug is at a given concentration; alterations that alter the risk of adverse drug events, or other types of implications that indicate altered responsiveness to other types of therapies.</td></tr><tr><td style=\"white-space:nowrap\">genomic-annotation<a name=\"tbd-codes-cs-genomic-annotation\"> </a></td><td>Genomic Annotation</td><td>Profile for communicating the genome annotation derived from a genomic finding. Annotations are obtained from different databases (Clinvar,gnomad3,thousandgenomes etc.). NOTE: The bound Annotation Module value set is extensible. New annotation programs are being developed and old programs are being upodated/revised, meaning some annotation modules are outside the value set.</td></tr><tr><td style=\"white-space:nowrap\">functional-effect<a name=\"tbd-codes-cs-functional-effect\"> </a></td><td>Functional Effect</td><td>The effect of a variant on downstream biological products or pathways (from Sequence Ontology).</td></tr><tr><td style=\"white-space:nowrap\">conclusion-string<a name=\"tbd-codes-cs-conclusion-string\"> </a></td><td>Conclusion Text</td><td>Clinical conclusion (interpretation) of the observation.</td></tr><tr><td style=\"white-space:nowrap\">condition-inheritance<a name=\"tbd-codes-cs-condition-inheritance\"> </a></td><td>Condition Inheritance</td><td>The transmission pattern of the condition/phenotype in a pedigree.</td></tr><tr><td style=\"white-space:nowrap\">variant-confidence-status<a name=\"tbd-codes-cs-variant-confidence-status\"> </a></td><td>Variant Confidence Status</td><td>The confidence of a true positive variant call.</td></tr><tr><td style=\"white-space:nowrap\">repeat-motif<a name=\"tbd-codes-cs-repeat-motif\"> </a></td><td>Repeat Expansion Motif</td><td>Nucleotides of a repeat expansion motif.</td></tr><tr><td style=\"white-space:nowrap\">repeat-number<a name=\"tbd-codes-cs-repeat-number\"> </a></td><td>Number of Repeat Expansions</td><td>Number of repeats of a repeat expansion.</td></tr><tr><td style=\"white-space:nowrap\">biomarker-category<a name=\"tbd-codes-cs-biomarker-category\"> </a></td><td>A characterization of a given biomarker observation.</td><td/></tr><tr><td style=\"white-space:nowrap\">protein-ref-seq<a name=\"tbd-codes-cs-protein-ref-seq\"> </a></td><td>An identifier for the protein reference sequence.</td><td/></tr><tr><td style=\"white-space:nowrap\">conservation-score<a name=\"tbd-codes-cs-conservation-score\"> </a></td><td>Conservation Score</td><td>The conservation score calculated</td></tr><tr><td style=\"white-space:nowrap\">annotation-pipeline<a name=\"tbd-codes-cs-annotation-pipeline\"> </a></td><td>Annotation Pipeline</td><td>The name of the data pipeline that processed the genomic data file</td></tr><tr><td style=\"white-space:nowrap\">knowledge-base<a name=\"tbd-codes-cs-knowledge-base\"> </a></td><td>Knowledge Base</td><td>The database from which the annotation is derived</td></tr></table></div>"},"url":"http://hl7.org/fhir/uv/genomics-reporting/CodeSystem/tbd-codes-cs","version":"0.1.0","name":"TbdCodesCS","title":"To Be Determined Codes","status":"draft","experimental":true,"date":"2026-02-05T14:03:15+07:00","publisher":"Diana Wijayanti","contact":[{"name":"Diana Wijayanti","telecom":[{"system":"url","value":"https://github.com/hi-dinanti"}]}],"description":"To Be Determined codes from Genomics Reporting","caseSensitive":true,"content":"complete","count":18,"concept":[{"code":"GE","display":"Genetics","definition":"Genetics","designation":[{"use":{"system":"http://terminology.hl7.org/CodeSystem/hl7TermMaintInfra","code":"preferredForLanguage"},"value":"Genetics"}]},{"code":"associated-therapy","display":"Associated Therapy","definition":"The non-medication therapy (procedure) associated with this implication.","designation":[{"use":{"system":"http://terminology.hl7.org/CodeSystem/hl7TermMaintInfra","code":"preferredForLanguage"},"value":"Associated Therapy"}]},{"code":"molecular-consequence","display":"Molecular Consequence","definition":"The calculated or observed effect of a DNA variant on its downstream transcript and, if applicable, ensuing protein sequence.","designation":[{"use":{"system":"http://terminology.hl7.org/CodeSystem/hl7TermMaintInfra","code":"preferredForLanguage"},"value":"Molecular Consequence"}]},{"code":"feature-consequence","display":"Feature Consequence","definition":"The structural implications of a variant (e.g. the variant disrupts a regulatory region, the variant is an inframe insertion).","designation":[{"use":{"system":"http://terminology.hl7.org/CodeSystem/hl7TermMaintInfra","code":"preferredForLanguage"},"value":"Feature Consequence"}]},{"code":"diagnostic-implication","display":"Diagnostic Implication","definition":"An observation linking a genomic finding with a knowledge base, providing context that may aid in diagnosing a patient with a particular phenotype or condition.","designation":[{"use":{"system":"http://terminology.hl7.org/CodeSystem/hl7TermMaintInfra","code":"preferredForLanguage"},"value":"Diagnostic Implication"}]},{"code":"therapeutic-implication","display":"Therapeutic Implication","definition":"An observation linking a genomic finding with a knowledge base, providing potential evidence of an interaction with a specified medication or non-medicinal therapy. Ramifications may include alterations in drug metabolism (or pharmacokinetics) that determine the concentration of the drug, prodrug, and/or break-down products over time; alterations in drug efficacy (or pharmacodynamics) that determine how effective a drug is at a given concentration; alterations that alter the risk of adverse drug events, or other types of implications that indicate altered responsiveness to other types of therapies.","designation":[{"use":{"system":"http://terminology.hl7.org/CodeSystem/hl7TermMaintInfra","code":"preferredForLanguage"},"value":"Therapeutic Implication"}]},{"code":"genomic-annotation","display":"Genomic Annotation","definition":"Profile for communicating the genome annotation derived from a genomic finding. Annotations are obtained from different databases (Clinvar,gnomad3,thousandgenomes etc.). NOTE: The bound Annotation Module value set is extensible. New annotation programs are being developed and old programs are being upodated/revised, meaning some annotation modules are outside the value set.","designation":[{"use":{"system":"http://terminology.hl7.org/CodeSystem/hl7TermMaintInfra","code":"preferredForLanguage"},"value":"Genomic Annotation"}]},{"code":"functional-effect","display":"Functional Effect","definition":"The effect of a variant on downstream biological products or pathways (from Sequence Ontology).","designation":[{"use":{"system":"http://terminology.hl7.org/CodeSystem/hl7TermMaintInfra","code":"preferredForLanguage"},"value":"Functional Effect"}]},{"code":"conclusion-string","display":"Conclusion Text","definition":"Clinical conclusion (interpretation) of the observation.","designation":[{"use":{"system":"http://terminology.hl7.org/CodeSystem/hl7TermMaintInfra","code":"preferredForLanguage"},"value":"Conclusion Text"}]},{"code":"condition-inheritance","display":"Condition Inheritance","definition":"The transmission pattern of the condition/phenotype in a pedigree.","designation":[{"use":{"system":"http://terminology.hl7.org/CodeSystem/hl7TermMaintInfra","code":"preferredForLanguage"},"value":"Condition Inheritance"}]},{"code":"variant-confidence-status","display":"Variant Confidence Status","definition":"The confidence of a true positive variant call.","designation":[{"use":{"system":"http://terminology.hl7.org/CodeSystem/hl7TermMaintInfra","code":"preferredForLanguage"},"value":"Variant Confidence Status"}]},{"code":"repeat-motif","display":"Repeat Expansion Motif","definition":"Nucleotides of a repeat expansion motif.","designation":[{"use":{"system":"http://terminology.hl7.org/CodeSystem/hl7TermMaintInfra","code":"preferredForLanguage"},"value":"Repeat Expansion Motif"}]},{"code":"repeat-number","display":"Number of Repeat Expansions","definition":"Number of repeats of a repeat expansion.","designation":[{"use":{"system":"http://terminology.hl7.org/CodeSystem/hl7TermMaintInfra","code":"preferredForLanguage"},"value":"Number of Repeat Expansions"}]},{"code":"biomarker-category","display":"A characterization of a given biomarker observation.","designation":[{"use":{"system":"http://terminology.hl7.org/CodeSystem/hl7TermMaintInfra","code":"preferredForLanguage"},"value":"A characterization of a given biomarker observation."}]},{"code":"protein-ref-seq","display":"An identifier for the protein reference sequence.","designation":[{"use":{"system":"http://terminology.hl7.org/CodeSystem/hl7TermMaintInfra","code":"preferredForLanguage"},"value":"An identifier for the protein reference sequence."}]},{"code":"conservation-score","display":"Conservation Score","definition":"The conservation score calculated","designation":[{"use":{"system":"http://terminology.hl7.org/CodeSystem/hl7TermMaintInfra","code":"preferredForLanguage"},"value":"Conservation Score"}]},{"code":"annotation-pipeline","display":"Annotation Pipeline","definition":"The name of the data pipeline that processed the genomic data file","designation":[{"use":{"system":"http://terminology.hl7.org/CodeSystem/hl7TermMaintInfra","code":"preferredForLanguage"},"value":"Annotation Pipeline"}]},{"code":"knowledge-base","display":"Knowledge Base","definition":"The database from which the annotation is derived","designation":[{"use":{"system":"http://terminology.hl7.org/CodeSystem/hl7TermMaintInfra","code":"preferredForLanguage"},"value":"Knowledge Base"}]}]}