{"resourceType":"CodeSystem","id":"loinc-codes-cs","text":{"status":"generated","div":"<div xmlns=\"http://www.w3.org/1999/xhtml\"><p class=\"res-header-id\"><b>Generated Narrative: CodeSystem loinc-codes-cs</b></p><a name=\"loinc-codes-cs\"> </a><a name=\"hcloinc-codes-cs\"> </a><p>This case-sensitive code system <code>http://loinc.org</code> defines the following codes:</p><table class=\"codes\"><tr><td style=\"white-space:nowrap\"><b>Code</b></td><td><b>Display</b></td><td><b>Definition</b></td></tr><tr><td style=\"white-space:nowrap\">69548-6<a name=\"loinc-codes-cs-69548-6\"> </a></td><td>Genetic variant assessment</td><td>Genetic variant assessment</td></tr><tr><td style=\"white-space:nowrap\">LA9633-4<a name=\"loinc-codes-cs-LA9633-4\"> </a></td><td>Present</td><td>Present</td></tr><tr><td style=\"white-space:nowrap\">81290-9<a name=\"loinc-codes-cs-81290-9\"> </a></td><td>Genomic DNA change (gHGVS)</td><td>Genomic DNA change (gHGVS)</td></tr><tr><td style=\"white-space:nowrap\">48004-6<a name=\"loinc-codes-cs-48004-6\"> </a></td><td>DNA change (c.HGVS)</td><td>DNA change (c.HGVS)</td></tr><tr><td style=\"white-space:nowrap\">48005-3<a name=\"loinc-codes-cs-48005-3\"> </a></td><td>Protein (Amino Acid) Change - pHGVS</td><td>Protein (Amino Acid) Change - pHGVS</td></tr><tr><td style=\"white-space:nowrap\">48013-7<a name=\"loinc-codes-cs-48013-7\"> </a></td><td>Genomic reference sequence [ID]</td><td>Genomic reference sequence [ID]</td></tr><tr><td style=\"white-space:nowrap\">51958-7<a name=\"loinc-codes-cs-51958-7\"> </a></td><td>Transcript reference sequence [ID]</td><td>Transcript reference sequence [ID]</td></tr><tr><td style=\"white-space:nowrap\">82121-5<a name=\"loinc-codes-cs-82121-5\"> </a></td><td>Allelic read depth</td><td>Allelic read depth</td></tr><tr><td style=\"white-space:nowrap\">81254-5<a name=\"loinc-codes-cs-81254-5\"> </a></td><td>Variant exact start-end</td><td>Variant exact start-end</td></tr><tr><td style=\"white-space:nowrap\">92252-6<a name=\"loinc-codes-cs-92252-6\"> </a></td><td>Microorganism molecular resistance panel by Molecular genetics method</td><td/></tr><tr><td style=\"white-space:nowrap\">89484-0<a name=\"loinc-codes-cs-89484-0\"> </a></td><td>Amikacin [Susceptibility] by Genotype method</td><td>Amikacin [Susceptibility] by Genotype method</td></tr><tr><td style=\"white-space:nowrap\">89481-6<a name=\"loinc-codes-cs-89481-6\"> </a></td><td>Gentamicin [Susceptibility] by Genotype method</td><td>Gentamicin [Susceptibility] by Genotype method</td></tr><tr><td style=\"white-space:nowrap\">18996-9<a name=\"loinc-codes-cs-18996-9\"> </a></td><td>Tobramycin [Susceptibility]</td><td>Tobramycin [Susceptibility]</td></tr><tr><td style=\"white-space:nowrap\">89482-4<a name=\"loinc-codes-cs-89482-4\"> </a></td><td>Kanamycin [Susceptibility] by Genotype method</td><td>Kanamycin [Susceptibility] by Genotype method</td></tr><tr><td style=\"white-space:nowrap\">32373-3<a name=\"loinc-codes-cs-32373-3\"> </a></td><td>Arbekacin [Susceptibility]</td><td>Arbekacin [Susceptibility]</td></tr><tr><td style=\"white-space:nowrap\">18979-5<a name=\"loinc-codes-cs-18979-5\"> </a></td><td>Sisomicin [Susceptibility]</td><td>Sisomicin [Susceptibility]</td></tr><tr><td style=\"white-space:nowrap\">32381-6<a name=\"loinc-codes-cs-32381-6\"> </a></td><td>Isepamicin [Susceptibility]</td><td>Isepamicin [Susceptibility]</td></tr><tr><td style=\"white-space:nowrap\">96114-4<a name=\"loinc-codes-cs-96114-4\"> </a></td><td>Streptomycin [Susceptibility] by Genotype method</td><td>Streptomycin [Susceptibility] by Genotype method</td></tr><tr><td style=\"white-space:nowrap\">18980-3<a name=\"loinc-codes-cs-18980-3\"> </a></td><td>Spectinomycin [Susceptibility]</td><td>Spectinomycin [Susceptibility]</td></tr><tr><td style=\"white-space:nowrap\">18861-5<a name=\"loinc-codes-cs-18861-5\"> </a></td><td>Amoxicillin [Susceptibility]</td><td>Amoxicillin [Susceptibility]</td></tr><tr><td style=\"white-space:nowrap\">18862-3<a name=\"loinc-codes-cs-18862-3\"> </a></td><td>Amoxicillin+Clavulanate [Susceptibility]</td><td>Amoxicillin+Clavulanate [Susceptibility]</td></tr><tr><td style=\"white-space:nowrap\">18864-9<a name=\"loinc-codes-cs-18864-9\"> </a></td><td>Ampicillin [Susceptibility]</td><td>Ampicillin [Susceptibility]</td></tr><tr><td style=\"white-space:nowrap\">18868-0<a name=\"loinc-codes-cs-18868-0\"> </a></td><td>Aztreonam [Susceptibility]</td><td>Aztreonam [Susceptibility]</td></tr><tr><td style=\"white-space:nowrap\">18879-7<a name=\"loinc-codes-cs-18879-7\"> </a></td><td>Cefepime [Susceptibility]</td><td>Cefepime [Susceptibility]</td></tr><tr><td style=\"white-space:nowrap\">18886-2<a name=\"loinc-codes-cs-18886-2\"> </a></td><td>Cefotaxime [Susceptibility]</td><td>Cefotaxime [Susceptibility]</td></tr><tr><td style=\"white-space:nowrap\">18888-8<a name=\"loinc-codes-cs-18888-8\"> </a></td><td>cefOXitin [Susceptibility]</td><td>cefOXitin [Susceptibility]</td></tr><tr><td style=\"white-space:nowrap\">18893-8<a name=\"loinc-codes-cs-18893-8\"> </a></td><td>cefTAZidime [Susceptibility]</td><td>cefTAZidime [Susceptibility]</td></tr><tr><td style=\"white-space:nowrap\">18895-3<a name=\"loinc-codes-cs-18895-3\"> </a></td><td>cefTRIAXone [Susceptibility]</td><td>cefTRIAXone [Susceptibility]</td></tr><tr><td style=\"white-space:nowrap\">35802-8<a name=\"loinc-codes-cs-35802-8\"> </a></td><td>Ertapenem [Susceptibility]</td><td>Ertapenem [Susceptibility]</td></tr><tr><td style=\"white-space:nowrap\">18932-4<a name=\"loinc-codes-cs-18932-4\"> </a></td><td>Imipenem [Susceptibility]</td><td>Imipenem [Susceptibility]</td></tr><tr><td style=\"white-space:nowrap\">18943-1<a name=\"loinc-codes-cs-18943-1\"> </a></td><td>Meropenem [Susceptibility]</td><td>Meropenem [Susceptibility]</td></tr><tr><td style=\"white-space:nowrap\">18969-6<a name=\"loinc-codes-cs-18969-6\"> </a></td><td>Piperacillin [Susceptibility]</td><td>Piperacillin [Susceptibility]</td></tr><tr><td style=\"white-space:nowrap\">18970-4<a name=\"loinc-codes-cs-18970-4\"> </a></td><td>Piperacillin+Tazobactam [Susceptibility]</td><td>Piperacillin+Tazobactam [Susceptibility]</td></tr><tr><td style=\"white-space:nowrap\">18994-4<a name=\"loinc-codes-cs-18994-4\"> </a></td><td>Ticarcillin [Susceptibility]</td><td>Ticarcillin [Susceptibility]</td></tr><tr><td style=\"white-space:nowrap\">18995-1<a name=\"loinc-codes-cs-18995-1\"> </a></td><td>Ticarcillin+Clavulanate [Susceptibility]</td><td>Ticarcillin+Clavulanate [Susceptibility]</td></tr><tr><td style=\"white-space:nowrap\">18900-1<a name=\"loinc-codes-cs-18900-1\"> </a></td><td>Cephalothin [Susceptibility]</td><td>Cephalothin [Susceptibility]</td></tr><tr><td style=\"white-space:nowrap\">25596-8<a name=\"loinc-codes-cs-25596-8\"> </a></td><td>Fosfomycin [Susceptibility]</td><td>Fosfomycin [Susceptibility]</td></tr><tr><td style=\"white-space:nowrap\">18903-5<a name=\"loinc-codes-cs-18903-5\"> </a></td><td>Chloramphenicol [Susceptibility]</td><td>Chloramphenicol [Susceptibility]</td></tr><tr><td style=\"white-space:nowrap\">18906-8<a name=\"loinc-codes-cs-18906-8\"> </a></td><td>Ciprofloxacin [Susceptibility]</td><td>Ciprofloxacin [Susceptibility]</td></tr><tr><td style=\"white-space:nowrap\">18985-2<a name=\"loinc-codes-cs-18985-2\"> </a></td><td>Sulfamethoxazole [Susceptibility]</td><td>Sulfamethoxazole [Susceptibility]</td></tr><tr><td style=\"white-space:nowrap\">18917-5<a name=\"loinc-codes-cs-18917-5\"> </a></td><td>Doxycycline [Susceptibility]</td><td>Doxycycline [Susceptibility]</td></tr><tr><td style=\"white-space:nowrap\">18993-6<a name=\"loinc-codes-cs-18993-6\"> </a></td><td>Tetracycline [Susceptibility]</td><td>Tetracycline [Susceptibility]</td></tr><tr><td style=\"white-space:nowrap\">18997-7<a name=\"loinc-codes-cs-18997-7\"> </a></td><td>Trimethoprim [Susceptibility]</td><td>Trimethoprim [Susceptibility]</td></tr><tr><td style=\"white-space:nowrap\">89487-3<a name=\"loinc-codes-cs-89487-3\"> </a></td><td>Fluoroquinolone [Susceptibility] by Genotype method</td><td>Fluoroquinolone [Susceptibility] by Genotype method</td></tr><tr><td style=\"white-space:nowrap\">88462-7<a name=\"loinc-codes-cs-88462-7\"> </a></td><td>Carbapenem [Susceptibility]</td><td>Carbapenem [Susceptibility]</td></tr><tr><td style=\"white-space:nowrap\">89486-5<a name=\"loinc-codes-cs-89486-5\"> </a></td><td>Mycobacterial susceptibility panel Qualitative by Genotype method</td><td>Mycobacterial susceptibility panel Qualitative by Genotype method</td></tr><tr><td style=\"white-space:nowrap\">614-8<a name=\"loinc-codes-cs-614-8\"> </a></td><td>Mycobacterial strain [Type] in Isolate by Mycobacterial subtyping</td><td>Mycobacterial strain [Type] in Isolate by Mycobacterial subtyping</td></tr><tr><td style=\"white-space:nowrap\">89489-9<a name=\"loinc-codes-cs-89489-9\"> </a></td><td>rifAMPin [Susceptibility] by Genotype method</td><td>rifAMPin [Susceptibility] by Genotype method</td></tr><tr><td style=\"white-space:nowrap\">89488-1<a name=\"loinc-codes-cs-89488-1\"> </a></td><td>Isoniazid [Susceptibility] by Genotype method</td><td>Isoniazid [Susceptibility] by Genotype method</td></tr><tr><td style=\"white-space:nowrap\">89491-5<a name=\"loinc-codes-cs-89491-5\"> </a></td><td>Ethambutol [Susceptibility] by Genotype method</td><td>Ethambutol [Susceptibility] by Genotype method</td></tr><tr><td style=\"white-space:nowrap\">92242-7<a name=\"loinc-codes-cs-92242-7\"> </a></td><td>Pyrazinamide [Susceptibility] by Genotype method</td><td>Pyrazinamide [Susceptibility] by Genotype method</td></tr><tr><td style=\"white-space:nowrap\">96112-8<a name=\"loinc-codes-cs-96112-8\"> </a></td><td>Moxifloxacin [Susceptibility] by Genotype method</td><td>Moxifloxacin [Susceptibility] by Genotype method</td></tr><tr><td style=\"white-space:nowrap\">20629-2<a name=\"loinc-codes-cs-20629-2\"> </a></td><td>levoFLOXacin [Susceptibility]</td><td>levoFLOXacin [Susceptibility]</td></tr><tr><td style=\"white-space:nowrap\">96107-8<a name=\"loinc-codes-cs-96107-8\"> </a></td><td>Bedaquiline [Susceptibility] by Genotype method</td><td>Bedaquiline [Susceptibility] by Genotype method</td></tr><tr><td style=\"white-space:nowrap\">96109-4<a name=\"loinc-codes-cs-96109-4\"> </a></td><td>Delamanid [Susceptibility] by Genotype method</td><td>Delamanid [Susceptibility] by Genotype method</td></tr><tr><td style=\"white-space:nowrap\">93850-6<a name=\"loinc-codes-cs-93850-6\"> </a></td><td>Pretomanid [Susceptibility]</td><td>Pretomanid [Susceptibility]</td></tr><tr><td style=\"white-space:nowrap\">96111-0<a name=\"loinc-codes-cs-96111-0\"> </a></td><td>Linezolid [Susceptibility] by Genotype method</td><td>Linezolid [Susceptibility] by Genotype method</td></tr><tr><td style=\"white-space:nowrap\">89483-2<a name=\"loinc-codes-cs-89483-2\"> </a></td><td>Capreomycin [Susceptibility] by Genotype method</td><td>Capreomycin [Susceptibility] by Genotype method</td></tr><tr><td style=\"white-space:nowrap\">96108-6<a name=\"loinc-codes-cs-96108-6\"> </a></td><td>Clofazimine [Susceptibility] by Genotype method</td><td>Clofazimine [Susceptibility] by Genotype method</td></tr><tr><td style=\"white-space:nowrap\">96110-2<a name=\"loinc-codes-cs-96110-2\"> </a></td><td>Ethionamide [Susceptibility] by Genotype method</td><td>Ethionamide [Susceptibility] by Genotype method</td></tr><tr><td style=\"white-space:nowrap\">23629-9<a name=\"loinc-codes-cs-23629-9\"> </a></td><td>Para aminosalicylate [Susceptibility]</td><td>Para aminosalicylate [Susceptibility]</td></tr><tr><td style=\"white-space:nowrap\">103959-3<a name=\"loinc-codes-cs-103959-3\"> </a></td><td>cycloSERINE [Susceptibility] by Genotype method</td><td>cycloSERINE [Susceptibility] by Genotype method</td></tr><tr><td style=\"white-space:nowrap\">LA24225-7<a name=\"loinc-codes-cs-LA24225-7\"> </a></td><td>Susceptible</td><td>Susceptible</td></tr><tr><td style=\"white-space:nowrap\">LA6676-6<a name=\"loinc-codes-cs-LA6676-6\"> </a></td><td>Resistant</td><td>Resistant</td></tr><tr><td style=\"white-space:nowrap\">81247-9<a name=\"loinc-codes-cs-81247-9\"> </a></td><td>Master HL7 genetic variant reporting panel</td><td>Master HL7 genetic variant reporting panel</td></tr></table></div>"},"url":"http://loinc.org","version":"0.1.0","name":"LOINCCodesCS","title":"LOINC Codes Collection","status":"draft","experimental":false,"date":"2026-02-05T14:03:15+07:00","publisher":"Diana Wijayanti","contact":[{"name":"Diana Wijayanti","telecom":[{"system":"url","value":"https://github.com/hi-dinanti"}]}],"description":"Collection of LOINC codes used in the system","caseSensitive":true,"content":"complete","count":65,"concept":[{"code":"69548-6","display":"Genetic variant assessment","definition":"Genetic variant assessment"},{"code":"LA9633-4","display":"Present","definition":"Present"},{"code":"81290-9","display":"Genomic DNA change (gHGVS)","definition":"Genomic DNA change (gHGVS)"},{"code":"48004-6","display":"DNA change (c.HGVS)","definition":"DNA change (c.HGVS)"},{"code":"48005-3","display":"Protein (Amino Acid) Change - pHGVS","definition":"Protein (Amino Acid) Change - pHGVS"},{"code":"48013-7","display":"Genomic reference sequence [ID]","definition":"Genomic reference sequence [ID]"},{"code":"51958-7","display":"Transcript reference sequence [ID]","definition":"Transcript reference sequence [ID]"},{"code":"82121-5","display":"Allelic read depth","definition":"Allelic read depth"},{"code":"81254-5","display":"Variant exact start-end","definition":"Variant exact start-end"},{"code":"92252-6","display":"Microorganism molecular resistance panel by Molecular genetics method"},{"code":"89484-0","display":"Amikacin [Susceptibility] by Genotype method","definition":"Amikacin [Susceptibility] by Genotype method"},{"code":"89481-6","display":"Gentamicin [Susceptibility] by Genotype method","definition":"Gentamicin [Susceptibility] by Genotype method"},{"code":"18996-9","display":"Tobramycin [Susceptibility]","definition":"Tobramycin [Susceptibility]"},{"code":"89482-4","display":"Kanamycin [Susceptibility] by Genotype method","definition":"Kanamycin [Susceptibility] by Genotype method"},{"code":"32373-3","display":"Arbekacin [Susceptibility]","definition":"Arbekacin [Susceptibility]"},{"code":"18979-5","display":"Sisomicin [Susceptibility]","definition":"Sisomicin [Susceptibility]"},{"code":"32381-6","display":"Isepamicin [Susceptibility]","definition":"Isepamicin [Susceptibility]"},{"code":"96114-4","display":"Streptomycin [Susceptibility] by Genotype method","definition":"Streptomycin [Susceptibility] by Genotype method"},{"code":"18980-3","display":"Spectinomycin [Susceptibility]","definition":"Spectinomycin [Susceptibility]"},{"code":"18861-5","display":"Amoxicillin [Susceptibility]","definition":"Amoxicillin [Susceptibility]"},{"code":"18862-3","display":"Amoxicillin+Clavulanate [Susceptibility]","definition":"Amoxicillin+Clavulanate [Susceptibility]"},{"code":"18864-9","display":"Ampicillin [Susceptibility]","definition":"Ampicillin [Susceptibility]"},{"code":"18868-0","display":"Aztreonam [Susceptibility]","definition":"Aztreonam [Susceptibility]"},{"code":"18879-7","display":"Cefepime [Susceptibility]","definition":"Cefepime [Susceptibility]"},{"code":"18886-2","display":"Cefotaxime [Susceptibility]","definition":"Cefotaxime [Susceptibility]"},{"code":"18888-8","display":"cefOXitin [Susceptibility]","definition":"cefOXitin [Susceptibility]"},{"code":"18893-8","display":"cefTAZidime [Susceptibility]","definition":"cefTAZidime [Susceptibility]"},{"code":"18895-3","display":"cefTRIAXone [Susceptibility]","definition":"cefTRIAXone [Susceptibility]"},{"code":"35802-8","display":"Ertapenem [Susceptibility]","definition":"Ertapenem [Susceptibility]"},{"code":"18932-4","display":"Imipenem [Susceptibility]","definition":"Imipenem [Susceptibility]"},{"code":"18943-1","display":"Meropenem [Susceptibility]","definition":"Meropenem [Susceptibility]"},{"code":"18969-6","display":"Piperacillin [Susceptibility]","definition":"Piperacillin [Susceptibility]"},{"code":"18970-4","display":"Piperacillin+Tazobactam [Susceptibility]","definition":"Piperacillin+Tazobactam [Susceptibility]"},{"code":"18994-4","display":"Ticarcillin [Susceptibility]","definition":"Ticarcillin [Susceptibility]"},{"code":"18995-1","display":"Ticarcillin+Clavulanate [Susceptibility]","definition":"Ticarcillin+Clavulanate [Susceptibility]"},{"code":"18900-1","display":"Cephalothin [Susceptibility]","definition":"Cephalothin [Susceptibility]"},{"code":"25596-8","display":"Fosfomycin [Susceptibility]","definition":"Fosfomycin [Susceptibility]"},{"code":"18903-5","display":"Chloramphenicol [Susceptibility]","definition":"Chloramphenicol [Susceptibility]"},{"code":"18906-8","display":"Ciprofloxacin [Susceptibility]","definition":"Ciprofloxacin [Susceptibility]"},{"code":"18985-2","display":"Sulfamethoxazole [Susceptibility]","definition":"Sulfamethoxazole [Susceptibility]"},{"code":"18917-5","display":"Doxycycline [Susceptibility]","definition":"Doxycycline [Susceptibility]"},{"code":"18993-6","display":"Tetracycline [Susceptibility]","definition":"Tetracycline [Susceptibility]"},{"code":"18997-7","display":"Trimethoprim [Susceptibility]","definition":"Trimethoprim [Susceptibility]"},{"code":"89487-3","display":"Fluoroquinolone [Susceptibility] by Genotype method","definition":"Fluoroquinolone [Susceptibility] by Genotype method"},{"code":"88462-7","display":"Carbapenem [Susceptibility]","definition":"Carbapenem [Susceptibility]"},{"code":"89486-5","display":"Mycobacterial susceptibility panel Qualitative by Genotype method","definition":"Mycobacterial susceptibility panel Qualitative by Genotype method"},{"code":"614-8","display":"Mycobacterial strain [Type] in Isolate by Mycobacterial subtyping","definition":"Mycobacterial strain [Type] in Isolate by Mycobacterial subtyping"},{"code":"89489-9","display":"rifAMPin [Susceptibility] by Genotype method","definition":"rifAMPin [Susceptibility] by Genotype method"},{"code":"89488-1","display":"Isoniazid [Susceptibility] by Genotype method","definition":"Isoniazid [Susceptibility] by Genotype method"},{"code":"89491-5","display":"Ethambutol [Susceptibility] by Genotype method","definition":"Ethambutol [Susceptibility] by Genotype method"},{"code":"92242-7","display":"Pyrazinamide [Susceptibility] by Genotype method","definition":"Pyrazinamide [Susceptibility] by Genotype method"},{"code":"96112-8","display":"Moxifloxacin [Susceptibility] by Genotype method","definition":"Moxifloxacin [Susceptibility] by Genotype method"},{"code":"20629-2","display":"levoFLOXacin [Susceptibility]","definition":"levoFLOXacin [Susceptibility]"},{"code":"96107-8","display":"Bedaquiline [Susceptibility] by Genotype method","definition":"Bedaquiline [Susceptibility] by Genotype method"},{"code":"96109-4","display":"Delamanid [Susceptibility] by Genotype method","definition":"Delamanid [Susceptibility] by Genotype method"},{"code":"93850-6","display":"Pretomanid [Susceptibility]","definition":"Pretomanid [Susceptibility]"},{"code":"96111-0","display":"Linezolid [Susceptibility] by Genotype method","definition":"Linezolid [Susceptibility] by Genotype method"},{"code":"89483-2","display":"Capreomycin [Susceptibility] by Genotype method","definition":"Capreomycin [Susceptibility] by Genotype method"},{"code":"96108-6","display":"Clofazimine [Susceptibility] by Genotype method","definition":"Clofazimine [Susceptibility] by Genotype method"},{"code":"96110-2","display":"Ethionamide [Susceptibility] by Genotype method","definition":"Ethionamide [Susceptibility] by Genotype method"},{"code":"23629-9","display":"Para aminosalicylate [Susceptibility]","definition":"Para aminosalicylate [Susceptibility]"},{"code":"103959-3","display":"cycloSERINE [Susceptibility] by Genotype method","definition":"cycloSERINE [Susceptibility] by Genotype method"},{"code":"LA24225-7","display":"Susceptible","definition":"Susceptible"},{"code":"LA6676-6","display":"Resistant","definition":"Resistant"},{"code":"81247-9","display":"Master HL7 genetic variant reporting panel","definition":"Master HL7 genetic variant reporting panel"}]}