{"resourceType":"ValueSet","id":"hgvs-vs","text":{"status":"generated","div":"<div xmlns=\"http://www.w3.org/1999/xhtml\"><p class=\"res-header-id\"><b>Generated Narrative: ValueSet hgvs-vs</b></p><a name=\"hgvs-vs\"> </a><a name=\"hchgvs-vs\"> </a><ul><li>Include all codes defined in <code>http://varnomen.hgvs.org</code><span title=\"Version is not explicitly stated. No matching Code System found\"> version Not Stated (use latest from terminology server)</span></li></ul></div>"},"url":"https://fhir.gsilab.id//ValueSet/hgvs-vs","version":"0.1.0","name":"HGVSVS","title":"Human Genome Variation Society (HGVS) Nomenclature","status":"draft","experimental":false,"date":"2026-02-05T14:03:15+07:00","publisher":"Diana Wijayanti","contact":[{"name":"Diana Wijayanti","telecom":[{"system":"url","value":"https://github.com/hi-dinanti"}]}],"description":"HGVS-nomenclature is used to report and exchange information regarding variants found in DNA, RNA and protein sequences and serves as an international standard. (source: varnomen.hgvs.org)","compose":{"include":[{"system":"http://varnomen.hgvs.org"}]}}