<?xml version="1.0" encoding="UTF-8"?><CodeSystem xmlns="http://hl7.org/fhir"><id value="ncbi-refseq-cs"/><text><status value="generated"/><div xmlns="http://www.w3.org/1999/xhtml"><p class="res-header-id"><b>Generated Narrative: CodeSystem ncbi-refseq-cs</b></p><a name="ncbi-refseq-cs"> </a><a name="hcncbi-refseq-cs"> </a><p>This case-sensitive code system <code>http://www.ncbi.nlm.nih.gov/refseq</code> defines the following codes:</p><table class="codes"><tr><td style="white-space:nowrap"><b>Code</b></td></tr></table></div></text><url value="http://www.ncbi.nlm.nih.gov/refseq"/><version value="0.1.0"/><name value="NCBIRefSeqCS"/><title value="NCBI RefSeq Codes"/><status value="draft"/><experimental value="false"/><date value="2026-02-05T14:03:15+07:00"/><publisher value="Diana Wijayanti"/><contact><name value="Diana Wijayanti"/><telecom><system value="url"/><value value="https://github.com/hi-dinanti"/></telecom></contact><description value="NCBI Reference Sequence codes"/><caseSensitive value="true"/><content value="complete"/></CodeSystem>