<?xml version="1.0" encoding="UTF-8"?><ValueSet xmlns="http://hl7.org/fhir"><id value="tbd-codes-vs"/><text><status value="generated"/><div xmlns="http://www.w3.org/1999/xhtml"><p class="res-header-id"><b>Generated Narrative: ValueSet tbd-codes-vs</b></p><a name="tbd-codes-vs"> </a><a name="hctbd-codes-vs"> </a><ul><li>Include all codes defined in <a href="CodeSystem-tbd-codes-cs.html"><code>http://hl7.org/fhir/uv/genomics-reporting/CodeSystem/tbd-codes-cs</code></a><span title="Version is not explicitly stated, which means it is fixed to the version provided in this specification"> version 📦0.1.0</span></li></ul></div></text><url value="https://fhir.gsilab.id//ValueSet/tbd-codes-vs"/><version value="0.1.0"/><name value="TBDCodesVS"/><title value="To Be Determined Value Set"/><status value="draft"/><experimental value="true"/><date value="2026-02-05T14:03:15+07:00"/><publisher value="Diana Wijayanti"/><contact><name value="Diana Wijayanti"/><telecom><system value="url"/><value value="https://github.com/hi-dinanti"/></telecom></contact><description value="Value Set for codes yet to be defined in LOINC"/><compose><include><system value="http://hl7.org/fhir/uv/genomics-reporting/CodeSystem/tbd-codes-cs"/></include></compose></ValueSet>