<?xml version="1.0" encoding="UTF-8"?><ValueSet xmlns="http://hl7.org/fhir"><id value="hgvs-vs"/><text><status value="generated"/><div xmlns="http://www.w3.org/1999/xhtml"><p class="res-header-id"><b>Generated Narrative: ValueSet hgvs-vs</b></p><a name="hgvs-vs"> </a><a name="hchgvs-vs"> </a><ul><li>Include all codes defined in <code>http://varnomen.hgvs.org</code><span title="Version is not explicitly stated. No matching Code System found"> version Not Stated (use latest from terminology server)</span></li></ul></div></text><url value="https://fhir.gsilab.id//ValueSet/hgvs-vs"/><version value="0.1.0"/><name value="HGVSVS"/><title value="Human Genome Variation Society (HGVS) Nomenclature"/><status value="draft"/><experimental value="false"/><date value="2026-02-05T14:03:15+07:00"/><publisher value="Diana Wijayanti"/><contact><name value="Diana Wijayanti"/><telecom><system value="url"/><value value="https://github.com/hi-dinanti"/></telecom></contact><description value="HGVS-nomenclature is used to report and exchange information regarding variants found in DNA, RNA and protein sequences and serves as an international standard. (source: varnomen.hgvs.org)"/><compose><include><system value="http://varnomen.hgvs.org"/></include></compose></ValueSet>