{
  "resourceType" : "Observation",
  "id" : "TB-Gene-Variant",
  "meta" : {
    "profile" : ["https://fhir.gsilab.id//StructureDefinition/variant",
    "http://hl7.org/fhir/uv/genomics-reporting/StructureDefinition/variant"],
    "tag" : [{
      "system" : "http://terminology.kemkes.go.id/sp",
      "code" : "genomics",
      "display" : "Genomics"
    }]
  },
  "text" : {
    "status" : "generated",
    "div" : "<div xmlns=\"http://www.w3.org/1999/xhtml\"><p class=\"res-header-id\"><b>Generated Narrative: Observation TB-Gene-Variant</b></p><a name=\"TB-Gene-Variant\"> </a><a name=\"hcTB-Gene-Variant\"> </a><div style=\"display: inline-block; background-color: #d9e0e7; padding: 6px; margin: 4px; border: 1px solid #8da1b4; border-radius: 5px; line-height: 60%\"><p style=\"margin-bottom: 0px\"/><p style=\"margin-bottom: 0px\">Profiles: <a href=\"StructureDefinition-variant.html\">Variant</a>, <a href=\"https://simplifier.net/resolve?scope=hl7.fhir.r4.id.core@0.1.0&amp;canonical=http://hl7.org/fhir/uv/genomics-reporting/StructureDefinition/variant\">http://hl7.org/fhir/uv/genomics-reporting/StructureDefinition/variant</a></p><p style=\"margin-bottom: 0px\">Tag: Genomics (Details: Kemkes Observation Category Codes code genomics = 'Genomics')</p></div><p><b>status</b>: Final</p><p><b>category</b>: <span title=\"Codes:{http://terminology.hl7.org/CodeSystem/observation-category laboratory}\">Laboratory</span>, <span title=\"Codes:{http://terminology.hl7.org/CodeSystem/v2-0074 GE}\">Genetics</span></p><p><b>code</b>: <span title=\"Codes:{http://loinc.org 69548-6}\">Genetic variant assessment</span></p><p><b>value</b>: <span title=\"Codes:{http://loinc.org LA9633-4}\">Present</span></p><blockquote><p><b>component</b></p><p><b>code</b>: <span title=\"Codes:{http://loinc.org 81290-9}\">Genomic DNA change (gHGVS)</span></p><p><b>value</b>: <span title=\"Codes:{https://varnomen.hgvs.org NC_000962.3:g.4013T&gt;C}\">NC_000962.3:g.4013T&gt;C</span></p></blockquote><blockquote><p><b>component</b></p><p><b>code</b>: <span title=\"Codes:{http://www.ncbi.nlm.nih.gov/refseq NC_000962.3}\">NC_000962.3</span></p><p><b>value</b>: <span title=\"Codes:{http://www.ncbi.nlm.nih.gov/refseq NC_000962.3}\">Mycobacterium tuberculosis H37Rv, complete genome</span></p></blockquote><blockquote><p><b>component</b></p><p><b>code</b>: <span title=\"Codes:{http://loinc.org 82121-5}\">Allelic read depth</span></p><p><b>value</b>: 190 reads per base pair<span style=\"background: LightGoldenRodYellow\"> (Details: UCUM  code[1] = '[1]')</span></p></blockquote><blockquote><p><b>component</b></p><p><b>code</b>: <span title=\"Codes:{http://loinc.org 81254-5}\">Variant exact start-end</span></p><p><b>value</b>: 4013-?</p></blockquote></div>"
  },
  "status" : "final",
  "category" : [{
    "coding" : [{
      "system" : "http://terminology.hl7.org/CodeSystem/observation-category",
      "code" : "laboratory",
      "display" : "Laboratory"
    }]
  },
  {
    "coding" : [{
      "system" : "http://terminology.hl7.org/CodeSystem/v2-0074",
      "code" : "GE",
      "display" : "Genetics"
    }]
  }],
  "code" : {
    "coding" : [{
      "system" : "http://loinc.org",
      "code" : "69548-6",
      "display" : "Genetic variant assessment"
    }]
  },
  "valueCodeableConcept" : {
    "coding" : [{
      "system" : "http://loinc.org",
      "code" : "LA9633-4",
      "display" : "Present"
    }],
    "text" : "Present"
  },
  "component" : [{
    "code" : {
      "coding" : [{
        "system" : "http://loinc.org",
        "code" : "81290-9",
        "display" : "Genomic DNA change (gHGVS)"
      }]
    },
    "valueCodeableConcept" : {
      "coding" : [{
        "system" : "https://varnomen.hgvs.org",
        "code" : "NC_000962.3:g.4013T>C",
        "display" : "NC_000962.3:g.4013T>C"
      }]
    }
  },
  {
    "code" : {
      "coding" : [{
        "system" : "http://www.ncbi.nlm.nih.gov/refseq",
        "code" : "NC_000962.3"
      }]
    },
    "valueCodeableConcept" : {
      "coding" : [{
        "system" : "http://www.ncbi.nlm.nih.gov/refseq",
        "code" : "NC_000962.3",
        "display" : "Mycobacterium tuberculosis H37Rv, complete genome"
      }]
    }
  },
  {
    "code" : {
      "coding" : [{
        "system" : "http://loinc.org",
        "code" : "82121-5",
        "display" : "Allelic read depth"
      }]
    },
    "valueQuantity" : {
      "value" : 190,
      "unit" : "reads per base pair",
      "system" : "http://unitsofmeasure.org",
      "code" : "[1]"
    }
  },
  {
    "code" : {
      "coding" : [{
        "system" : "http://loinc.org",
        "code" : "81254-5",
        "display" : "Variant exact start-end"
      }]
    },
    "valueRange" : {
      "low" : {
        "value" : 4013
      }
    }
  }]
}